product_id,product_category_name,avg_sold_price
489ae2aa008f021502940f251d4cce7f,utilidades_domesticas,6735.0
69c590f7ffc7bf8db97190b6cb6ed62e,pcs,6729.0
1bdf5e6731585cf01aa8169c7028d6ad,artes,6499.0
a6492cc69376c469ab6f61d8f44de961,eletroportateis,4799.0
c3ed642d592594bb648ff4a04cee2747,eletroportateis,4690.0
259037a6a41845e455183f89c5035f18,pcs,4590.0
a1beef8f3992dbd4cd8726796aa69c53,instrumentos_musicais,4399.87
6cdf8fc1d741c76586d8b6b15e9eef30,consoles_games,4099.99
6902c1962dd19d540807d0ab8fade5c6,relogios_presentes,3999.9
4ca7b91a31637bd24fb8e559d5e015e4,eletroportateis,3999.0
4c50dcc50f1512f46096d6ef0142c4a9,,3980.0
0563d4cc419141eab2e5b438046e844e,ferramentas_jardim,3930.0
0eb41884a8773e019708fb8409fd8347,bebes,3899.0
dd113cb02b2af9c8e5787e8f1f0722f6,esporte_lazer,3874.5
1953c4e517bc25739bc4223ede2ff5bc,relogios_presentes,3700.0
071930404657f7cd416f75bd063a9d4b,informatica_acessorios,3699.99
5e954c4ed342c50436d25d5f50a34919,pcs,3549.0
34f99d82cfc355d08d8db780d14aa002,pcs,3133.32
0c104824e973388d487c67a3d346e96d,beleza_saude,3124.0
17d98fc630d23a628ec1130f8d69d1d2,cool_stuff,3109.99
6e729bd456c54469a9af4c8774f1eab7,ferramentas_jardim,3105.0
6054d161235b97a4aaccea2a086d30b8,construcao_ferramentas_seguranca,3099.9
0cf5798cf0a69ca39b286d63dd5a9501,esporte_lazer,3099.0
7e53e051875b2a0c9f22acd8a9a29a20,industria_comercio_e_negocios,3089.0
cc1829caca1897ee76144ef20a32330f,esporte_lazer,2999.9
470433f95ba906e17efac3fce39e9ffd,informatica_acessorios,2999.89
2b69866f22de8dad69c976771daba91c,agro_industria_e_comercio,2990.0
a8bac9bc4001039c362db47eee5aee9a,informatica_acessorios,2951.0
797897e182469fff3c330560d2fc851f,beleza_saude,2899.0
27274145782d0048827cb28b7786323b,portateis_casa_forno_e_cafe,2899.0
817880704f1fcf911b4342385f701fc1,beleza_saude,2799.65
d7324d4c913e7b424cb61675dafc8c10,esporte_lazer,2799.0
44c7b85d371365e52230e2e0efb8e0d8,beleza_saude,2749.65
15151e8a937f6a4d1a4f0c03c765c6f2,ferramentas_jardim,2749.0
0e030462875259ec0cb868f7ecf1fd5e,,2740.0
e51071c4622d7a15494656e912c8d55b,relogios_presentes,2700.0
e63cb7bb4e916e643c1d4785da2b2846,beleza_saude,2699.0
3a1855685a49813f60e6193864f7215e,bebes,2699.0
cea7edf64d9e93fbf6b89cc3ba537cd9,ferramentas_jardim,2690.0
86999f823d7791c5796d506ae0ed44ea,ferramentas_jardim,2689.0
a233df9a388d27dbdfd31731d4236db0,informatica_acessorios,2649.99
1ed724b5e4b638eeb4bd3487d88b8f28,cool_stuff,2649.0
122bedead6e7541d311e6e0ab3cf248f,cool_stuff,2649.0
3ecf69ee1fe21cfd40b30cbea549e563,eletroportateis,2622.67
5263b67de8e3edbade45ea923f6c4e79,esporte_lazer,2600.0
1231bc5d1cab6d3f64357eba69240f63,ferramentas_jardim,2550.0
ab50aa8d9af0addb7f96149c8b8cee86,cool_stuff,2499.99
993ac19aa975075775c16ba15426f8be,informatica_acessorios,2499.75
8b502ca34e28d30605bc667b965b6abf,relogios_presentes,2499.45
2b9de6c892dd8bfb80322b1650d9904e,pet_shop,2498.0
0abc19e41fdc9d6894b8cae651619253,eletronicos,2458.2
a859dc323c1bebb21c887054599fccce,telefonia,2428.0
e9e425171123c1c10c30c2c7379b9544,relogios_presentes,2400.0
982cc4c1cdb785c9cb1f2e48c1e4f903,relogios_presentes,2400.0
ba58dd885694fa6a278aa4217365680a,instrumentos_musicais,2399.0
b7a60a397d4efd05c1b5d398fb9f9097,agro_industria_e_comercio,2399.0
9ce74f28b3b6dee34ad83b1ede956664,relogios_presentes,2399.0
a3cd9517ebf5a50dca25acce54f3b171,utilidades_domesticas,2338.08
ada6a9116c85d8e56232e0a4265d7db9,eletrodomesticos_2,2307.0
a319b66ab6cabbb2810942860c1c8a3c,construcao_ferramentas_construcao,2300.0
fdaed9f1261debbac5fc4459dc4fad1c,telefonia,2299.99
3db0b74faf0d26a6b252528659d6b849,cool_stuff,2299.95
2de5ba5ce28a5db125376077071370fd,cool_stuff,2299.95
fcd0a70961c103799897803f4e49c628,relogios_presentes,2299.0
d4d998605a20a7c575f53f6c8be0cde5,bebes,2288.0
628b17449083fb34688b2959b80bdecd,automotivo,2258.0
951aee2eea1136dd1f2cb63241c90ab7,beleza_saude,2249.0
18fcba7b80899b08132793f3a71ac9db,bebes,2218.0
df676834e2a38e1bf267bd85a2dc8e3a,relogios_presentes,2200.0
564a04f027fb97b53ca08464632db860,relogios_presentes,2200.0
14e9b59d37c1571b980c02e237a5d395,ferramentas_jardim,2200.0
1fa728d99803c8849b5c95cfeaf9b60c,pcs,2199.99
cd2f5c10e4e8dbc701f0bb68a09fdfe8,agro_industria_e_comercio,2199.0
6eefea74d72822573892405c674918e6,cool_stuff,2199.0
44612c61c35b16f7b7e88dadcebf096f,relogios_presentes,2199.0
d65575084607f3d226fb972abc1eb3ce,esporte_lazer,2170.0
ce99c3515272dee739f2d3eddae0f2cf,relogios_presentes,2150.0
12803e6c48756086227e39a8a2d2026b,cool_stuff,2139.99
1d7099ae41da8738fa29e4c51a5a492b,ferramentas_jardim,2130.0
7c7a6e88e5df5c4aa1d4526a833e59e7,informatica_acessorios,2120.39
cda8b19a05af621d957a97a979b6fa9a,bebes,2110.0
87feb07adc221a4c6cdf051ea1afd0ff,eletrodomesticos_2,2110.0
b0b727747746e677a470d0948bb68520,instrumentos_musicais,2109.9
bbff7e0ea95dd990ce461d8104ee9173,eletrodomesticos_2,2099.99
b59e3776fd0270273b8f6b1345e2f0fc,eletrodomesticos,2090.0
43d6624c213f21168ead351def0ad36a,automotivo,2090.0
bb3542bf40cc975720ee44d03fcf0cd8,eletrodomesticos_2,2070.0
b7550710491181180a97295a6b9faded,construcao_ferramentas_seguranca,2062.99
23e44bcf966914b366c7e28f13327dfe,ferramentas_jardim,2029.0
fd0065af7f09af4b82a0ca8f3eed1852,automotivo,1999.99
89ad4d91b311611f135ef67426267ffc,automotivo,1999.99
59af9f8790e7a3f82851c321f0e825bf,cama_mesa_banho,1999.98
fb10e89a4e9198e408db587983f3eb9e,relogios_presentes,1999.9
c5215dd0ebe57e26ec6025f1c4b42029,relogios_presentes,1999.9
843a502670c17eb4f8e7898bc2969be3,relogios_presentes,1999.9
58242a22820af7b54962e08f75d2cacf,relogios_presentes,1999.9
e245d0b2b8c02f14e840abef856cc149,informatica_acessorios,1999.0
acac295886c915b0bcb309cb4158c0a7,informatica_acessorios,1999.0
600add16084eeeead5c56279ccef0d7e,cool_stuff,1999.0
5183344b5357029cfd88c7f511ed876d,instrumentos_musicais,1999.0
463cdd8acfe23847f35e29076df0bbbd,relogios_presentes,1999.0
310806337e8a62be35203aa25d302b08,bebes,1999.0
8a12c0e223d9dbd49ccfcd2ad25d1b30,construcao_ferramentas_construcao,1998.0
ef854c7d98d5eba672287b0a9d37075b,instrumentos_musicais,1990.0
eed5cbd74fac3bd79b7c7ec95fa7507d,,1989.0
628cfb8a45c95a7b796ea06b006e9384,automotivo,1988.0
3a65f793b3e854ca1f31c6d7c636f117,informatica_acessorios,1980.0
486e577f635477c920c95e95dc243bc8,construcao_ferramentas_construcao,1970.0
74ab21b84ab4ccc188721da75b439526,market_place,1964.0
35f2f253dd0f52362515bb0394741a84,relogios_presentes,1949.9
09ff539a621711667c43eba6a3bd8466,bebes,1934.0
16c4e87b98a9370a9cbc3a4658a3f45b,instrumentos_musicais,1925.69
4abee1df902ca6e48fbe864fce3859bc,cama_mesa_banho,1914.58
3ff22524016b71a48fd1e5054632985c,cama_mesa_banho,1914.58
218bdd5d01fa000018c777fcc2bbfebd,eletroportateis,1899.05
eddb814fb553b6951f51b34c5f578ba0,agro_industria_e_comercio,1899.0
e91042dbe3df0b9887d7044968286f57,construcao_ferramentas_ferramentas,1899.0
67a1e52f1184a4ffecff3b0a80d00889,moveis_decoracao,1899.0
b7d35019c9f8e0eeff52b36a59eec8e8,eletroportateis,1890.0
9d65ba102eeefb2ee2284de1fdc3964d,automotivo,1890.0
10558db20f88e2b71f8dff4614f9e3bf,eletroportateis,1890.0
0433830caca22b01a0f477d31307b043,portateis_casa_forno_e_cafe,1884.71
752855b7d128a75a28fa2ea9341e51bc,automotivo,1880.0
4aa52adb5489aa151e17023d4e153297,pet_shop,1878.33
ba55945d930e34e802e5dd2e5cffdcc8,instrumentos_musicais,1858.01
ca6f1dddc138d9925f3a9b79dacbf1f5,relogios_presentes,1850.0
aaccb76bf4427c9196a531cb10a79458,beleza_saude,1850.0
5edfda97608b60c12ad5f3139d026bfb,eletronicos,1850.0
bd45d419cafca91f96772c2b59f0e0da,relogios_presentes,1849.9
b1e646eebd0f4d4e08092ed2c927f721,bebes,1849.0
1550a0fe151b511cb7cb327c55c865d3,bebes,1837.9
a9e9edb1bcac585bfbfa381ce40e5d99,ferramentas_jardim,1820.0
f71e81166f65ac9b5174e4630ab20615,ferramentas_jardim,1815.91
e48f857c5498e6408410be1fda8e0fe4,esporte_lazer,1800.0
d05d4a7430d1293367ba2ffbedcdef05,esporte_lazer,1799.0
64711ecc1a5700b2ca5fca7eafab7f3e,utilidades_domesticas,1799.0
3976c6466748442470251341eb6f92a3,pet_shop,1798.0
8a9405a507847ccf7d53141b2b16909d,instrumentos_musicais,1790.0
f520d24c6aa8c9b6e73e45517de7dad7,automotivo,1788.0
5ec9cc4e1217d387b9fedfa362b7bc24,automotivo,1788.0
d48c8d7a322bda722704d0ba7506e9a1,automotivo,1780.0
2b404a26ab8bb829250810315a2af34f,automotivo,1780.0
e213c4ab14d85a5a4a987bb6c543a952,esporte_lazer,1779.5
ca8abbdcac2d082a56ff54df35aec76a,instrumentos_musicais,1775.9
1c756cc8c5e3b4a2fcf83d1690f8084d,relogios_presentes,1775.0
c7b8e643fca22f6d8ec5f4b76b72e65f,beleza_saude,1750.0
19936fa4f614ee0590d3b77ac83fd648,telefonia_fixa,1743.33
821719b9a2288a792ba3ca0c9962f467,cama_mesa_banho,1740.0
569216db5e4a857c4056614de975617f,relogios_presentes,1725.0
48ec266dc99725679f820e6609801800,relogios_presentes,1704.97
cb5c020ae387a4159ee7bf98cf0c69ed,relogios_presentes,1700.0
1b01cabd433131aec917576c347f0dbd,relogios_presentes,1700.0
f0f34793b31e7353a0d77fed40bdb196,moveis_decoracao,1699.99
5b3f731080f509f8688f58810e9e13c2,fashion_bolsas_e_acessorios,1699.99
437ae72c066abf24996b52549bbb6432,industria_comercio_e_negocios,1699.99
beec9bc2305d3372fa3b3133ba3fd644,,1699.0
79f0638714bca6309431b53ecfdb4b54,informatica_acessorios,1699.0
f3f12eabcd090650146791b249f48880,esporte_lazer,1698.99
28a4dc65b49348e9de7f1aa7bfbabfd8,eletrodomesticos_2,1697.0
8c35dc99b37ba51780800ba049ed3616,papelaria,1693.0
eac79e5169f7190fc60b25f3e9bf21d7,pet_shop,1690.0
98d0e0ca6213edc063889593a2475e36,automotivo,1689.0
4d0322b5ddf89ce6a3564aca2e261a3a,ferramentas_jardim,1681.75
5769ef0a239114ac3a854af00df129e4,telefonia_fixa,1680.0
6bc9ae87edf6ad4063076624b8ad0268,relogios_presentes,1672.0
0466aacbd155769293483722a2e5bead,ferramentas_jardim,1670.0
650e39eebfbf781051ea573d02d0342a,instrumentos_musicais,1669.87
ee98d78ba152f752429f6bc86297841f,construcao_ferramentas_seguranca,1658.83
017e3ffa31fcd2f8061fa66a9e486381,relogios_presentes,1654.44
1a71a941d0691bd3d15ee51d5fb3b11b,relogios_presentes,1653.88
9a55374d155f754b8e04eea54625b358,relogios_presentes,1650.0
c6eea384e62b799e78267eaeea987eaa,bebes,1648.0
7fa573c197477e03953feaa1d44bf28b,bebes,1648.0
0ac4f23a50ad9369ab5d78b1f068f6d3,eletroportateis,1644.5
cb460986a447ed00da792526bf6189e4,esporte_lazer,1643.0
7f1c32fb404e8cd4b901a3347a96f66e,relogios_presentes,1625.0
6a3de1215846cd955a86490be42953d6,relogios_presentes,1623.9
f209a7348b00e6af70f314bbcd31ef31,esporte_lazer,1610.0
a3aab6d23ab543e36652264fce5ed7be,consoles_games,1609.9
f84ca2376ed799523593afad3bdae70f,eletronicos,1608.99
561bea95142a07c5a363216f47879cbe,brinquedos,1599.99
270205bec6114bb05c09ed724555eac0,relogios_presentes,1599.99
e7261ba9b589b73ac45411a15058403e,informatica_acessorios,1599.96
e74384c9363e768848854356a37c73f4,consoles_games,1599.0
b4436da747c3a53ab07ac0e71de17dcd,esporte_lazer,1599.0
a1d54bd2293d947527d70e04dbe2a93e,climatizacao,1599.0
8b67de5ab270587094f963bbed8b3d29,,1599.0
038e3a669bb495e56d9d609d874fb668,esporte_lazer,1599.0
76951acb34204078c0dc377dfc4233aa,beleza_saude,1597.35
d8655d4a43e4a9ac85575a5f9ef816b0,eletrodomesticos_2,1595.0
ce750e0c764699fb4564a06b4b8c295b,relogios_presentes,1591.2
ddb6b29657e50476a9698d4606bb6471,eletroportateis,1589.0
df0c26d7ddb998e2517658a55e46e48a,eletrodomesticos_2,1588.6
5be7a7ee7e822ab5e2001f21d96e48a2,eletrodomesticos_2,1558.0
3f1a72ca5261f897ba5ec6370f37151b,relogios_presentes,1534.9
c46a1855dd52a09f34d29d939a1fd975,construcao_ferramentas_construcao,1514.0
36af22070302e9864c747cfc1f76dce9,ferramentas_jardim,1510.0
00fd6afd95fe066db8433832180a5369,telefonia,1502.93
7070d77d89af4f2865ff26b1323312ed,moveis_decoracao,1501.5
a3b358d577875a8515f6d868c5a2662d,relogios_presentes,1500.0
869baca73d312aedff033dd09dc28168,automotivo,1500.0
602bd303d85e0e535a0767b9f1d85f91,automotivo,1499.99
19998f21eb0c32c91d5530613a490f41,relogios_presentes,1499.99
938e036a795cdacb18ed3c5a598f6cf0,portateis_casa_forno_e_cafe,1499.0
3648e11d15ee75fee70a690f89bc9100,ferramentas_jardim,1499.0
797db4aaf1d7db19f13d21423f07b8e1,automotivo,1490.0
27e90baf9d996277a5299e5d828be218,utilidades_domesticas,1489.0
d5dbb4d9ecbbf2e312169e4c8f1b57f0,agro_industria_e_comercio,1476.3
76ce2d2f67361c55ac7b28fc2f10dc8c,automotivo,1460.99
7546d3467dac963558951a5f7817a625,esporte_lazer,1460.0
c60da43ed0fc0f33c57242c2f631e99e,esporte_lazer,1459.0
b575098a6da9b81384a7df56314b7f70,ferramentas_jardim,1455.0
8db17861b9c5d161d08b81e8f9f4a4be,utilidades_domesticas,1449.8
dbf4588317c84ec9cde32b033de522e4,relogios_presentes,1449.5
ffdde3d63e889c9a9f9ec30d82a4c815,brinquedos,1449.0
705affd495e328b5af6d73bc403c6bcf,eletroportateis,1449.0
ba3fea9ec13fb882dda6c9e4295d9130,relogios_presentes,1442.45
b1035b3d307f0aeb6157fdd3e09f8119,telefonia,1423.39
47d52bb24ef8a3aa09724f00604be3ba,dvds_blu_ray,1420.0
c1fe1d0cdc60f0908dd825d2a096f85a,ferramentas_jardim,1415.0
588531f8ec37e7d5ff5b7b22ea0488f8,pcs,1414.6
3dbb89b55f4afdbd3e4230295a4cdfd1,relogios_presentes,1400.0
e6574cebbeb21c82802d3a0b682129b6,esporte_lazer,1399.99
e42ad1ff7ad0843110435858ec10a2c6,esporte_lazer,1399.99
c8e327c0df61bc66cdcf76a588c80154,telefonia_fixa,1399.99
c56fd76d4c3a8dacc3af588c1e06ff53,eletrodomesticos_2,1399.99
2dcff90bd6ccaf271aeed159a91f2958,beleza_saude,1399.9
11f7fe3e6faefffa90541a46c3a4398d,beleza_saude,1399.9
0b886cf92902bb5607b317a270f4dd4d,relogios_presentes,1399.9
55b8fd61c5b3198e5801450b75a656e7,relogios_presentes,1399.5
78fad3f4efdb56669eb01fbabfe93b44,relogios_presentes,1399.0
41b32e93d4f4db03491412efc40f3c91,relogios_presentes,1399.0
304a449e8addc14739c68d806a6d0a77,bebes,1399.0
d6160fb7873f184099d9bc95e30376af,pcs,1397.12
b944369f7fdafc891e06b47a372f7c45,utilidades_domesticas,1395.0
3589d24a1230be423827a1c139584dff,moveis_decoracao,1390.55
e56f102e763165e7e32d0f9955f8ee4a,pcs,1390.0
c779ecde09b3c3f75e0ed112fecd07c3,ferramentas_jardim,1390.0
c452ed78936fa240d56b35bc146be876,automotivo,1390.0
fda36cbf21cf89adaae228f08c1e4121,eletrodomesticos_2,1389.99
864413ca56c2bcea359a213956a922c0,automotivo,1383.23
933f4f76eae38d2a97ecfb7c6355f0bc,beleza_saude,1381.29
6d426dd1336e5a7d34470ae65bc68abf,telefonia_fixa,1380.0
2c7619bcea25989e443487d30e0aa25f,relogios_presentes,1375.0
27152d405eaca93403563ce6acfccfa6,relogios_presentes,1375.0
27dd6092aaf2627e39331ad9823b5ebf,relogios_presentes,1374.0
066bbc3a1363adc4d73e093aefd9363a,informatica_acessorios,1360.02
5fb0955cb683eb6f65a1f613e502eef5,agro_industria_e_comercio,1360.0
ae347727b83d554247d6cc36029a8392,beleza_saude,1359.0
8f211599d0cde9d8551a6984d758e1f4,utilidades_domesticas,1357.5
d9e4756491e0521cc3d0925d9d2bd0d9,instrumentos_musicais,1350.0
8d4e92265a16e69a1e1d76e67e46d72f,instrumentos_musicais,1350.0
86fb7ef6ee1ffa3832f09b1a1552e7e6,informatica_acessorios,1350.0
813e0977846de5206007de2bb18e44ba,brinquedos,1350.0
3877375bc8e2856da0375e2295d32360,relogios_presentes,1350.0
d568eba76717c34870be82a2e9a194cc,construcao_ferramentas_jardim,1349.9
c2f66da7257100a87b2d61fe2adf0535,beleza_saude,1349.78
add32d15ff7c76396b982686227d9553,relogios_presentes,1349.0
638bbb2a5e4f360b71f332ddfebfd672,construcao_ferramentas_construcao,1349.0
5cc37c2c2b8ea0c98010d1ee6028e45b,eletroportateis,1349.0
d1023459eada86bf4bb6804656cc4643,instrumentos_musicais,1335.0
cedc0a95516e84ab083db0319e55003f,automotivo,1332.5
8dba47f3d8e05cb5a5d260541143fd19,automotivo,1332.5
6ef77c360c5206f18e444f0d170a3a01,beleza_saude,1324.98
d248fe1e952b5b5d62572369cc23ac3c,relogios_presentes,1323.0
9ea4c0cee3567625c3b2dcff46ef152a,ferramentas_jardim,1322.64
5c97588998ff51dd072c59f19bed6c78,moveis_cozinha_area_de_servico_jantar_e_jardim,1320.0
5911ffedc1c50c813140e8a27035f2bf,beleza_saude,1319.9
53f92b0474f91fcb5bd188c6a8075c38,utilidades_domesticas,1313.0
0d1b16618de7d0c6143e934ea38619e0,automotivo,1312.0
e8bf29c4bfb2d46faeba76ed3db7f44f,eletroportateis,1309.99
2905bcccc19e845ff57663618d52febe,beleza_saude,1309.0
66e0e2eae7c7ea6eae5a004c80a22bc2,relogios_presentes,1300.52
f38ce47371f868581f8c2df4ffa47fb6,esporte_lazer,1299.99
de9305867467640bebc680708d43f27a,esporte_lazer,1299.99
d266bd54e60e0bc9c54c61541078cadc,construcao_ferramentas_construcao,1299.99
472a528b441c91f23491342237364565,informatica_acessorios,1299.99
e6ca601b0b9189e6471ccf0667985c9b,beleza_saude,1299.9
89f59eee27a6a49b9f0d887136c71cd4,beleza_saude,1299.65
ce045b0fd0fb3300b45effc7fb45012d,relogios_presentes,1299.0
7e775daffa00892bdd6b7672e05dd31d,relogios_presentes,1299.0
7cb009e2ae1cdf7d16e8fbf0255ba953,brinquedos,1299.0
633ab0ec23c18ed1b64356a25ea7b5bd,relogios_presentes,1298.9
edb124ed00c0f8105a1504abd169aabd,telefonia_fixa,1295.0
72ff94ec344eb61096393776f2f1ab8c,construcao_ferramentas_iluminacao,1290.0
25c609f360a2c4de3b112e3fd9a16a24,automotivo,1280.0
a5215a7a9f46c4185b12f38e9ddf2abc,pcs,1278.82
b3bcd6f54c943fecf8f51e0b988e5cc9,beleza_saude,1278.05
dec4cd5561ffdae063f94385555a5683,relogios_presentes,1275.0
9c4eeb196595cc056eb99a83f6ee3034,cama_mesa_banho,1269.1
90f86af7210af277623dc9d9b7efd909,bebes,1269.0
bc4cd4da98dd128c39bf0b8c2674032f,pcs,1264.68
df5032e775a51867fcd72f5b742f2f33,,1260.0
af751fe756699bddfce4fdd67242fc2a,informatica_acessorios,1260.0
d5536c1422144c4fc6fe001224b21ba8,moveis_decoracao,1259.0
bd9fca6bf4bdcbf4094d7bc11415dfe5,eletroportateis,1259.0
25292482a61cb3298df8dbe15ea69daf,beleza_saude,1254.65
ea000c74939d315d768282230f7c232d,relogios_presentes,1250.0
e7bca943d8e86d7b45c6d24634c55850,ferramentas_jardim,1250.0
c1afa44a5a60e2e7cf7280e57eba0597,ferramentas_jardim,1250.0
8af2faad4d636a6f4f1d465cda23268f,relogios_presentes,1250.0
38dcb9ae53c258cfba73583f9454d721,ferramentas_jardim,1250.0
35495b55cace6656e50bdc2b82f9d4bb,informatica_acessorios,1249.45
2d2294e3367e0514a129389d9da68670,cama_mesa_banho,1244.0
532d726c377c52885f53e10de9741d76,pet_shop,1240.0
4ef60b1f697ffec7b21fb506866496f6,pet_shop,1240.0
43cc8e4d981bc04b9d78b12e8a908d41,beleza_saude,1240.0
55042f58e0ee432416bab8ecdb8a84b4,construcao_ferramentas_seguranca,1235.99
ea1d59339533cb7f68f0319501d8e4d4,agro_industria_e_comercio,1234.0
bf7f941911c1e02d8dd6c637811b6127,fashion_bolsas_e_acessorios,1230.0
6def67bdc7378646b16c6efa3a78ba0b,industria_comercio_e_negocios,1230.0
a578af9e0a32506a9bd6239a50cf928b,telefonia,1224.99
cd74b22e441a1149c4b94faee78becbb,relogios_presentes,1221.03
1f8e6a79faf4326701aa4b07c0b955e1,telefonia,1209.0
f3783ff90631773bc67baf91edcbcb69,pcs,1200.0
f14aa2ba817ef24ccf7f99c0ccfab59a,relogios_presentes,1200.0
ace4686a281385c082500437e5e73b61,automotivo,1199.99
8abbebcdff5d78ce6bcafa077e5347ed,informatica_acessorios,1199.99
3cc4d754aa53f733c4141170236195ec,informatica_acessorios,1199.99
a57ab86297770909f4b2ab98b15bad66,moveis_decoracao,1199.95
4ec8f9faf220dfbee99dc36f001ac968,moveis_decoracao,1199.95
f22c9d6ce2431ff939aad39e026cc7ef,automotivo,1199.9
c98dbc2130cd3fb72c34211b31843bbb,relogios_presentes,1199.9
8ea2105f9dac119565ef0138ad05f6fb,relogios_presentes,1199.9
27535386be7362e36d9e78c2afb8c0e5,beleza_saude,1199.9
20332c1e41e427864b3561a657caaf0d,relogios_presentes,1199.9
b1981e2c01dadbfbc44f735b74c5038f,beleza_saude,1199.65
faa268ecc8a8434cb4ebee091b3222d6,eletronicos,1199.0
f2a7bb2516da405f550438e4cf82d06a,ferramentas_jardim,1199.0
f18e0f3757837733f36da5143ddccd73,beleza_saude,1199.0
db49506c4a19ed884c7df231e08c564f,moveis_decoracao,1199.0
90375e3ead4149e7ce79f04c8f6c0545,automotivo,1199.0
6a02077065f9af692480ab01fbff66d2,relogios_presentes,1199.0
3880d25d502b15b1de6fddc42ad1d67a,esporte_lazer,1199.0
2d4500a3d35334916c955b3c365dbefe,eletroportateis,1199.0
d46169ff14ef99286a176b5391a7a1c8,malas_acessorios,1197.9
a1507b98cd821fad51fcfa3e9a95e94e,malas_acessorios,1197.9
3c3c57f8884d5702b83ab9ff91dbbd50,malas_acessorios,1195.0
f7812bf540cb401d6419be55d3b68ce3,esporte_lazer,1190.0
e825296f31d087227f5fe6487557aaf7,eletrodomesticos,1190.0
ad5e26211dacf07063fac8864fb68e4f,esporte_lazer,1190.0
2f465f0f879ab88842042a85bac3a937,moveis_escritorio,1189.9
ba9eeef22d7f8d8ce64d99839cfdcee7,beleza_saude,1189.0
666a984f022bec9d8c30060c4bf355c7,informatica_acessorios,1189.0
e272c7b6c21c38e8ee510666a28460d4,informatica_acessorios,1187.0
cd5df6a3db7a3d064a55afd08289d762,agro_industria_e_comercio,1180.0
85e8e8aad6ad12d67c21300379760196,ferramentas_jardim,1177.33
a7c87b1bbdd51e0d68b0307cffd03d47,relogios_presentes,1175.0
a0245537bc3dfec325899fcd716f70cc,instrumentos_musicais,1175.0
a6b4a230f7ca939eb68485292f8b3389,relogios_presentes,1169.44
1957efa6b2babcb8552b5f3072108d41,cool_stuff,1169.0
7926c1689244625162673c66b4196371,bebes,1168.0
24dbd57bf68a29e64c462b88087b93ed,musica,1165.97
f9be994ca0d51259ddb5de1035bbd5b3,brinquedos,1164.9
18e41d0c2a7cac6a8d53d3fcc13da3c4,informatica_acessorios,1162.37
f9a1a72d4069bf9570e29b9c620bef07,,1159.0
15c8a0cce7382cf9029bfcb3998cfb7e,telefonia_fixa,1156.99
5d8c8b26726d0c5f8e2b47813a80dd89,instrumentos_musicais,1155.0
0c8862859cb952ee81428f80dc8140d9,ferramentas_jardim,1152.67
f734cc43e615be8b85d014e3c5b52a3b,beleza_saude,1150.0
cc7e60cc41c667212b37102362120438,utilidades_domesticas,1150.0
56bd2788c02b9ef90c6254dfb6ac257f,beleza_saude,1149.9
c6edce374ec89184d740f3e674add5f4,relogios_presentes,1149.5
2d9ea8e50b1cfa0b4e2678e63ffaf630,utilidades_domesticas,1149.0
256a9c364b75753b97bee410c9491ad8,utilidades_domesticas,1149.0
07ecfc5bd0d3ca496facedede13afb80,relogios_presentes,1144.5
c9d067f785507045799795719e6e6131,esporte_lazer,1141.0
a5d86c5969b4279aad7973985215a4e9,informatica_acessorios,1140.9
b665e36bb9b15abafbf0559d818c3da1,eletrodomesticos_2,1129.99
e12b3c9c9c2dd369393d99e021901220,eletronicos,1129.0
92157883fe5bfd9c6967c8738c03d590,instrumentos_musicais,1125.9
8b91b9d3fea3a20b5ab4ffa874fdb062,instrumentos_musicais,1122.0
9aedf557945e816d48539ee56293f860,pcs,1120.0
992febfbf97cf4180952fcc7954d139f,cool_stuff,1119.9
6611f79f541df026cb3828e97548f79b,relogios_presentes,1109.0
c53feca3e876804031ed4a4b48ac8f1e,pet_shop,1107.0
31993e6d68c0849b3547d2ca6b573a94,construcao_ferramentas_seguranca,1106.99
1e297be46cfe3e932c4faf1c0ae329a2,relogios_presentes,1105.0
7672caf32ffe6d56dfe58faf64a17c45,relogios_presentes,1104.44
2149e9d51d629c16ce77c0f14c887e01,esporte_lazer,1102.39
e5188da1834c44869e7f0b1b2c0b4c14,informatica_acessorios,1100.0
c4c428c423b8dfbfeae8ecd499d9a048,cama_mesa_banho,1100.0
5693b23d56b6c0708f4094e3d323de28,relogios_presentes,1100.0
bee3d6c79ae33673a922fc3d823673c3,automotivo,1099.99
24ddf42338b6b04dd8de20c2cbb7f78e,relogios_presentes,1099.99
1b5978db99f7114b364fa0a0123eda05,relogios_presentes,1099.99
bb5719addb75c18148e1b6aa91e3793f,relogios_presentes,1099.9
683cfdf77dfc3c305e4769968a854e10,moveis_escritorio,1099.9
e074a9475a45986522446e523ec06686,cool_stuff,1099.0
cf40e5e0674c8f74da58b2620de88ccc,relogios_presentes,1099.0
bdb0b11a36aed4d0d862a7037c838560,telefonia,1099.0
9f82fdef2a36bb15d22d70af1aedb3ce,ferramentas_jardim,1099.0
966b5d9192f75a085e72b4861e25b5df,esporte_lazer,1099.0
8bd66662b25462ac84d850fbb7e71f43,utilidades_domesticas,1099.0
7ae1a5d0600076501c7ff50c63938b48,construcao_ferramentas_ferramentas,1099.0
6a984aca8806747c09165b7767a3204e,cool_stuff,1099.0
4c973b1f6f4357bcdcd7598abe7912bc,utilidades_domesticas,1099.0
277acb101c00b04ed2eabf11a7285a7c,beleza_saude,1099.0
196b3e3000c77b282069397fb84686dc,bebes,1099.0
f69581741831e1dcd24e28e299ad36ff,eletroportateis,1098.0
6106cd1748e2686c10094695142f7346,casa_construcao,1097.99
bc297f26ff9d18614a6243eaeeb6ef9b,automotivo,1097.8
756eab67d3c0edae186c4617412c056b,beleza_saude,1095.65
bc805087d4afe16910733e594081ac29,cama_mesa_banho,1094.04
e91ff7c20ffce75705b28b2a7e7586f1,beleza_saude,1090.0
5eaa343860dc445b3fd43d1b682809fd,esporte_lazer,1090.0
1a0f5bca5c36a68073930270bb47e314,esporte_lazer,1089.0
a3174f2bfbbeca5734474d6046d76434,relogios_presentes,1086.76
7374fc6499912f1f91f7cc2bbddb0869,instrumentos_musicais,1085.99
69d3ff4f45d52d69e4b06760e0e154e2,instrumentos_musicais,1082.47
7ea73eb6e7e6ebb1113ba90f839b3402,informatica_acessorios,1079.99
9598cf61b14e74eb35b845609cca6712,telefonia,1079.9
34f7bddc98259b62a001644be7928e43,eletrodomesticos_2,1079.9
cc3181a81384b6fc34602d49cb6068a6,eletrodomesticos_2,1077.5
0a37e05528984f47c754837344732fbb,beleza_saude,1074.38
92c22a554e81bcc9dd5aa9824b1f510f,automotivo,1069.36
c5d12f312c344b2c60aad2155a3e6890,pet_shop,1069.0
ce7757befc6e69c9a3c2d7551ea423ce,construcao_ferramentas_construcao,1060.0
9c5cec867c62c0ec4674b002eb1c3e0c,eletrodomesticos,1054.0
4b2653088591de362e6ba85b4a474c75,cama_mesa_banho,1050.61
97c948ebc8c04b26b7bbb095d4228f2a,beleza_saude,1050.0
48c9b5b0aff66a99d74fbc6e2c600b33,beleza_saude,1050.0
46e24ce614899e36617e37ea1e4aa6ff,beleza_saude,1050.0
147df4d924f569e480fbd77099707f08,cool_stuff,1049.0
0546131238f7e9d6b5c24dbb5d8e3133,beleza_saude,1045.0
3d2e66b60f9f7e21c0dd52fced636d22,cool_stuff,1041.0
521ff66814fcd02e8ac29259c4feacb6,instrumentos_musicais,1039.97
11d73cb1179dc43858edd4ab0cea359d,relogios_presentes,1039.48
cce3ce6484896041ae3dafdd4308a39c,consoles_games,1039.43
1bad1f17e229af04d11a788ed2b3553f,instrumentos_musicais,1038.0
704e67b8c7ce855d8760c074b4530fb5,relogios_presentes,1029.99
4cce3fa9fee9eb2361e0b9bd32516958,construcao_ferramentas_construcao,1029.5
d06a11f0dc564e8f89ca5593252679b7,eletroportateis,1029.0
363a9f5b97bf194da23858be722a7aa5,construcao_ferramentas_construcao,1026.67
25c38557cf793876c5abdd5931f922db,bebes,1023.88
1909929bf0f282504162cf7e8290c4bd,esporte_lazer,1019.49
e02758c6570548237ebc9fe75b4701fb,esporte_lazer,1019.0
c7a3f1a7f9eef146cc499368b578b884,portateis_cozinha_e_preparadores_de_alimentos,1019.0
d35d1fa56f3c5a2777f5542a84a085dd,cool_stuff,1013.4
c72a1a8c3bbe15206d1880cedc7bd791,informatica_acessorios,1011.86
cf72ea5c0b07fa8213ced10ed9182597,utilidades_domesticas,1009.9
fd8a5b9a8a79d7ba0739d69be5dc5aa1,relogios_presentes,1007.5
8d807314723c710366fedb04a2b24508,informatica_acessorios,1005.63
c170e8de4edb5424cbd56ed64c288639,telefonia,1005.55
88b3956a8179086a0c985a39644ec47d,esporte_lazer,1001.0
66f7f8d449192024900375fad770d864,relogios_presentes,1000.0
54cf6855290fa84f4229157050027d5d,ferramentas_jardim,1000.0
f2260011ffd0ed4238e48fc8dc2319de,eletroportateis,999.99
c41394a593b75e8e4f3d1fb5e93e151e,esporte_lazer,999.99
6aa063e063f2ab982b471e58afe06d72,cama_mesa_banho,999.99
24bf010d82955430eeea5ed7643711c7,esporte_lazer,999.99
0ae7a3cd926fa82531a24891c2647b0b,esporte_lazer,999.99
00df6fc5f33cc3f7ceec4ec6337d9cd7,relogios_presentes,999.99
71eb412501d048544056785e00b1889a,cama_mesa_banho,999.98
cc3361c59c7af3bd862f41df044549e0,eletroportateis,999.9
bcac6651b527e7de1413038c0df100d7,relogios_presentes,999.9
a17923e795430dfd9d8e9d5bf444cee2,informatica_acessorios,999.9
3e6092cf0f56b9c78bcbd539157b9f70,,999.9
2ec5162658b1b4db8fc79e9fc88a0b1f,ferramentas_jardim,999.9
2b752ed328ea866e4721ca4e236a416c,moveis_cozinha_area_de_servico_jantar_e_jardim,999.9
c935bc1beb7be8accee684358fb0d47f,instrumentos_musicais,999.87
c8e85f0e77fc6b81698e9ea2269988fd,instrumentos_musicais,999.0
c8698ad7a93fd8f092d17b79ba8e392a,telefonia,999.0
c46340bc7e4d674d73196dfc202fb2cc,informatica_acessorios,999.0
87c070a9069fffd77616e3581d8d2ba1,esporte_lazer,999.0
7daeca72c6dc366e43753e5f9a9b1438,relogios_presentes,999.0
f4efad625ed5878a2e7589dfb31c747f,moveis_decoracao,998.9
e6baba6c7819d44817a76305e082d682,ferramentas_jardim,998.9
be7af429d53adfab190dacdaad6a1c9b,papelaria,998.9
5ca5d42f98d39aa421923c2fde2c1558,eletroportateis,998.0
66cde8f3b9280f5afd94cadfa029ea8f,esporte_lazer,995.0
dc861f18267cce21f3b70f9f7990b8ce,beleza_saude,990.0
da066b813a9bc3f4294eac9aa647c834,,990.0
c3eb7064c36408a9bfc77a42d6ab993c,beleza_saude,990.0
b44e238dee5686eb00c9130a613519b3,ferramentas_jardim,990.0
b1448ab856adbb8dc6ea2ba9489f555a,industria_comercio_e_negocios,990.0
a9b7d6445491f7108ce079d4f783dbf1,beleza_saude,990.0
9fa7e05ae5cddeb74ff2fe5046b742db,beleza_saude,990.0
823fbf290afe6e92a33834f5ca39e0f9,esporte_lazer,990.0
773d43a287d64831b05013a73a33f229,beleza_saude,990.0
07f7c5fe95aa4a3b8ea56a5119546939,beleza_saude,990.0
c183fd5d2abf05873fa6e1014ed9e06c,agro_industria_e_comercio,989.1
8b52d90d2e8716dad633486c6cc94ecf,telefonia,989.0
44a879f6d43c4750534a30dea1f6d804,relogios_presentes,982.0
d7f8b7443f6ae5796dabe493521a1e79,industria_comercio_e_negocios,980.9
6b0894fbd8143c541f3c40622d8a9603,ferramentas_jardim,980.0
ec31d2a17b299511e7c8627be9337b9b,bebes,979.0
4857ff66e2ef62d17140f60421cebaba,bebes,979.0
15c53c3819865dc1083cf45b3b888b43,relogios_presentes,979.0
06cd420a1b028388e0bf1f78daf20411,ferramentas_jardim,979.0
8250ed49c0929b233a405e3ece4ce328,casa_construcao,978.0
9d118acd4827f1c7eda7db5b70aa6116,informatica_acessorios,977.98
25d2c18566cb8238ee65ecb9ac0f701b,automotivo,975.0
ce710fd2f106cf7570a07aa47ee7395b,fashion_bolsas_e_acessorios,974.5
57c9362442482cd2451f2eabf468e532,relogios_presentes,970.83
c0325887115675bec470d41d2d601a7a,ferramentas_jardim,969.99
73c15f15e628e4ec389e0ed1cec48b15,cool_stuff,969.99
67a1dead9b9555dec71ee0a4dd82e155,cool_stuff,969.0
66f2a9b44099e193e02f633ef51755fb,construcao_ferramentas_iluminacao,969.0
407eeaa1c0dcd776f6c2ad41db4c62e5,telefonia,966.9
3b04dbc12a3fcaa8402b8dd2b3a909d7,ferramentas_jardim,964.0
732bd381ad09e530fe0a5f457d81becb,cool_stuff,963.0
09481a6dfe9eb590dc8b265b54dc4c97,informatica_acessorios,962.18
61d980017b9f55ac2451dbf0bdb849f2,moveis_escritorio,960.0
cde7eb02af6868b9904f1ea2c7fdfdc3,relogios_presentes,959.99
aae9610f8843fbe3931dadce56c0ac94,informatica_acessorios,958.99
bf3a3366c9e0b1f5e8de3447d79c19dd,pet_shop,955.0
a3aa0dac689c5cca6fa93f0f4b541abd,informatica_acessorios,955.0
cac8035fdb858496d8e1b60ba8907d24,consoles_games,949.99
5faf912b4044bad95a8c882863473ba5,relogios_presentes,949.99
4fee671ea459ebc96546523917e254a5,consoles_games,949.99
0a9b9a871ffaec6c0198334558a6c6a1,eletroportateis,949.99
48ceb46f15a81d0d872c973bfbe3055d,automotivo,949.9
009df2b0bc078648fc4f5898de8cabff,automotivo,949.9
97ac99fefa9cf4eb8f825136a89e8f40,telefonia,949.0
5d08ef63cf250136d1e5d2ba85656a8c,utilidades_domesticas,949.0
36e0d84a068074deed2e9b527917f468,fashion_bolsas_e_acessorios,949.0
ffd2365fb8224dc66883df9351d65deb,relogios_presentes,945.27
805bf2490cf3dfc00aa1ce921ffde7ef,informatica_acessorios,945.0
c89226b8a795ae3d6bca9d90b20dbf04,agro_industria_e_comercio,940.5
ea45888166c303ff6ffc0abfcb52822f,instrumentos_musicais,940.0
cb26d15d1b6eabaac7c0803774245884,esporte_lazer,938.14
98fe8fcab3c57495e05a61bf5946f2a0,beleza_saude,935.0
f3c179e260e0eeffbe02340259404cb1,agro_industria_e_comercio,934.94
d982791b03ad95faaa03fc746ad04672,informatica_acessorios,930.42
6421ae053bb80dff3ceae1f217f54ed4,telefonia,930.0
a7906a8a69acf5b0cb256882e741896a,esporte_lazer,929.0
c04e948c6900ce99ac47d89b3b6d70cd,cool_stuff,925.0
68f3adaef1620e7b0c4c7cd9f78d7ed0,instrumentos_musicais,924.24
3a221f8b6066d77649602c0ea9ec8922,ferramentas_jardim,920.0
e61f7a619c73b49eb629e2a3ab687a7a,informatica_acessorios,919.9
eb47d7ea4e5611684330021baa317c17,bebes,917.0
5237739bb5fee495dbd337755a138660,relogios_presentes,914.23
780130a191b7abd450d121ac7290d15b,eletrodomesticos_2,914.0
64cc57332d82d99ae365b4f5f1048bd0,beleza_saude,910.85
2befa4541c8bf3f4c76ebbed873f628f,eletroportateis,910.0
43ff57afb3419cc422d1daccbbb877b7,instrumentos_musicais,905.0
706982d4d1d9841dfd470b6fe10f8614,bebes,900.48
f3979f97b4913d696bbe9c7c425c5e4e,bebes,899.99
ef4ed7b0ea758f6fb2866ce40f7ac1c7,bebes,899.99
64e296f9cbda172ddde4c59be4bb1120,relogios_presentes,899.99
3fb4a7a71f6e781489ced64b438c055f,relogios_presentes,899.99
343c15a347e523f2b6cf38a5db81e179,esporte_lazer,899.99
1eb5b06a73df439c29be30c762965ce3,relogios_presentes,899.99
cc64f28b5d156587d478b9b1a876340e,automotivo,899.94
b0c7a71c8620bd389e240f63a507dc50,livros_interesse_geral,899.9
835c3918777f6ad40fea5150f5ba0cfb,relogios_presentes,899.9
6603a1f90a028304a932b64612e2a39b,eletroportateis,899.9
62084031a76caa648aeed58ef2fcfbff,bebes,899.9
3150c2690393e7ea7c2b3acf2479ec8c,bebes,899.9
230ce9f6bbf76fd85d941adb9213b018,brinquedos,899.9
18c95832cb8d17378929494e3c588354,relogios_presentes,899.5
406e74c47b79bafda070b3b2d20ddf01,beleza_saude,899.1
fc7c2a5b006ec4b9166c89db4c46bf78,brinquedos,899.0
f6a84928571f68635beb0f5c9333c6f3,esporte_lazer,899.0
f3466e14c29ba0ba18ff6362c94ecdfa,relogios_presentes,899.0
e9c9e9756631b640ec4eed3342168d72,automotivo,899.0
db2d715ce06590efca91eb47b8452d97,cool_stuff,899.0
da727a53b3315a1efeb68f23a95eae97,relogios_presentes,899.0
da36ad55cf57ddbc83ed6cd00f819dec,telefonia,899.0
d048c384871633c66df10bc4d05e2345,automotivo,899.0
ca7966fa77959536468be3c6ce1f19e1,cama_mesa_banho,899.0
b168aba36b2d14860fd17a038f77d100,brinquedos,899.0
b05e16a39e3c4fc195893fd921779363,relogios_presentes,899.0
7bf085cb634a5038e227ea40490c3beb,cool_stuff,899.0
77f6fba67754c564e9f4dfad8530d705,relogios_presentes,899.0
74706845a60b5ad457b7fa501aca8b93,cool_stuff,899.0
6eea749bfe9c1ab74295bad84d786e06,relogios_presentes,899.0
6cb9998e3edb71cca1e7bcb4c59c3c79,relogios_presentes,899.0
447fe198c45e35250236fa62b2d98902,beleza_saude,899.0
3b967178828b90699459383919d5d53b,malas_acessorios,899.0
33d572fab2a1a7c217d8831ade7d9357,pet_shop,899.0
257f376a5d729dd35b042d4ce6088b1e,bebes,899.0
19d0b759f7630539873b280839cddfa4,relogios_presentes,899.0
06fb87866499b0e65992b2d88aca8282,relogios_presentes,899.0
a3e8ee20df0f969f2cb0c5ba01e1c40a,relogios_presentes,898.9
b204c5ce3709a53db7964aa290f4c4fc,utilidades_domesticas,898.0
124a1ea6bfa9ccc5f53e067ff9b2ef25,relogios_presentes,898.0
7417df21911850fd367d69e73c4b36d1,beleza_saude,897.0
fa9adbf599801a9b1f081da9bf514fb1,instrumentos_musicais,895.0
a2ff5a97bf95719e38ea2e3b4105bce8,eletroportateis,895.0
3e3f442db862cb6fe99389a41b7acb84,agro_industria_e_comercio,894.98
ff7885ae23429394b64526e957ec809d,bebes,890.0
ef9f731f8f63f85ea53e94df375baf54,instrumentos_musicais,890.0
c100e5fef1abb5e1c5054d1dac2d83ac,beleza_saude,890.0
bad9cd5ad615c0b5ba87448e03ec954c,beleza_saude,890.0
9dfef86fb34051388a7263a31642386c,beleza_saude,890.0
86ba3443f971ab0ff1381a973274f2a5,relogios_presentes,890.0
6f28f90ba66cfbdbe2b962446a0bec69,telefonia,890.0
41b9fdf240b6c703cecd3d4e40f8c0e7,eletroportateis,890.0
0984eaa8480e41aded35bd7b5131a1c1,beleza_saude,890.0
d16481328e66930682fcb7f8f50894f8,relogios_presentes,889.99
b29c1749f99da888ea322a01420d5220,tablets_impressao_imagem,889.99
432f8a18d8c5b519bf3860e2f32c3273,relogios_presentes,889.9
32cb082100ed973a2e3a6950214f8629,malas_acessorios,889.9
b76c36bf916511f1a4acd406ada6ce25,brinquedos,889.2
b31c642959824fe2c1588ef5945d27f6,bebes,889.0
254689a977285f8dd17c32b30870e933,bebes,889.0
e12f70be6bbe9361e612c973fcf15dcc,bebes,887.0
cba32576375902a87170bedaed045b71,bebes,887.0
a3e4a417e7dab3de222f227781c2c291,bebes,887.0
285443086e6af2a43edcd6f0274585af,telefonia,887.0
8f61327bbc1b9096bd97323ab64fc6bd,cama_mesa_banho,884.0
dafc867209fb20b8331f1edaebc95b58,esporte_lazer,883.9
1a613b1a2e7f278c6343b763fd880186,relogios_presentes,883.57
b6f7a80ce020adcd7918fca6246bf96a,eletroportateis,882.33
98c0c93d863d3da23549a04d45033e06,utilidades_domesticas,880.0
d4acdbef7d891f217e147a935dd18043,relogios_presentes,879.99
443b89efbe906613ae1def8cd36fc872,telefonia,879.33
7988cff50cb75e08e6b68640b19e55aa,relogios_presentes,879.3
43b6d9e46e1e6b8ac743a1c31e462937,ferramentas_jardim,879.0
81c891c541361f1108fe9e2a645324d9,cool_stuff,876.73
ff92ca9bb0b3f4ec00a9b76c9f68cb3a,portateis_casa_forno_e_cafe,876.09
56ebd551a33ae8e9955d1f8a4c37ef52,cine_foto,873.99
679d1a26cc192f14e7e30ae397f8b089,beleza_saude,869.55
65841ad29fc48cd40902e03da7511e05,cool_stuff,868.83
059fd0cc43081303f7c0d7770ab53d52,esporte_lazer,865.9
737a9833b197ee08e16dd5cfd02851ba,informatica_acessorios,865.89
4517644aee6e81ff19f0a2887eb553d1,relogios_presentes,864.9
b07085c1dd895cb3ba680dd4cdf0dc93,esporte_lazer,864.5
4df83a41105e00e0845b9d12b5fe601c,relogios_presentes,860.28
ba7e06201e60d29279c7f11d689792bb,relogios_presentes,859.99
b7082b40a807413582afbfac88facc4b,relogios_presentes,859.9
9799c69682bf50ba578e6b9c9886b607,utilidades_domesticas,859.9
8f4b17412563c9aef144af0d2b3745f4,papelaria,859.9
34742604f6cd1e891726b849b6890f81,esporte_lazer,859.0
a3dae37f1227e4037d5e3be3f228bc84,informatica_acessorios,858.0
bebd360fe73dc670fd6439e9b943ceb7,relogios_presentes,856.0
95e67a8fbaf668c2d060eb3938a0c999,telefonia,855.0
44fc450365728c413fefc547592626be,eletroportateis,852.53
fb8c11da2e1b1634e879d1c3c6762dc2,pcs,850.0
b0fd001716da5648244fe5c374d03df8,pcs,850.0
060c584206d08377a1408fd7afc08b0f,esporte_lazer,850.0
ce776bb92d4579d4ea61c2a009a2ab67,relogios_presentes,849.99
caaa713799b547352795c831a14f1c3c,pcs,849.99
8e206e69d390e5a1076e0baeb446b0a0,relogios_presentes,849.99
f72144308168311d3ca5926e40e784e5,agro_industria_e_comercio,849.98
3b85e44a54ca23950c469c7fb1cc0e0a,beleza_saude,849.9
0a6a7cf8399cca39fa6289175e95badd,relogios_presentes,849.5
f2169c25db6a579fde210bf8ce7ce9d7,ferramentas_jardim,849.33
cf2f4b488fc5808e6c78366a0b73b4a8,utilidades_domesticas,849.0
ab2d32e4d6a79780270601c807f391d9,eletroportateis,849.0
a34838639f948d8f0727b695c2895cac,cool_stuff,849.0
8f8c372264024a67ef0c7b449241e65f,construcao_ferramentas_construcao,849.0
19783777e6d4d97635348cf8d7caedc5,pet_shop,849.0
07755a0056db849613241c6d91eaf45f,relogios_presentes,849.0
3d6c312fc91b957f0515be3afd19f439,relogios_presentes,848.9
f7f75f7339e0fd5af137094d59f44890,cool_stuff,848.0
194e74feac1f84a8ee5a517d4b3e107a,pcs,847.4
6c34d241bbd85d693f1fee6a4b8a8e2b,eletroportateis,844.0
80872f7f128200f12c5af9494b1d37a0,,843.0
16d928f7b23b3d30bd5a9ff281eed9b8,telefonia,840.2
90c1b4e040d1d1c45897ec2dad4a809d,moveis_sala,839.99
6767719f80aabbbf16ab2491899c32d9,telefonia,839.99
9e070ed5cbb78c56d84cd29220d36490,esporte_lazer,836.99
060965aa6dfa817b80abda0c9413cc77,cama_mesa_banho,834.56
0412ec72192f1d85e92047c0773434ec,instrumentos_musicais,830.0
a625d8205ad01304707512ca72762a6c,relogios_presentes,829.99
eb45e95b37dfceebc7b740688cff3686,bebes,829.0
c4ca7813a32bb7bdf50108e39b6473dd,consoles_games,829.0
8096dd79187d317b844454d6e6d9039a,cool_stuff,829.0
2a61ae7c276ed675a0289aee54e2c9b0,relogios_presentes,829.0
4c42f0c72caf632a20df25562451c1a8,casa_construcao,827.99
ee842d53183c77c2d2897172a82c40fc,cool_stuff,824.99
83ca77d87b187321faaee535adbce26c,climatizacao,823.28
6026308f343d15d492324e7e35ba5685,relogios_presentes,821.5
8368aba9a583e38eb9db42881c92c473,relogios_presentes,821.07
e80d316020758033fb0247e553f8a640,bebes,820.0
c2468c873ecd80413fb425d0db4b602b,automotivo,819.99
1015bdc42b2ec0548e728cdc0ad72380,cool_stuff,819.67
144266e1585320d057797a369596bb8b,cool_stuff,819.45
94b8c08d077273b9896ca6461d4e6e1e,esporte_lazer,819.0
4bf9cbdc54a2b6e26a7c00aead4fe01b,cool_stuff,819.0
fff515ea94dbf35d54d256b3e39f0fea,relogios_presentes,818.0
69e8f74916646e186145f5648840ea9e,ferramentas_jardim,817.0
1b37262ebd1307a6c9aab9aca8584e76,pet_shop,817.0
844aebdc6edf98928371fc87f4a4a106,esporte_lazer,816.0
d9e77a9aeffd10aa1a6f2d0ad00608ac,construcao_ferramentas_construcao,815.0
bde643c31f72e37dd1aac0c43e130ddc,telefonia_fixa,812.99
9127a26242f9a9cfb2154f60f2dd5951,beleza_saude,810.0
6fa1aab8448ff11026093b6169f05e54,cama_mesa_banho,810.0
557d850972a7d6f792fd18ae1400d9b6,ferramentas_jardim,810.0
20da3eeeb6af0e217f80b316439a94be,informatica_acessorios,809.91
607e65dd8675090ad3f4b936fe6866f6,pet_shop,809.9
a351c3c754b40be18374a299ca68882b,telefonia,809.0
52113f93f479d50c87659d39f4a702e6,esporte_lazer,809.0
4de0f4caa802cd42528a25232c915283,relogios_presentes,807.36
a6b5c06253205267d5a66952a4524a83,ferramentas_jardim,805.0
38c56c5c5b16958d95bf8254498ad555,relogios_presentes,804.0
6e2d41323c4b6d240b530b9e68e83de1,relogios_presentes,802.14
254908dbd8bb2d7279d5dc897f81b593,construcao_ferramentas_seguranca,800.0
f8d60c5ad1317240cc6138c3d50776b5,relogios_presentes,799.99
f7a5131ee6e422257630fe35c9b7875a,esporte_lazer,799.99
f327c74114a7eabe18ba572a0ad10105,telefonia_fixa,799.99
e193bec343dfdd0f91d03a073c1ae3aa,cool_stuff,799.99
ce79982a809f8e88aa6eb87416f14512,brinquedos,799.99
a95e101cee281e7cd36dfef5f80fabfe,agro_industria_e_comercio,799.99
a2e378c184ed5489efbed08896c7a6d1,ferramentas_jardim,799.99
a042f8bfc21bceff9db6313d2f98aefc,relogios_presentes,799.99
9593c9f08aa51804674aae0eca66dd0d,cool_stuff,799.99
931a7f2e9c4ebeadd0891fcda934652a,automotivo,799.99
8b10d9525f4806f9a1e9d1665506ab4f,relogios_presentes,799.99
5f12f6b1738fab26e4a9d7907452c932,automotivo,799.99
4d77aea6b8a42eee8016944ab10c440c,automotivo,799.99
3cef8174403f4fdedbf24fa67fa9f132,bebes,799.99
21f1d2b20d4942a15894bd1232b05a5e,bebes,799.99
d8a3475446775b8e52583329eaebd38a,telefonia,799.9
d2239567438e335a463191a43f2f02ff,brinquedos,799.9
c20489c9e2a067f1bd6e941b6dcbe771,informatica_acessorios,799.9
bcdef08f4db7ae67bff7538debd6daf6,bebes,799.9
1cf2ac38c34884acf7e61b5a66d4987c,relogios_presentes,799.9
878a891a2694570ec7602c80e45d323a,informatica_acessorios,799.6
f97b8c47571a82c23473ff139b8a58e5,malas_acessorios,799.0
e58dd19f3b501da6507886db681873ff,bebes,799.0
d7eb9229e8b6c34f6d8333caf9533f69,utilidades_domesticas,799.0
d1aa53582c132a7a0ba01cc331ab573f,relogios_presentes,799.0
c384917e9d01a9fe89791010d3ed0883,malas_acessorios,799.0
ae615b6d90889dda51e5a2e821d23b22,relogios_presentes,799.0
8f52a2593c7e26a2dae1cd79a60a5beb,relogios_presentes,799.0
8c9fade80dfe6522d111aa9bbcde35bd,casa_conforto,799.0
7b7a748518a1e2236ae04e2f97c492d2,brinquedos,799.0
66ba269ae7ed286b181ebfb76d1d989e,relogios_presentes,799.0
26028d8fc5ad4bb87ebc3675d49b2ae9,esporte_lazer,799.0
25c3eb54945e82e7c1dc8191a1ebb5f1,malas_acessorios,799.0
619ed4783d277b83ffa8666749d8eb4b,relogios_presentes,798.9
606b5bf4a5c5ac2f72196afa18b77d3d,relogios_presentes,798.9
f9122c4086dee1508186c3ccd738dfe3,relogios_presentes,798.0
bf937a731d01528bc2c8b11863de7586,pet_shop,798.0
24619f43ab25b60db576926fd78edd39,pet_shop,798.0
8a0234d9460e4ad9a041849057dce64e,beleza_saude,797.6
ace151a1240f7d1645965f9a9ea6c7e0,beleza_saude,797.0
7ffd59e4a33610e863f39cd3040ae7b1,automotivo,795.95
328e385961fd439024dabd6512dc1039,automotivo,795.95
fe02ad514379012c6a31b62741a3a9d4,relogios_presentes,795.0
9e788f261082b67568bcb9f75c8c629c,informatica_acessorios,795.0
ef4540657d5c1a50e8d348744f563d05,esporte_lazer,792.0
591d4f16311726b70ab348c9e3c49a33,cama_mesa_banho,791.95
61937887eb6ee0b405a5759756426486,beleza_saude,790.06
c6e5e65a8d521761e0d1a4f6812fc2ea,relogios_presentes,790.0
b008888e5e01a5c9da36306228e900d1,pcs,790.0
eb40735d540d6ccdfb0b74782ba065dc,relogios_presentes,789.99
448f8f85f231f7f33be46c1a972b6c8d,telefonia,789.99
62410fbefbe7df2abf7e6b23e64255ee,ferramentas_jardim,789.95
44e74b30e6a7832b7aeb5555c04cb9b7,bebes,789.9
a84a9be4cdf0d5dbd36103b1e1ebc82f,automotivo,789.89
bea6df30df5a4d9e7edb50d44857dd54,cool_stuff,789.0
387f6bcd327b1e561b822dc4a2b313d6,cool_stuff,789.0
142e24ca1186ae5c0a12a6c315bf43fa,telefonia,789.0
28c95d7653177449fd4b6fc7adb63ce9,relogios_presentes,788.42
c1e8014cae93306629b1de89dfa5a1bb,relogios_presentes,787.66
cdc7d7f4e3185c90a960708d56cc9599,eletrodomesticos,782.25
cf8587a915960e2a8b57c5db574239ad,relogios_presentes,780.8
83d68ad4e5707409089afff26a40b2df,brinquedos,780.0
12485f9cdebb6ca179826ede539554ad,climatizacao,779.98
d47b66f4d980a10ae5c5aa2222928741,beleza_saude,779.89
4fc82a921b5a266beb6ec10c52342155,telefonia,779.0
03c14a3d479e334e87ee5baf2563811d,ferramentas_jardim,779.0
c75c215de0f9ab2c103fc57fb82f47ad,bebes,778.0
f5f0b722d7662e8939727fb49e45d046,relogios_presentes,777.76
d7cdcdb31629bb225ebedc727c780d9f,climatizacao,777.0
b5c4801466295e45d80d659858124b4f,bebes,776.5
a4e6e80a484adb6952b5f18a3e4bd1b8,eletronicos,776.0
28e9b64b256f8081ceba628dac2ccca7,esporte_lazer,776.0
f27aff266ad97e75d4a24c893b2c311e,eletrodomesticos_2,775.0
42567bcc01d5c14969a24618af7a5f3d,relogios_presentes,775.0
ccdf954ce1d166f00d312d6b461c046f,bebes,774.9
ad4d0d4117b535484bf7e32089e5b1a5,construcao_ferramentas_construcao,774.9
582c166bb305eb330d28695a084720c1,moveis_decoracao,772.2
f96ff9b997681965689f78bef092fdd9,beleza_saude,770.25
514261bb564657b9c123325f5af6bf4f,relogios_presentes,769.43
f49e985b4cb2d0543890d6dd00077663,portateis_casa_forno_e_cafe,767.89
e337509290028e0c81c0ac93d7b1234e,automotivo,765.0
68fe8893052a044100e60cd0c8c6b274,informatica_acessorios,765.0
23713b3af0ec6a3c9601da5c58b2ea95,musica,763.5
fe59a1e006df3ac42bf0ceb876d70969,informatica_acessorios,762.01
3077f3765ee2f3471ddc0f6d8f007eac,relogios_presentes,762.0
d15010eecc80e3a843ccb15865c328da,beleza_saude,760.0
c13e94ddeafb40833a4c2e02c65bbb5f,beleza_saude,760.0
b2b7d701c1f12d5a0f52ec90b0a8f819,beleza_saude,760.0
a8baceb529f7e2a5c770cc5b4e3da35d,beleza_saude,760.0
67f1a036affe9a75b73dfddf0386893a,beleza_saude,760.0
419365ae77de855075ecb3c55d2ebc10,beleza_saude,760.0
1d16c0509e7011656e03c6a582ff6667,beleza_saude,760.0
0c5aecba8eab00eb055c6e2e7b9b4346,beleza_saude,760.0
3929458059a1c837b0d37c96b1e3f30a,cool_stuff,759.99
b35d60271c8d79aaf431cc378fbf92c3,relogios_presentes,759.9
0103208eb1ea5a1a7359c0251a65e37a,brinquedos,759.9
02706657691ad03bacea6d0d0d69d13d,eletroportateis,759.05
d389bacae4eb98af95b782dae3b7f03a,relogios_presentes,759.0
865444ecac22985b455244843197e147,instrumentos_musicais,759.0
20a8603c265d777e25da064113d556f5,telefonia,759.0
bed48285a1d145ff8ca0ac0d77496ba3,casa_construcao,758.73
21419fbb5e6e21591c1dc83cb75aec07,casa_construcao,757.79
15d5088ad671c687e6ee89b9ba4e0766,eletroportateis,757.26
4f47791b7d4e127b53fdfceea592e926,informatica_acessorios,756.57
0d1d766e7cdd4a724e9ea9a18e5177bb,telefonia,755.99
ffe9468f4d890db80b7231e86931ff37,brinquedos,750.0
cf69d780077ed6cd5369b53aa63cd0d3,moveis_decoracao,750.0
a867511a17e93caa3aafa1c1f1c90a53,eletronicos,750.0
70c8514ff2a8f44c4339c9d4e17c21e9,instrumentos_musicais,750.0
4c3063dd985fb11ee11451d3bf7a99b0,beleza_saude,750.0
496b2ebd2cc9b8b262c9705b1f3589ea,relogios_presentes,750.0
1a73ae8aa2b02829f07c8d5ec7bbd659,relogios_presentes,750.0
00cc15e0cef551848c797ab75ba904b1,relogios_presentes,749.99
c4332b2ff3cde1b0c62f5b9c8ae84bdc,instrumentos_musicais,749.9
a300dbe48179df6ad75c74a9fd9bc6bc,eletronicos,749.9
70d7a4737a91965066483a5b0d26a19e,instrumentos_musicais,749.9
67aa395a5cc2e28207a6227ed48749d7,construcao_ferramentas_construcao,749.9
ebc2160765952857f3bec4d6d76673e8,eletrodomesticos_2,749.0
d265065154be9a455d6a5b2a4727fe38,fashion_bolsas_e_acessorios,749.0
cf5f0f6ba7c1477ba6aca74da24faba5,bebes,749.0
c0dd2eb717671a095ce97504bfba29c7,beleza_saude,749.0
b9471cbef91a12be725aa96bea7d4763,eletronicos,749.0
89d845908f978f6a8d8b8779ef177216,automotivo,749.0
0fb3fae6c3a74bc9fd48a66d0be5f378,utilidades_domesticas,749.0
078b7149a32b479d3cbf1649fea0172c,livros_importados,749.0
eefc086ab9cdb9fbf8e27f2541049e3b,utilidades_domesticas,748.5
3986c6e32f39114eff1ded07f1cb16fb,industria_comercio_e_negocios,748.0
338925450cde31710e3fd65b8bac0b1f,beleza_saude,748.0
b914a18d4547eff292fedeccc82faec6,relogios_presentes,746.62
1f33f54aa8e680e3d3b654539abfdcca,relogios_presentes,746.0
ae3f37bc85b67a251d32862062d3c70b,relogios_presentes,745.0
15ba996726b61ab95153368a8082c5d7,industria_comercio_e_negocios,745.0
4c88eca6c1faef5911374843849bd577,relogios_presentes,744.0
2a4cea102e8cd86bbff7d6c4f17a459a,telefonia_fixa,740.99
ef752dd2f6410ce702377d573caf5e65,sinalizacao_e_seguranca,740.0
a2f7cac38089c44bb364918bd80468d5,beleza_saude,740.0
c11517f9dd10e879fe8bed8fdab0e3f5,moveis_decoracao,739.99
571e2f5577f9e5ac24fc2a1daee8924d,moveis_decoracao,739.98
99e51ed7faea9cbf65fc7bb4ea396cd0,cool_stuff,739.9
948330c196b6b9a13386fa192380e3df,instrumentos_musicais,739.9
229c012e97328ba74fd0f4a1c29f8e51,brinquedos,739.9
136bcac25276c164961c1fea9c7b48ac,automotivo,739.9
18209df52bc87a69b84db4df602397c1,ferramentas_jardim,739.5
4c6018f41a6c2e5543cc034e94f5ce5b,ferramentas_jardim,739.0
8c4456c061013adccb1ba4cbce2d0365,cool_stuff,738.9
6004f0ea115c80b51e2f0e434233c0ca,cool_stuff,738.9
816f6efbb3598f798900557f628e8a56,relogios_presentes,738.0
46aee891d7e9244b1f05b6ffcd6e8065,esporte_lazer,738.0
58327c5dd67068015c5a9c5eeb51d848,brinquedos,737.18
75b1af479ceb5b90e06b38ff4f753e1e,automotivo,736.67
dd469c03ad67e201bc2179ef077dcd48,relogios_presentes,736.0
a87595e0311a6cb55db1cef3c1c0e7a0,pet_shop,735.0
8cf7e354e6d9f04a09f4d59bc77dcc8e,construcao_ferramentas_jardim,735.0
4f915391faab8ae23c234735d5080c31,relogios_presentes,735.0
3f9051ef3d646215621400c6a9b50e01,beleza_saude,733.95
1ec8a5b7b30228bf933cb71d7be5ccb7,utilidades_domesticas,733.3
c6aab69ca5c62eb16eafaddf36c38ccd,eletroportateis,730.36
e004a3b7f9524967fdb68bb70f850eb0,pcs,730.0
9d6e01d4baea7a847db8d67e24e093bf,bebes,730.0
6e135c0c17d87c489e2f89efe42b948a,pcs,730.0
5ece1e51ece4648de249ec6e9d007fd6,casa_construcao,730.0
6d6bbd5f721f3f5c506907043b72b3b3,brinquedos,729.99
6b82874c6b51b92913dcdb364eaaae0f,,729.9
ab507b0003df596e5511f33004ea720c,beleza_saude,729.08
f0f2af23f970208fe4132a77aca3c63f,climatizacao,729.0
a4462e7d5df840cbd075f0224bf42554,beleza_saude,729.0
4b7de4748108b5353b211255e867cf6a,construcao_ferramentas_ferramentas,729.0
4153a770f99ff52971af9c1d6beb422e,informatica_acessorios,728.0
c62dee961914cc2e49239963b04258ec,moveis_escritorio,727.99
d2e131d6f19ae0d665fc1a6c420b4f4c,relogios_presentes,727.1
72973442f7f31108993a1f26f325f717,instrumentos_musicais,725.0
6dbcbca84288705e65660c9b4f369134,brinquedos,725.0
ee7ddd73a334c7e3d03131492419d68c,pet_shop,724.0
d287f2c7cdde1081203fb2413e9f8005,construcao_ferramentas_construcao,724.0
a8cd4add5d395661e5b5f4130530e5cc,pet_shop,724.0
b5ebab9fa4b5f2771ec47a5d6139f3ff,instrumentos_musicais,723.74
cf1c83c0097bce11c715b94f292769b5,,722.5
dc2bd3d07579e7f3b185c7118e33c33e,informatica_acessorios,721.35
8a1c109f0d2621c441b0ba6846a75890,utilidades_domesticas,720.99
f1e06e6ee36f5c441232a96be23124f4,informatica_acessorios,720.22
c9b8a74a8865b966e660cc1f7b4e32a9,cama_mesa_banho,720.0
df25e7b5824286070a418f1fc2f78629,relogios_presentes,719.99
362aecb999551eb6adcd8c5594e255fc,consoles_games,719.88
e0369ffbb4168116f9e8f207420a4718,relogios_presentes,719.0
1d27f15c0c084ccec3d472eb5c1eb29c,ferramentas_jardim,719.0
a8385505c3cdcbf7c6acdf0e946d89c8,relogios_presentes,718.66
4f6ae72300149b456bf01427a2838c2c,eletrodomesticos_2,718.0
fdfb90feb49d2b41b8283a8ec6e95590,instrumentos_musicais,717.25
87b77bddc8fa1c1272ec769a5134310c,brinquedos,715.99
5e53d7f0369429a1b28ef093a15f7509,brinquedos,714.9
9069c427ca36847bc3907c09712f6cf8,brinquedos,713.92
ffc48c754b5bd736e2887e279d1dec72,eletroportateis,712.5
77e56e1e099429aab02aa75e36831eac,cool_stuff,712.3
cd8cb942b6a58fcff9697762d3bc9cd7,informatica_acessorios,708.0
a56af7192032f295ac582a2d70e4caba,telefonia,704.5
ca83ea24493d1cdaa236098ae779b175,eletroportateis,704.0
6b7b5d0adc9be5fa4c0e68c102dd51b4,relogios_presentes,703.95
2bfb0bdbcea77da2879f0ef3be9a219e,consoles_games,700.4
f71b4fadb8b8e7564f1e8b8aba66c106,brinquedos,700.0
de72ea95a1cd05b1a597d294a425be57,automotivo,700.0
49b59dec916cd9070cf9fb07dee32976,climatizacao,700.0
2676f64fccc9174a0c843ecd4dcd44d8,cama_mesa_banho,700.0
1285c1d5b4365dcc8b7b0c34bca67242,esporte_lazer,700.0
ed5590a83212f920e325df8d11c9931c,brinquedos,699.99
e731dfad79b4686d049d024b9fc97360,cama_mesa_banho,699.99
c49c7c01a63850cb995c304b97c11bcd,cama_mesa_banho,699.99
b9a96cfeeea8e470af6d87627be50e10,fashion_bolsas_e_acessorios,699.99
b3f1e0023ba728711006866a37f62b19,automotivo,699.99
9d324850c39429150aa7f4524983e167,automotivo,699.99
8ef13bdd5d6da4bc50df1aaa486bf922,,699.99
6ba4f83d1c821bb17fe0a917881258d4,utilidades_domesticas,699.99
5adec774989986e22714470345c20469,ferramentas_jardim,699.99
027293c3b6d9e221268d9d6a5ffe5d0b,industria_comercio_e_negocios,699.99
014fcf6bd5cd4c7ee29fb3bb618c445e,,699.99
e38487b365f562f0f5f6d8362cd36593,agro_industria_e_comercio,699.98
dbd8772797eb43bcb24b0f7fba3b8839,alimentos_bebidas,699.9
ae4a8a8e8a8f8850c720e68c182b1625,eletronicos,699.9
81ffa58b323a87cc1fe4a7cc9b6f5f98,relogios_presentes,699.9
3faabbe96a14a10e0ef007fc3ce38708,informatica_acessorios,699.9
1addcc38627084ba4a99fe3efca1c65b,telefonia,699.9
5ebd7b81dfb60b5f6d3dde3327fa7115,relogios_presentes,699.6
5b1c98d30c986d084d3c312dddf35b74,relogios_presentes,699.5
7c1ed5098b2fe8445fa6a4853da78c21,automotivo,699.42
7cb1e417bdc1490f948ee59caccb6e1b,beleza_saude,699.4
7fd93eccaf2d461cb6bc4bbd1aa91f1a,relogios_presentes,699.17
fbc4b7ed41d3f3152bbe55826d9fec73,relogios_presentes,699.0
f1f33998e04cd5d9b4092587f36786df,informatica_acessorios,699.0
e96dedd143090ade72c86bf486be7d36,dvds_blu_ray,699.0
cf51b185defdb6170bd8deb64707e906,relogios_presentes,699.0
af8533a77adce26dca87480c4c5c9af4,cool_stuff,699.0
9c338bc8b9621f8401b46dbd8392ffbb,utilidades_domesticas,699.0
8ea8e3150c4a9d5e683bf5f8d0561609,papelaria,699.0
6d85d9d5f551adaa92a276918f462fbe,fashion_bolsas_e_acessorios,699.0
662522c4792f029e5de23e6241378b38,ferramentas_jardim,699.0
61107c91091400f4c4523ed7b461a20e,utilidades_domesticas,699.0
51eb65f0fd99823a3cb2c0d985e230a9,beleza_saude,699.0
43944a8f8f0b7ae86b6c3d3c2f257375,eletrodomesticos,699.0
431084bfeb9352363649e36c9c4cc3ad,malas_acessorios,699.0
3bf56e26b61ad28e0d04d2278fcb7ba8,papelaria,699.0
3a48c5b0b294fbbc416b0939e69f6f09,relogios_presentes,699.0
28609f55cdcc0e20aa621696e53c7075,eletrodomesticos,699.0
0e50d32982ca62c8fdbda9eb2df5e65f,relogios_presentes,699.0
0d273869567a92a7fa9758f0b5507e87,fashion_bolsas_e_acessorios,699.0
d9f29c5e92ade1d2ed40235c56445b58,automotivo,698.98
916d4d1015e94b8b525ef366b3bde796,eletrodomesticos_2,698.9
87a97ee722d5e544b3c929b36443b8b9,relogios_presentes,698.9
3eb14e65e4208c6d94b7a32e41add538,moveis_sala,698.9
1e60f484bfeb1c1eadf273f6318738c0,relogios_presentes,698.5
f3b82a9bd4330abce1d6fc15a966e6d7,beleza_saude,697.5
fb01a5fc09b9b9563c2ee41a22f07d54,consoles_games,697.16
69fef0f440d7a4d03f5d883264132dc2,informatica_acessorios,695.72
38faaf77a4cd4dfb50ea8512e66285b0,relogios_presentes,695.53
d60166e9266f585350edbe81a7c3c62f,moveis_cozinha_area_de_servico_jantar_e_jardim,695.0
28e4cc79e14821f63f876cb3b2f52eeb,beleza_saude,694.65
fb1d05384e33cdc05b3b4837c992f44c,papelaria,694.15
342d75eedb9ec1ecb6d959f76f8f457a,eletronicos,693.0
ea260f972b87224bc68cc0c605e915fc,relogios_presentes,692.0
34beebdf2b189075548689f23441ad50,informatica_acessorios,691.65
efd9689d6ae4ee9111b9b9f8b0f87f12,climatizacao,690.0
b398ce5510b751df72933e4737aa9b51,informatica_acessorios,690.0
ac5b8f2f2dde997ff8819a6845ae15f0,instrumentos_musicais,690.0
4921779f44984246c74bba58ecf65146,informatica_acessorios,690.0
1c67a5b38f02f622f19229fac2a07c33,automotivo,690.0
b52e4724d5ae56c1e1503a363b388d2a,esporte_lazer,689.99
2454302057bca58015b4674cc2a6d9a4,relogios_presentes,689.99
af1b8b408617b07914d3fb6652859e3e,brinquedos,689.9
a8075987f7074b1a91395a74e4eb9215,eletrodomesticos_2,689.9
3d75a35ffe2d78d994c7caa66db1c232,perfumaria,689.9
26abb7e42cded69ba9b3736643ebeb39,relogios_presentes,689.78
660cde3831902f7c7054cda45716d948,relogios_presentes,689.38
f7593a67d835f31ec38049706456b6f5,telefonia,689.0
e57549e5119d3af0cef6f900464dc99c,ferramentas_jardim,689.0
ce94e3c41145e28428cdae952a1fd7f2,relogios_presentes,689.0
6ba807133a1b2747a01375d7417614e9,relogios_presentes,689.0
15d9c7e1411ece24a0053b1e876e4d4c,telefonia,688.0
6e263657e75994ff623356f9cff692db,pcs,687.4
45bb83550ff78aa259858ff41921129a,eletroportateis,687.0
f3bdb4d3d673cd7bb48636be1d431c0f,utilidades_domesticas,686.21
ac8af924237ed4591dc8d9b8c6a935f0,perfumaria,682.98
dcfeedf441c38e5e7e58ffce194af2bb,beleza_saude,680.0
bbc5419bc92d76e27795c9ec2c233c64,beleza_saude,680.0
7cf06eb02a976fb3570fe67d117d75d8,beleza_saude,680.0
0ed9a84687fad2d921b09b0ebcc4cded,beleza_saude,680.0
01c69d0fbb0d9d8f42ac171ac1238233,beleza_saude,680.0
d7f8eef8e05a45371252e633bb4f570c,pet_shop,679.99
1c3122302b284dc602555cee331847da,cool_stuff,679.5
e46d3c8d60e3f8b382b6f239e5af08ac,informatica_acessorios,679.12
e0104b143b87f5f1e013446c12add851,relogios_presentes,679.0
d1f69b1b509a6f4e1fdca33101625bc8,relogios_presentes,679.0
4e64c0d39af6b919e605b2ce1e793d20,relogios_presentes,679.0
2805706c5fde90cdec740394a68ee707,relogios_presentes,679.0
011ae9863bd5b15e528a16dd8ceb4772,brinquedos,678.47
f65ff6e5a356943c5cee2e8bb023efc8,eletrodomesticos_2,676.98
1bce8df66884f0841be155ae1f645d46,cine_foto,675.99
df480c7d3f979093ac4c2d1109e78289,relogios_presentes,675.98
de89f330c497e12d2510c2cd2a48a29f,telefonia,675.4
e34c56a36fdb6854b10410b776c39442,eletroportateis,674.33
e5841e5f87a255ec40d170b4177d03ce,relogios_presentes,674.05
8a8f06e954adeacfeb28b9af2efdc354,bebes,673.32
0f3de29f8370072525a20385ebbe889a,relogios_presentes,672.18
2483416c14aa8d93dad96745a9230bfa,beleza_saude,672.0
bc75ffbc500b02276f9c55aef39014e9,automotivo,670.0
b8ed1dd103e32cc29c222145bc5c74ec,cool_stuff,670.0
8905f9f6b310467a4fdd08ea4c4903aa,sinalizacao_e_seguranca,670.0
0cd1e5169a1ba33d42fc9f76345a4504,instrumentos_musicais,670.0
fc831501bb322d6de2ffc32037fe0f34,beleza_saude,669.65
6e9e036c6017814b391e3059fdc9d315,beleza_saude,669.65
3e6849c6e53482c55a97363674027b4a,beleza_saude,669.65
6f790ed0f75949b7fa234ec087aed912,bebes,669.0
6a459bd9608a1b384d6cb4c79aaa83e2,automotivo,669.0
55a257b8a93fa8ce0b4774de48718126,esporte_lazer,669.0
14bd7e575a12cf8543db3afd53a844bd,esporte_lazer,669.0
03ac940e93916395ea0483161cc84d5c,ferramentas_jardim,669.0
09cd1c07b1920158011ed5247fa5a65b,relogios_presentes,665.56
64c4be74246020cfdc5124eb48c75f10,relogios_presentes,665.54
e71db199b371c8d7d4ae89cf8b7675c7,eletroportateis,665.0
711ffb7574aa22c89aa744dd74fefd5c,ferramentas_jardim,664.9
9e0873e9ac04b12f282b81af5daebd2e,ferramentas_jardim,664.0
fa80471d26662bb653b2286e4b735a5a,automotivo,663.0
43549c728834f6804c2a32ef08c086ff,casa_construcao,660.45
fc17dfdde3d4bd5a186b417704775d06,utilidades_domesticas,659.99
f890ca4c2a406d04b85f3e33c425213d,relogios_presentes,659.99
9d84673a79168892ae69a81b75356962,relogios_presentes,659.99
28c8150eb44ec8106c8f061afd9c3e9f,telefonia,659.99
d7350806253f6a1e1351c97a39b9c931,automotivo,659.8
ee473bd1ca4e671eafbcb7453d7d7c5f,esporte_lazer,659.0
988117394d514cb9fb1b367714159a67,ferramentas_jardim,659.0
67fcc72a4cfd0ac826c0158ce5c98ae6,esporte_lazer,659.0
509ef11938539320065e8967391eee54,relogios_presentes,659.0
2b6d377fa9397de28c3d3e1684bb2c4d,automotivo,659.0
80459e1beff7fc5d0e2fbe676d043a64,relogios_presentes,658.9
2d0756de18a80990e11ec355070dd85a,esporte_lazer,658.9
8175f5b59bb3ab62f5cb114699fcc682,relogios_presentes,656.85
8883cd5c3e8ce5ce6ef730ff1d2f249e,eletronicos,656.66
1f411e9a31196b71ed8438c8254b858e,pcs,656.66
76807d09e53b1c8c2d8afd8695005e7f,cama_mesa_banho,656.43
2add772ac1b21ad0f2a8f7bfda8723db,cama_mesa_banho,656.43
eac691ff8062bb3ed4f465466245accd,cama_mesa_banho,654.99
fb3ac05315c8f4a1b54de74e098ef7e2,automotivo,654.49
10a3a969b9e7d03b0dc2384ebbcad6ef,automotivo,654.0
e01a5a164be7867f7684c14d2dc88865,esporte_lazer,653.19
ea768069ca084e95a752ee7d51a8ff70,automotivo,652.0
25da7af0ae86de644e6410fec1d599d1,automotivo,651.6
b50c1fbe8dd681b1e2cfb1a0484abac9,instrumentos_musicais,651.55
ffa4ff381e25872b5bf85353ff7ab0c9,esporte_lazer,650.0
af6099f8d0d98a9eb5c0a67be73cb9b0,relogios_presentes,650.0
4941b2c06706332ebfd9072d7b1fb23c,,650.0
2c6bcc88c0f2f55d3c085cb9fa67b4cf,informatica_acessorios,650.0
f484aa505452986f295eb1205a44debd,relogios_presentes,649.99
c924e005748982a0f58ec549a7b5e353,relogios_presentes,649.99
981ded16f0a16ee18baf49b12796399a,ferramentas_jardim,649.99
72406be6f45ec18d2d8b21bfb7a9ecf4,cool_stuff,649.99
c268b49ab05de2f6d390bd3e5b53cf0d,ferramentas_jardim,649.9
c2367eda4f9623d0355dc5d7796d857a,cama_mesa_banho,649.9
639929987514325f624848cc39124f76,esporte_lazer,649.9
5473286e93c7e00690574d686c02b868,brinquedos,649.9
efef7693f29ade58f93ae5af15e7fa18,relogios_presentes,649.75
bbe8590c1225fbb6a477018283da0677,relogios_presentes,649.51
09b590ada623ecf66329917ea4731957,relogios_presentes,649.17
a34ffdd8795ad14708ab74aaba226ec0,cool_stuff,649.0
7d839fe5a5adb44e9de8e8358e031a76,cool_stuff,649.0
6d30e5e702df2b8719d9c6be1bdf425b,cool_stuff,649.0
660422061e06da17ca6101e9d6b7aae8,esporte_lazer,649.0
58e3dad74a022a8e41571be503143e5b,instrumentos_musicais,649.0
43158180e30b3c0c252049265370d7b1,utilidades_domesticas,649.0
1718ba9459e147186a7475f116526c99,eletroportateis,649.0
b15323f89b45fbb7ca64d625a4b741b2,beleza_saude,648.0
50847e645fcb3d38dee50e39e4c68c22,perfumaria,648.0
56a2556592a309ac9f087be6ca82fbf0,beleza_saude,647.4
e31ddc888efe970ebfbc8e7b460babec,esporte_lazer,647.0
b56d02094e37315ad2f6fdf09991cac4,moveis_decoracao,646.2
f1a8bffda7d8b34bd9c6d58f1ca415aa,esporte_lazer,645.0
7fd9bccf4c66729e3f5bd94f542de136,esporte_lazer,645.0
f819f0c84a64f02d3a5606ca95edd272,relogios_presentes,644.99
92ff4701412588ba89562a5da013c537,eletrodomesticos,644.37
748efd895fa2f88b0c89579fb092e792,informatica_acessorios,643.24
c87a617241993d71f043ed39858daa43,beleza_saude,643.0
81e02af7d00fcf604270221efe1d1b95,portateis_casa_forno_e_cafe,640.99
e87c7aefd725b0f63ce4f690832f9cab,moveis_cozinha_area_de_servico_jantar_e_jardim,640.0
5e859617339eaa62e0e154eaea05447b,utilidades_domesticas,640.0
50360414e16500c6fa1c11e2be97dd0c,telefonia,640.0
34c58a18b4dcac5fd8d96e8e08b738ed,instrumentos_musicais,640.0
66867c4d80b358b6cd9fada5208ad1ed,brinquedos,639.99
f98af4e337d1f14dc2773ef99d80e6f9,ferramentas_jardim,639.0
e59ab191143aa47319536c1fb16c507f,automotivo,639.0
635eab616d6a1f8033986a59061d6ede,papelaria,639.0
3f27ac8e699df3d300ec4a5d8c5cf0b2,consoles_games,639.0
2a34e0af5f72ca6cdeb148377a247c86,moveis_escritorio,637.63
9faadcbfeed012c5a26f8cda328af7f7,cool_stuff,637.0
021d39ee869e87d5288f4e731df4a90e,utilidades_domesticas,636.0
6a162a899a815ed15db1689e8efc976c,cool_stuff,634.9
0bff7ada15fd3840490f79b2612db33b,papelaria,634.4
1a7864db936b730688248bda816f1ce2,relogios_presentes,633.14
545085671b9f2d7d2e1a9110b15d838c,relogios_presentes,633.0
a04087ab6a96ffa041f8a2701a72b616,pcs,631.4
820fa146b7ccfe19c80e999cf4a77668,casa_construcao,630.5
50dc647b3482fe19d838513cf88482ad,instrumentos_musicais,630.0
13b4ff901d43edec666e3253b14b3a8f,cama_mesa_banho,630.0
d6183bc1d858bac539ee14cd72203b06,automotivo,629.99
adc8132abcc96431b15f204ddeef5c5f,relogios_presentes,629.99
a2df39260fbfda368c11ffcb4f66395b,informatica_acessorios,629.99
f24bb438da3185d5fd5a19e4d7433827,instrumentos_musicais,629.9
e3b4b906fc11fd64318e4923a3d4594f,,629.9
db71a8783ee43c3bb7ac7fe8f0cf9e6b,instrumentos_musicais,629.9
ab495f166205a883ffe5ab0b5b55f867,eletrodomesticos,629.9
a84c7b893ea37674ef896fa866793e7d,cama_mesa_banho,629.9
878699846fa5ea02a5b41e59f7c4439d,moveis_decoracao,629.9
ba16581014183c8415da15145f3d4c24,moveis_decoracao,629.5
bc2d6310e5cbd60facb2f9c8d9471597,cool_stuff,629.0
89387716a7138913d0233d899b959c04,brinquedos,629.0
442cec8fcec2cb2c32671cd0dfb02971,bebes,629.0
31a550e5405c2f75ecd052b2106f1330,cool_stuff,629.0
0b5c0e5478b0b0746d05377b732a13f3,cool_stuff,629.0
21c080d8ac76a1d2b095d6353864a24f,moveis_decoracao,628.9
1743a97176a0bff38a65331fae2306af,eletrodomesticos_2,626.0
199edc405b7080eeba36e77ef66d1ea1,telefonia_fixa,625.99
4e11734666acc305a4649de43f0bd181,pcs,625.63
70fb1a4e096e46196c07bcb13f615a44,automotivo,625.6
199a837d1162e5158f5ad3f96e35c01d,instrumentos_musicais,624.9
cfb3a98da132f3a6d51b1efdc851120d,beleza_saude,624.75
7446ea3b3fb292b92d443f6a340bb372,pcs,624.5
3801f58e89610213b829e4b6adb9556a,telefonia_fixa,623.99
5fef486f2057e10fd91e167348812b7a,beleza_saude,623.7
39377e2d331b8af5a19bc565215e3a8c,bebidas,623.0
4877b4c3caeccd2568f623a099d1d1f4,instrumentos_musicais,621.91
985bf2af90ac31349ca19417e2752410,casa_construcao,620.1
ceeb4790786e93c65ce079c50c8bd6b0,ferramentas_jardim,620.0
e68953b4a25cddae1b8ead360800fffc,relogios_presentes,619.99
aaf29331649db17cf18a6bafc047f75a,eletrodomesticos_2,619.9
99827651c1fea2d9068fbc77cd96a43f,instrumentos_musicais,619.9
f0effb9347ed5787c680f4c756f0bbdb,papelaria,619.5
ffccf0ce5eff1a158891296990107d08,esporte_lazer,619.0
cd9895374edea6a67749d331b0b32070,esporte_lazer,619.0
8e4417928fc0f31f904cdd25c131f6f2,esporte_lazer,619.0
57b5e5e19622c1aaf0fd159f5d9d5b4f,relogios_presentes,619.0
5cc6fefdce664959965aacfa90f03163,moveis_sala,618.9
81b02d54ef048c9d96b59460939023bd,esporte_lazer,614.99
2cfd372900c7c65e4c4ed2ccf7a1cfd4,relogios_presentes,614.92
051e6f6764c9b60143dffafd0c5d1a25,informatica_acessorios,612.91
7b35be468d9795a7529f65c50ec87668,relogios_presentes,612.3
8971b502ef885ceacff5dd02b873cdf6,beleza_saude,611.91
08edd1ffee7a3c812f5de54409d678fd,esporte_lazer,611.0
fd5dd5fe13fcd7d1d4d6322e35c559f0,ferramentas_jardim,610.0
8ce6ed44410ccff5e5437f5d1ec012e4,beleza_saude,609.9
04df667e73ca2fab4b9a97c86466b699,relogios_presentes,609.06
f4562f701031e9ead90f426761bed162,ferramentas_jardim,609.0
3733ab31371499cdb860660de819a97f,ferramentas_jardim,609.0
a4a04b698e98a60246c2ecdbe629c447,bebes,607.95
ed1464ef7688d6e76b2bf2600c1ea3e9,informatica_acessorios,606.39
fc935e2845dacecf29f0555465bed91b,relogios_presentes,604.99
5cd07c84a1c25575ac2fc3fa73f1d952,brinquedos,601.46
4e5e41fb7d296a6f776c63fee5cb9fac,relogios_presentes,601.31
15466e7f0fab155f0f387bc49eb7e304,automotivo,600.0
fe7df6d2f5226a4be89e7f2884c88e8c,brinquedos,599.99
e3baa4e51fbac37d48e70a8544895c1a,informatica_acessorios,599.99
da2fa693964fb1caddb581348b7b592c,construcao_ferramentas_iluminacao,599.99
cbdbabc3d8b1a111329afd03a9f6a8d6,cama_mesa_banho,599.99
c1678c7353738f1698430b8ea0d6a488,cama_mesa_banho,599.99
bd9117f40900499b0f14a2c3389f831d,esporte_lazer,599.99
41bbc4286da4cd2380514863440e9a9d,ferramentas_jardim,599.99
1767ed23966ac4d3539720b11beeacd1,relogios_presentes,599.99
13c9de60531ce1458551f0632a6c6d56,relogios_presentes,599.99
11b55fb352612d128f0acbd129bb917a,automotivo,599.99
0e0dec1c30232f86f5076622e9f623b6,cama_mesa_banho,599.99
4c2a4020fcd651812100ebbeac1b2753,cama_mesa_banho,599.98
324ec8bebfcf3f507afed8c13760f92a,eletrodomesticos_2,599.98
fa824bd872b3bfb379407d40ff3059c0,relogios_presentes,599.9
f879fadd73c7b81f0b278dacc880cf08,moveis_decoracao,599.9
f35692adbe05fa7ed058875df5ea9f99,pet_shop,599.9
d4566d732d7cd4770e835f275a5aaa64,pet_shop,599.9
d0573117d52fbdf0f51b575d408668cd,relogios_presentes,599.9
7d7e7f5c80b1d85e3d7054c3dfeee632,relogios_presentes,599.9
54c966eff52b73559d5677724b47849b,relogios_presentes,599.9
34860130f02b097552587ed3af6fe8e9,relogios_presentes,599.9
2ec00000248555d06c4dc55425cfa871,brinquedos,599.9
177f62b739076126a879238444ccbf02,relogios_presentes,599.8
cb43fd7a1263540b74b5212d93ad11a3,beleza_saude,599.65
b83ba81552d0748b45288e7e57c62888,beleza_saude,599.65
5edb58b97a719cf98b2a76f48e723f05,beleza_saude,599.65
10a845be3ffe8a78dc20db2941c2d951,beleza_saude,599.65
0fa690a43af8987193508e22fd5b32ac,eletrodomesticos_2,599.5
d69f444e73428ff2177e524685c16d26,relogios_presentes,599.39
fec8c282124bc6f504cbc6e9ec38450a,automotivo,599.0
fb4363c293445382596484ff01de78bc,relogios_presentes,599.0
e2d5a7fd80336373b539d5a4220a9ace,automotivo,599.0
de75785dc5be712c4d4ed4ec5b422ce1,relogios_presentes,599.0
d77a8e6d209905ea7a93e4f38a0b8a18,construcao_ferramentas_construcao,599.0
d1cf12507d5190de68d2269e8f935dd6,relogios_presentes,599.0
c7c57beb314dfd634634c758da3eba64,consoles_games,599.0
c0af7c6e4d05f8fd956204b258ce14e0,casa_conforto,599.0
bac1b0a58ff286c6d4107ee3910fd68d,automotivo,599.0
b84042ec39a089de420e18ec3c57cf34,brinquedos,599.0
b82c087ce7b4aa8d1d1e7241b0cd666a,cool_stuff,599.0
8e630a6101b33d99671d79b67b87052d,casa_conforto,599.0
89b63d5c5d1e459d07b7ed8497111c4d,moveis_decoracao,599.0
871238c57d25f282d163be9e712c36a9,beleza_saude,599.0
83ecdffd5afc36321b868838c447c44e,fashion_bolsas_e_acessorios,599.0
80c8ac047ca651a5672b8a7973085640,esporte_lazer,599.0
7c8e2b381bb0fcba5b368961d7823cd2,pcs,599.0
766be6c33b2024c3e45a2a9bb706f718,esporte_lazer,599.0
6f28dfca954a7cf2b3c3f96aaf059d94,relogios_presentes,599.0
5aa94fb8e895c82912cf9b8bea8fdff5,cool_stuff,599.0
4c048153f092e7d523dae06bc7f6becd,relogios_presentes,599.0
48b412d7a87b3279a7dda5f00e23ca91,relogios_presentes,599.0
45c4df3befb383b0102121f980c20f82,instrumentos_musicais,599.0
3f869288a822d85504c7a423c9b473e3,cool_stuff,599.0
3d388ad844800bc833bd3e880740917f,beleza_saude,599.0
3bb8427f7700385308f42cfcf4c8d10d,consoles_games,599.0
39731b928af43b0f49dd60d4706e403f,beleza_saude,599.0
1e5428c428e0f783acd6e3d94ba4ee2a,pcs,599.0
1a0910c102a7df46a8d1ffe68b2c3d2e,automotivo,599.0
15b1da0aa0ff79960dd5ee9cd1ab17d3,pet_shop,599.0
15ae68f4be12b1e7037da33a1ef9753a,casa_conforto,599.0
13384f6452c53eb1f29768dc57f75903,moveis_escritorio,599.0
0eb794467bd4768dfbf07bc52a122baa,relogios_presentes,599.0
0de11423be68ad641c9be1135450074c,cool_stuff,599.0
06abf4be826ed1d548e8a22a3d75d912,beleza_saude,599.0
05aed8abae327b8ffd61bc5255566bcb,relogios_presentes,599.0
0547b998c6f8893fab4ba02d5636c10f,relogios_presentes,599.0
5b2a0acb44aa8701a7b2ae662c51b3f9,eletronicos,598.97
5f504b3a1c75b73d6151be81eb05bdc9,cool_stuff,598.95
fa2fd2d3e78769a9f0b997cfa389a0d2,ferramentas_jardim,598.9
5496bb97a69c689317d895c265f13a6a,consoles_games,598.9
ddebc97ddf43a9787d1ee7012e394ccc,cool_stuff,598.4
555a2c02091cd2566c9d1852877018f9,,598.4
f3378729b1a09fa8f2c42e2457d6b1da,papelaria,598.0
97593959fc8ee0c67ac6c5a33fe61f4b,relogios_presentes,598.0
7bf86b4bc4b643b992d0eeb1514831e7,pet_shop,598.0
a2fc36d2592ba9adb49ad73dd039e434,eletroportateis,597.0
6df665a20caa80a66804f836165bbf36,automotivo,595.99
c71b272a9d3fdc479b5684a3d48fd8a6,automotivo,595.0
6149b0a01ae42fccf651cfbef08979c7,casa_construcao,595.0
56c615d21fa726140efc0c056c41582e,brinquedos,594.99
c8194120cffeb4eea08d08e91ed1d284,construcao_ferramentas_jardim,594.9
ba2225dd03b4dd91f999ef73504a0b82,utilidades_domesticas,594.21
57cc92900f861f0c72fa1df2cfe85577,moveis_cozinha_area_de_servico_jantar_e_jardim,594.0
ea11e700a343582ad56e4c70e966cb36,,593.36
1c6b8ed36259a0971b3fd58692b60f9c,ferramentas_jardim,592.8
1146013b4da16ab073768dc76089aaa8,relogios_presentes,592.0
7c990692b2074020d8c023a6d695480e,eletroportateis,591.07
de2ac390da8e5e9cc2c6bc88d5c5357f,relogios_presentes,590.82
5d3353870f99e3666b0bf5aed7caba8b,relogios_presentes,590.82
9bfc55df037ce3ac01bfd84781adf7e5,audio,590.12
d9ba932a269adb3893a1d7e53161c7d2,beleza_saude,590.0
96d76d5a8ce6f19b3072a336fa1aae49,beleza_saude,590.0
75cf9878e249e24c03d9db274cba65f4,instrumentos_musicais,590.0
08ef610bbd6b290c3811f95c354779a6,construcao_ferramentas_construcao,590.0
c75a6578b6475cf760d40cb340b3971c,agro_industria_e_comercio,589.99
79147ae9bf3c190a2e8abf486502d46c,automotivo,589.99
721b56b7d205d6750e97716593bcb370,beleza_saude,589.9
67aff847e5cccbb062dde92b68122879,relogios_presentes,589.9
5ef5431386aa79c61253305b46525fbf,brinquedos,589.9
500cf2c2853136c4782d885f61945b98,perfumaria,589.9
e7fcfe86cd2bfcfc88de49f995ee91f1,informatica_acessorios,589.0
c501f6fbb5f2af6d02385b52e91dd42c,informatica_acessorios,589.0
b99e384e6e039ba6d828b4b0389ce91b,informatica_acessorios,589.0
a3807506fd9df35137f1b81a4e0d429a,eletroportateis,589.0
8dfb03487cbe37c4d46e3e372a7df1b7,cama_mesa_banho,589.0
8084668e41771f2a83531876b0c35ebf,informatica_acessorios,589.0
7276b9bd8445d938495e0f0736b3a2ba,ferramentas_jardim,589.0
5bf143472b353eb9135f9eb9c2154497,telefonia,589.0
5825c8e4e13409ac13639e711804cce6,ferramentas_jardim,589.0
0e19c7867209124d5a735e0505c2bb24,ferramentas_jardim,589.0
18c0b4a4150176a977ab587d549575e9,relogios_presentes,588.5
c1ad8ac66c91ad301cefc322ba2adf31,relogios_presentes,587.59
0afbecb15d10af6e2c8e3a682becb22c,esporte_lazer,586.0
ff274e9a1f40c1c9bc8a2069af3a0084,beleza_saude,585.0
f744c6a73a924600d92abc66a44d4f7f,beleza_saude,585.0
d3e38ef1760a26d888e58942e16b0a70,relogios_presentes,585.0
ee918a5c4e95f273708c2582a5314325,relogios_presentes,584.99
bd67e67dcfcc53e712a29c215ec26de5,esporte_lazer,584.9
2bf749803c44ed8670283404d3c2140b,industria_comercio_e_negocios,584.4
e5c50ee10712a01bfed9854a00502f8e,portateis_casa_forno_e_cafe,583.0
674882c56b0e1ef7ce973f10a6c02b1b,pet_shop,583.0
53d8ee87caa1a2320c66074ff9c99e61,relogios_presentes,582.95
79fb349afbae7595d2bc47368a7e4558,relogios_presentes,582.5
78819ab10b4a44927c832a21c06849e0,informatica_acessorios,580.27
437c27398475365e3103e091ce518c6f,pcs,580.0
8f220439e328e0c1b68510c238d07e86,automotivo,579.99
71f2ce4ae5dfdd3b55a51c7a2d3c4da8,construcao_ferramentas_construcao,579.99
d824970b558d811cdcd98a4830cf1478,relogios_presentes,579.9
c0332d0c0813a4e26badf2e7f0b348cf,relogios_presentes,579.9
bba0d9c4f470ff541dba7f02d791a4f3,relogios_presentes,579.9
9d308481c717341c98ade1c35baee01c,relogios_presentes,579.9
64d553fec77e0fa6b5ea181beb0a8416,relogios_presentes,579.9
f2dd3514de2473108a6e631aa3f87905,relogios_presentes,579.0
ba01ca5c2982cedf05294014427c6afe,relogios_presentes,579.0
73654d559ec8c7b46ae0c6419cd59072,beleza_saude,579.0
224037b21bfa8621e39c265513ee6594,portateis_casa_forno_e_cafe,579.0
b8c472a596396ccddbade7d6900f8aa1,instrumentos_musicais,578.9
36e188142f61f077323f5d175e1af77e,ferramentas_jardim,578.0
7c252e2828f4198b4bcbdbe1bce858ea,telefonia_fixa,577.99
d13816a79f03bf978283d80fbeae06f8,moveis_sala,577.0
14ed7526330bb083481b32c7ab26f179,relogios_presentes,576.21
d8f2a339e6fa69ebf411e198b618e979,utilidades_domesticas,576.02
d8bec459af8ceb11a8177037828ad1a2,fashion_bolsas_e_acessorios,575.99
80c2ccc80085da41e8c055401fef8e3d,esporte_lazer,575.99
e10c5041c0752194622a7a7016d8c9b5,instrumentos_musicais,575.9
118300f12ed121839fd8035986a012aa,ferramentas_jardim,575.5
69f07c49379a0c4bd660dd794a72f02a,cool_stuff,574.9
fa0bace68b883626200a9047a5ea10ca,beleza_saude,574.28
703be08855ce485a358cc217d93a05d4,construcao_ferramentas_construcao,574.2
833fb04f7b1c82365c0273e62de0c19f,artigos_de_festas,571.2
4f3192a28c9da057319996e1502dc216,cool_stuff,571.1
b3cd6ea8ef75cbcb2856861b31eb9bc0,relogios_presentes,570.79
1a080577618e7fe4d9ddd8fb2b47a964,relogios_presentes,570.72
1dec4c88c685d5a07bf01dcb0f8bf9f8,automotivo,570.43
fc4e529d4121c3f5ced63c2ad05fb2d2,relogios_presentes,570.0
e034d967d446f193a9d72f30a282c312,,570.0
9617bfaed9fe3ab156b98d8e20dd01b9,esporte_lazer,570.0
7384a19bf6df5d6139bc52286cd26c2e,alimentos_bebidas,570.0
44c015f31e165a805a0c68a2124e2e90,moveis_decoracao,569.95
f227e2d44f10f7dad30fb4dfa839e7a2,moveis_sala,569.9
db3d41ff5381ce98cf9726f09e731adc,informatica_acessorios,569.9
c1e0531cb1864fd3a0cae57dca55ca80,moveis_sala,569.9
816c0585d491ed8127cebbb3dc7c89cf,brinquedos,569.9
3a9705b35192e14929ed984f99ae4f65,esporte_lazer,569.9
b68cf84ede4fd1e14b1740de5b727d55,beleza_saude,569.63
d5aca74039d8803e8a1085e419720c95,relogios_presentes,569.0
cc355167431c600415628883f63f9da5,relogios_presentes,569.0
b3af6df8f36460eadc69ee2310a440d0,construcao_ferramentas_construcao,569.0
ad5cd855e1bda6a67dfa8f3366ea6481,relogios_presentes,569.0
6e2c62713ec17c681eacdf653dddb4e5,ferramentas_jardim,569.0
4d817c0fe79db81f4f99f840cadbde0e,moveis_sala,569.0
408e5a84e3b1333dc8be734b100ba3d2,bebes,569.0
2d83551e55a4a58f813de45838427d52,telefonia,569.0
6a6ac21bea0794ba578bd5614699dcf3,perfumaria,568.9
34b91723112fa9ebf6b4d6b4db4a6741,brinquedos,567.81
b6568b6f6f28973098d2856afb8832cb,climatizacao,566.88
1e2e095149b3e9ca487d9c2d8c20378b,relogios_presentes,566.67
a97c27ea59cd231856af01eceb977ac9,utilidades_domesticas,565.7
4ece875799f8eacb00dc13e93d0a2fd0,esporte_lazer,565.67
c041a3fe1e9cf85721c1d1d054210279,relogios_presentes,565.1
ede91e87b28599f661c5322ac25b663a,instrumentos_musicais,565.0
0a10747b677a2f5efd58f827f072f27f,cool_stuff,565.0
494386f314691b99432b6402d6284bf3,eletronicos,564.9
9bc0b0cf5d074be7d532d216a92ec874,moveis_cozinha_area_de_servico_jantar_e_jardim,564.0
a082e9e8862e9af2f5a67c2dd1594010,esporte_lazer,563.6
f777c903946dd86fd00cd5b32ec3e907,construcao_ferramentas_construcao,561.9
152397b614be35e54106663bd5671f7d,ferramentas_jardim,560.75
b9ac7314894a193a11fd3150f8c69307,beleza_saude,560.56
e4d6002d3e034177ea1f31aa222cc722,pcs,560.0
b5015f9057f27b5bdefde4ca99368b54,agro_industria_e_comercio,559.99
acef497c1130f71ccfe63aaa1c9a607d,beleza_saude,559.99
0af008d54027e80d31d8dcf4b5c68447,automotivo,559.99
fb2de9a32cc54074433e9adcc092a20f,relogios_presentes,559.9
ace8fb267a4f76c58dad79d0171f6812,,559.9
46e331e83e48420b6f7a8404cf204e0b,climatizacao,559.9
1f2b3e5d739add9d4596ba6de24204d4,beleza_saude,559.9
d3c395bcfed8dcf4539f11fbc4094527,cool_stuff,559.72
03fbf722447bf7fb4a99aff40b8ede7a,instrumentos_musicais,559.67
fc5062f483f32b6e7d6e4a38c402d56c,instrumentos_musicais,559.0
6781eab14bf137c9a168c67a29c92c29,relogios_presentes,559.0
53b9d074ec70abc101321e360f438cf1,eletroportateis,559.0
659966e9c909841fb346bc47ebf45ea9,moveis_escritorio,558.9
629beb8e7317703dcc5f35b5463fd20e,,558.9
a4758e74e2cdb74d0c4db83594ca14a3,informatica_acessorios,558.5
96f4be9a5580c9fc8f6a6fa033ffb485,fashion_bolsas_e_acessorios,557.0
74f5b185b9ae404c59b0dfca346379c9,relogios_presentes,557.0
644c433cb1ef2cc92f9502a618c371be,relogios_presentes,557.0
b60a0c8bd0333c69ee70565973709bbf,beleza_saude,555.0
e074a31cddeee80c21fc613445def7bc,beleza_saude,554.0
d881c75404b591b0912840f5401ae57a,relogios_presentes,554.0
e3dc529631d8c8db3d80c26b6e05e379,casa_construcao,553.99
738067b78d178e457fa0dc6db5d2cc58,informatica_acessorios,553.97
caca7a42829960b94895b50412925a0b,informatica_acessorios,553.68
d753d967faa594c1c4014dc58966e8e1,construcao_ferramentas_construcao,552.8
5c478d826b60d0f057579a180fae4b05,informatica_acessorios,551.0
f81353ef7f563e3a3a1ea413fb41cbeb,informatica_acessorios,550.99
99ad29366bb604be21e29faa41057d34,informatica_acessorios,550.99
de9db16814cdc52a0211f27c12e172ba,esporte_lazer,550.0
c385f0d5cce61cecdc14eb82cddf1a3f,relogios_presentes,550.0
bb97ffd9ad088f593995b5b26dc9c24e,eletronicos,550.0
b477918b815e37390bf265cc4a2c1441,esporte_lazer,550.0
aed75ad669fbebd5a385ac7cc2ae7573,beleza_saude,550.0
672ffb2231575afa70f7fee73fe400a1,automotivo,550.0
125a5e9f83814692513618359a50735a,automotivo,550.0
d94b7d89fbd70f6f30c9043718784da9,brinquedos,549.99
cf9acdb2a4cecac3bd28a9a3e7bbe615,automotivo,549.99
c8149e3fab6a8301cf95e285e2c5bbaf,relogios_presentes,549.99
ad4f8de0139c69d7b3efb5ee2efb77f7,eletroportateis,549.9
9c020bc35e62119e84cbecb9d92646f0,esporte_lazer,549.9
94b0bb57e5cc458656fd7ae6b806f5a7,telefonia,549.9
5ccdf90770b6368962f99d5bdccb7ef1,bebes,549.9
44cd26d414fd350a49f984a61cca443d,relogios_presentes,549.9
deb8261d5bf5744407141a9447fb7662,cama_mesa_banho,549.1
dd99b3c94bf585d3a13a018e9eeed07f,instrumentos_musicais,549.0
b8faf829f47ba1f35f169da4acbdb88d,agro_industria_e_comercio,549.0
ae07626dfa269bbe4dc753edc3ce83b3,relogios_presentes,549.0
938052cbcbf90d7db22c1ec6321b050d,automotivo,549.0
8e05862e7dc54d6ad3571fb0749427d7,papelaria,549.0
8d2453bdd784cad1b09625bad27e3bd9,relogios_presentes,549.0
8c4ab7a3aaeb4de7eb2743401f66f986,bebes,549.0
86affbe24eda560b9bba0e36f87bdbfe,bebes,549.0
8474d936fee23f0c45620cc2022871cc,casa_conforto,549.0
72d7a511e00d9279c476a738f0d03bbb,relogios_presentes,548.9
77d58496dfa2a355c62351dd1d3982bd,construcao_ferramentas_construcao,548.35
9e261f5543c32312afa68843fabcc119,pet_shop,548.32
9291bd341e4718e27d07437d5773e07a,casa_construcao,548.06
5d9da5147623b060b44db5b01bf9e60a,beleza_saude,548.0
1ffe365aa7583189e63f2fa4f060b269,esporte_lazer,547.99
fd9f8eff0fa910129e366594485e00dd,esporte_lazer,546.9
8484864537e94e2e45582aeb667d0dcc,esporte_lazer,545.0
51f3e4065d72846204cb4f46d8d241cf,eletroportateis,545.0
29e3ff0225dcccc5bce7606bdb6362ca,informatica_acessorios,544.99
c827fb43ad0fb8708f34c2911fdc164b,esporte_lazer,544.0
2e06288cce0a0fdfeb537263dd3b3f3f,brinquedos,544.0
628f5ed6c14790dcb9233c8dbf596175,beleza_saude,543.88
aef978b83a4d0a2b9bffcd8444b681bd,eletroportateis,542.0
f24fac234abea1ab9560893ecc15a573,automotivo,540.0
b92ae71eeca0ece0cd18e4b0939bcaad,climatizacao,540.0
7ad04045119d9f1c12c3c395ce9a6590,automotivo,540.0
400a9b04cf215f1074b01b1d6c6104a4,beleza_saude,540.0
19d97e807df39d7af6311ba423eaecc3,cama_mesa_banho,540.0
a86bf954ba3a0e7e31f2b6dc5267212b,relogios_presentes,539.99
d0fea7fdcd875b2e2bec5d2359d28dda,relogios_presentes,539.9
acdcfb0e41f8091492386a014aa8d57d,relogios_presentes,539.9
99827f2c0b207eb18cf3d5f57a1390f6,relogios_presentes,539.9
39b5afc4814b4e72b2bfe4f4806aac25,relogios_presentes,539.9
57ba617c4fc4ceef2df5f1574e906320,beleza_saude,539.89
2397e0e56f2c656e794348f4fbdfa3dc,brinquedos,539.3
f3c39c81e52f6b07a486fb78d90dbfef,brinquedos,539.0
af63237de5e7f1f9c067f7b7c506287e,informatica_acessorios,539.0
a47a2ff12ffe20f1a2a85fb37d2712ec,esporte_lazer,539.0
88ef4dcecbad145f927ebce34fbdde97,brinquedos,539.0
87f87c717c93f801e1a62367ce5ff63f,construcao_ferramentas_iluminacao,539.0
e72246bac78dfdb31d5a07c47fd21dc6,bebes,538.9
af0a99476d96dcc1a1baa7c0d9ff6b9d,beleza_saude,538.2
f000b8e179dc162f26046103cd109ea3,moveis_decoracao,538.0
d31d37381e5760bb91654d898e9c1a73,beleza_saude,538.0
76bfc9b1b1f332cfe28e1480389a38ca,automotivo,537.49
627dce1ab24323cb7ac147cad5ac0b8c,ferramentas_jardim,536.49
ad2ff9b0c224aa7d855f7fd8109b6289,perfumaria,535.9
44231a850e5be11ed6374fab222ff49f,beleza_saude,535.4
48e501c433fdd2f8b2622bb9c658ffe3,ferramentas_jardim,535.04
c221338cf5bbc53a58d3f15b3620e1f0,automotivo,535.0
afc74793355c715ee40757a15b1cf31d,eletrodomesticos_2,535.0
9431c1bc614592c4c3392c6f9c1a0b89,consoles_games,535.0
f7740e5b4337a3cc4a8a204553101a85,beleza_saude,534.99
056063b2634974ef86ccb7da2d3d0dbf,esporte_lazer,534.71
8f40f0b0018b8f6fd449c4c0713e3118,utilidades_domesticas,534.57
06c950c36d589b39b34f5dc1d4a75e29,beleza_saude,534.56
0241aa4ed831b73fd4940ffd9cec20dc,eletrodomesticos_2,533.0
2fde77c0db49f38e0c0b2065f984f452,pcs,530.0
2a5fd02982127e736ae8f4d6d020fcc8,utilidades_domesticas,530.0
4fc5968ccd1881352d73d321e174df9a,moveis_sala,529.99
9d123055622741ac77766a4dbfa4d1b9,beleza_saude,529.94
cec51758e9839eb5414b214934430da6,sinalizacao_e_seguranca,529.9
6d5b63b6c4575265bb9236cf355baed0,eletrodomesticos_2,529.9
0cc562350ea5915979a9d5f1f888f131,brinquedos,529.9
d41e71b34a15f8bc2c7ed84561ebb600,informatica_acessorios,529.0
7cfc7d7ac63cfc985e69de48664bc07e,relogios_presentes,529.0
6f67fbf87e4b17a1aa8abfe2a0ffc7e4,relogios_presentes,529.0
317ac060ed225d07050a819ca208d66e,ferramentas_jardim,529.0
1f851a7f6257c8bfa62e1853e4b6bf63,bebes,529.0
f1baace9e7cf087eaa42ca6716ec1359,cama_mesa_banho,528.85
c8c073a1cae6a98799d7581958ede514,eletrodomesticos_2,528.58
f5e3c48bff299925879d1507ab662a2b,relogios_presentes,528.0
98a41cb9d66e8b7691f17dd7ebdfcd7a,relogios_presentes,528.0
0043c62d00db47eff6a6bc4cf6bfaeda,esporte_lazer,527.99
de1573cfa183a3b9ef746bc24261a497,relogios_presentes,526.0
2a7e9f98e73a335bbb0ba2253d0c9b40,automotivo,526.0
450d88168733816b7f90ea045067d072,beleza_saude,525.99
8f5cb6362e19f8120f77484dc5619a6b,automotivo,525.98
b0e9f0cc1a936b07b4fc11b3a35ad519,beleza_saude,525.9
f522bb1400b17373f48c625ccdcb3a13,ferramentas_jardim,525.0
94d1135483ece2c7493dd8f6b4ad7454,casa_construcao,525.0
677883eb52acde220f6d79fe67bba70a,brinquedos,524.92
afd433e52d4e615fc6dbb0b098167e4b,brinquedos,524.9
1cc61b32763a4d816212b3507b6b6c59,livros_interesse_geral,524.9
5fdf539153cefe3f3fd8589c6c22f191,cool_stuff,524.5
0c46bfb6210825d07804a6d4f81a5a92,beleza_saude,521.9
0081787b18cce4acc2d1adec4520d7ba,construcao_ferramentas_seguranca,521.9
c8d4b2652543be14a917376a17f426c2,consoles_games,520.9
310b40ec41fbfc061e5309006482e68a,livros_interesse_geral,520.68
ba2c575c1739bce3944c1480d5ca934b,moveis_decoracao,520.2
ecc7db31196f7b009d734aeb1e604ef7,esporte_lazer,520.0
cd594cc360d11f5d9cb49954a618d9bd,esporte_lazer,520.0
45eb55dab5f1c8e2af8b2d4ca4e6aa18,casa_construcao,520.0
44980f2abfac3c9364a666403350799b,esporte_lazer,520.0
24baefeed71136f90df0149ca1e85c49,automotivo,520.0
2dbed858ef1a666ec3afae6566400a06,esporte_lazer,519.99
23a8c3849cf3f25b1962e056d459deb7,brinquedos,519.99
d14495a85be157b5cacef4eaaf825791,moveis_cozinha_area_de_servico_jantar_e_jardim,519.9
db34e1e6f14cc3755d9149fe8a1de9fd,cool_stuff,519.78
fc2d2cbc50b7d69ce961df503cb25e6b,ferramentas_jardim,519.0
2f9c0e14be2e1e641c76a4d0b3032043,moveis_cozinha_area_de_servico_jantar_e_jardim,519.0
2e0e1e610098039f2eee73b65de098b4,relogios_presentes,519.0
30d755143f7313a7c3d24f936273dc19,beleza_saude,518.4
1cc7dc76718ffa96d0826a78498c9fbe,utilidades_domesticas,518.18
99797fec32d275aa8d943b11bd6dd11a,consoles_games,518.0
ae62bb0f95af63d64eae5f93dddea8d3,portateis_cozinha_e_preparadores_de_alimentos,517.8
a6d11caea18ae416c4861a5a9f9711de,relogios_presentes,517.75
4db2db9bfca9f726d1ad7e1713bbe432,informatica_acessorios,517.65
17c9711cb08dc4757841afc6d4a239d4,consoles_games,516.59
46fd22a153db867285b826a2c62b446b,utilidades_domesticas,515.0
0b48eade13cfad433122f23739a66898,moveis_decoracao,514.88
2dbad6cd56b73cfd7f1885d112d9b96b,beleza_saude,514.65
ff34f05b00e8638201e04d2d0651c663,ferramentas_jardim,514.0
1d32c0582d833b02199e449713fad071,cama_mesa_banho,513.99
c3219fce25bc0add4fd070f26d55615e,informatica_acessorios,513.9
d7763817e6c04ac719414a48dd46928e,beleza_saude,513.45
73914fe8c3e5b38fa0155ab051c6c1d7,beleza_saude,513.4
d7cdea99e6f50310c242d02f16f1f63c,relogios_presentes,512.15
1945afae0c93166dce1f186d00125695,informatica_acessorios,511.46
af8215adef2df1e9e66642f159e81e55,relogios_presentes,510.99
d5ad5c4a843732aee4cecc1bbbf276dc,ferramentas_jardim,510.0
97ab901f90b75df669b546a1d68d0512,brinquedos,510.0
81dafd5731170e9cee4d7cc2d0be605c,moveis_decoracao,510.0
5c6dad13ed0e96184a1bad2adbbd6394,ferramentas_jardim,510.0
28a165dbe64110f22085544d7129480c,automotivo,510.0
9523bf75c55cbbd31a79ea86a9157a39,eletroportateis,509.9
d372821d2eaba9c81a3d5fcc302c2f78,utilidades_domesticas,509.5
9f621d1fd090c5ca124462612ceabd96,utilidades_domesticas,509.0
3478e86e13980bc0cf09919ae35561f3,ferramentas_jardim,509.0
32943921f52ed83f1af15db364dbcc2b,moveis_cozinha_area_de_servico_jantar_e_jardim,509.0
2aaaa41fb5edc85f4814c73106f27d64,informatica_acessorios,508.72
321c788deb64e03c83312213e1ddc6f4,relogios_presentes,506.5
0296dd002a346e3bbdda4e0bc48a5073,moveis_quarto,505.0
48ca75f9775562a7c9b696daa1677fce,automotivo,504.72
8b5227e28272123eefd613a10ffd7704,relogios_presentes,504.31
4af813a3e5bc89370ef80fe126542076,brinquedos,503.32
7614c62b86a81021243e438cfde78ccc,beleza_saude,502.63
1349d35861565f14ad2d162ef37ddc34,eletroportateis,502.0
d5bbfcd27daa6365834ed9d16195d64e,fashion_bolsas_e_acessorios,501.9
b8d682ed9fe73be0d13a38e716573f79,consoles_games,500.0
b67444235c5d1da1b9e136f66fdf3fd0,,500.0
9ba9e0b736763a4badc2d630822c0a1c,utilidades_domesticas,500.0
8006cc1b6dee0d91ffe9cf906016dac7,relogios_presentes,500.0
7b0837837bc77c47aff31afc04286281,ferramentas_jardim,500.0
4cd531c7f4447ebff6dd6bd12993fab8,construcao_ferramentas_construcao,500.0
26ce5e30e831d1c1e9ac3eeb3a876935,construcao_ferramentas_construcao,500.0
f989412e4e7110deab61cdc486f8e0de,brinquedos,499.99
ec8cad139523a58066a27ef934466932,beleza_saude,499.99
b0d541ceb681bc48e1d5994bb7d8c9de,automotivo,499.99
ac9416f3547c7cd86408fb5e3bca2d3e,eletrodomesticos_2,499.99
aa5e980b726d76e5a61dfd188724be28,esporte_lazer,499.99
a2f28e3d47bd6d7d334089ebebdd55e2,pet_shop,499.99
8c31e10f98572eed00b427279e9ce0e6,cool_stuff,499.99
8b2a1e0d2ee4fa00cd00519b7881203a,automotivo,499.99
82495477af19e76ed4b080e66298f2bc,brinquedos,499.99
793a96e3c85c5553d7a9ab25dcf370d3,automotivo,499.99
774bf54401ea79ee6962d25b605716dc,informatica_acessorios,499.99
756d52539899974a9b2ae56aff0b6a2e,construcao_ferramentas_jardim,499.99
557d306a56fe0848efbea81dafc78006,automotivo,499.99
3344f3ccc35b04b81d8cc2aefabcbcdd,bebes,499.99
2bdba1ee1237d3a5287425749f71b2b9,moveis_sala,499.99
2885ab45425766e3ed00f482e247c336,automotivo,499.99
1cf39a397efa955b102a52ee7ec5531c,automotivo,499.99
e108e472a045d8c76c43ba7f2cf4958a,relogios_presentes,499.9
d4e8f0258fc25c199ade899a87a8f664,moveis_escritorio,499.9
ca3fd09ef832923ccad790506d6e0385,pet_shop,499.9
ca3d7d7b66676d1731e2fe13b5243c43,cool_stuff,499.9
c2c4abda0d688d5c2a7f48644ee55a8c,eletronicos,499.9
b1370e983f7a817244be390d1f7f2e7b,eletrodomesticos_2,499.9
aa20709d44e96059764f1b0386d3bcfa,relogios_presentes,499.9
9bde06b382560a866ee357832761aaf0,brinquedos,499.9
83ef44e104d09603c783f1cc00cff82a,relogios_presentes,499.9
7f98b8ee9f858f69f6e73715c3fe8ed2,cool_stuff,499.9
788f25ce10487e2a8bf8080d2d10b27c,telefonia,499.9
75a9a2b97bddd22ba8b6fdd4b042da42,beleza_saude,499.9
675921526583e0b3096c3f811d46a7a0,moveis_escritorio,499.9
5ae42f9d8352b9edd11800ebd575f4f7,automotivo,499.9
587ff13bc6c58e023e298ac897fa1a3c,moveis_escritorio,499.9
4e1617edd232ad8e0108ecc9bff047df,relogios_presentes,499.9
1f8fc2e117826028a2f1ad01a8638d62,utilidades_domesticas,499.9
13db47eae724e2848e12b71a617a3a41,audio,499.72
c326c16c4e67b3648c8992954d628795,perfumaria,499.49
80be7f3c94ee90b42197f718de0ea371,bebes,499.45
f19d1f3b037970f5f9f1f3dad8e8287b,eletrodomesticos,499.25
fc83db05de6120d00e02ea0fe6f916af,ferramentas_jardim,499.0
f50df3b65ee30912ca3e462971e1334f,informatica_acessorios,499.0
f16d9c6688f187efa6ce353d689d85fd,moveis_escritorio,499.0
c874b6cca27efc978feed6fd55b2985c,bebes,499.0
ba7b704d92d5b165f298aaca31278695,beleza_saude,499.0
b4e319cb48642fd748a387fb88c31c35,brinquedos,499.0
b44cc626aea8d2a65572672cb050c083,informatica_acessorios,499.0
b35370362fa3ad4b1976f2a11f146dfd,moveis_decoracao,499.0
b096d990c6b4017851564c895ffa9e44,eletronicos,499.0
9749d8875e250b3cb65d938c46efac5a,moveis_decoracao,499.0
88ddff0c40fa663f407d4bc8c339f764,moveis_escritorio,499.0
84ebb1fd3f66392b5fad4d56abc35f15,ferramentas_jardim,499.0
5c04d019c44f9f7da2d2b9508871a243,construcao_ferramentas_construcao,499.0
4483c98ea94953839ff0e935627b831d,telefonia,499.0
4279d87e5f7172daa2836d7122d10829,cool_stuff,499.0
303e0abaf09605c8c5ac632f72a3afb3,automotivo,499.0
142c759524da90ea8c592f9b3b1fedb5,casa_conforto,499.0
0ff5724c5f19f85ca8e95529a6340c3e,automotivo,499.0
0a32970769398151da435910bce405e4,esporte_lazer,499.0
b8212b3bd65a9c7070e474f1430c94de,beleza_saude,498.9
a861d5c0df81a446e7e60ddb33ec0659,automotivo,498.9
901283b66481331ad99c4eb953c04c43,eletrodomesticos,498.8
46e5995ddd4728e50343ef6bdb45b75f,telefonia_fixa,498.5
f72b26eeffe2345b486cfeb723305bac,agro_industria_e_comercio,498.0
ceb508df59a2a7fd3bb60e34fba484a0,informatica_acessorios,498.0
b56d201af4e494d64897a4be5bb6782b,beleza_saude,498.0
addc5c8bbd255c685d87235db4c4579d,construcao_ferramentas_construcao,498.0
0a997c3c894c98d4e3def0e83124c9ba,relogios_presentes,498.0
cc01f8e6114f2ff5a829ccc55d62f132,relogios_presentes,497.0
b91b152754992edb9a83710c87a9427e,perfumaria,497.0
0e632ab9f5b05a2703871a8f27e4e1a7,informatica_acessorios,496.9
a9db0b3ccda9daac5d0fca952d5ab30a,ferramentas_jardim,495.95
66e94c5c07d64d44c16cd6903a79a453,agro_industria_e_comercio,495.6
c3e39e3603cf827114f46ca972681473,moveis_quarto,495.0
750d887c4fb151156b3c0dec3041549c,construcao_ferramentas_jardim,495.0
73dacc49330dc5cc9b1c1983c16200e7,automotivo,495.0
5612648da3c29f5f0236f13c99bed154,cool_stuff,495.0
10396249c30f74b20403120c8c3a49c9,relogios_presentes,495.0
9ad536de496ccba6e4a9ac7be933ad9d,beleza_saude,494.99
89f477e164a214412b100a5c35464b0a,automotivo,494.9
accbae01c370247dd0aa8d735f9ff675,perfumaria,493.9
ad0a8215eb34f64a304b12106de7af30,fashion_bolsas_e_acessorios,493.0
691c1cc8a89f47bf99b00a7aeee5c4f3,beleza_saude,493.0
21fd3b391a97c2fedab9d0efdd183a93,utilidades_domesticas,492.61
cca44f5c2c4c50a416b7ee155a58b2ba,relogios_presentes,492.04
0f18dd94b11fed8cecd947decde9d3b1,relogios_presentes,492.04
e5e8d1321d9ce88718c1ab0c7308931b,relogios_presentes,492.02
05e8eca656b87428a0e8453a2f335cdf,eletrodomesticos_2,492.0
a1f1aaa22f634ff796e9acad925c346d,ferramentas_jardim,491.99
ebc714d9f070a89f4d411982ea9670fb,brinquedos,491.66
f32ccb00285b3be848ab904c4c0d1980,utilidades_domesticas,490.0
d5de9e83335830f4597d314e63845eb3,ferramentas_jardim,490.0
d1a943978e5d919d1ab662b07c810dae,instrumentos_musicais,490.0
fcddf470369a3a13fc7b6146ac3a816e,malas_acessorios,489.99
8b52ce7d34b48cfa97fc4219b3fa4e39,relogios_presentes,489.99
6f053a0a4d934dfde147e71bcedc99e8,relogios_presentes,489.99
45bb3dc2bad11474b99f167b3e95fd02,relogios_presentes,489.99
c77dfb9c5aa26053afa89e2f78e09719,fashion_bolsas_e_acessorios,489.9
9321b2e4e8fe357fe2e3bad624229bd5,perfumaria,489.9
43979b70f75394b51866db74a0b9ce7d,utilidades_domesticas,489.9
0de9e97aea20a7497e01b63e7788e43f,utilidades_domesticas,489.9
12384cc446601c16ff6d05077ad6e92d,relogios_presentes,489.5
d294bd539d8c70342149beb38b767afc,relogios_presentes,489.0
cb8071e0e6bdb1ac211879a8cc3b9a41,ferramentas_jardim,489.0
c696cd2db7870be08c37822f7c0ef831,relogios_presentes,489.0
c3da6347b3df112e52de0d6f9443158b,construcao_ferramentas_construcao,489.0
c148ea72eba1b3bb6f9f5050183d533d,ferramentas_jardim,489.0
845f006b4e362c371735a9a64f6a52b8,construcao_ferramentas_construcao,489.0
7c6473a2c5d2f22701b1a4340f1b6066,pet_shop,489.0
6aafd3c0f3c474278b14545ef46bb99b,construcao_ferramentas_construcao,489.0
52690beab08122aee391378fbf246a58,cool_stuff,489.0
2dfda1ff7f02fb76576e5961ddd85e38,perfumaria,489.0
0bec8ea972e7cf7bf6e81cf9c99c725b,construcao_ferramentas_construcao,489.0
61a4100ccd6d9c4c808a1fd954ddb8ad,eletroportateis,486.18
c349071c40ca2919f27bd3d6a2fb6fea,papelaria,485.1
e7248872169a7ab67e20c182aaf17976,instrumentos_musicais,485.0
3b17f6528c9e2a01b2f75f844a60ddae,instrumentos_musicais,485.0
fe31b2791161c24e921f90788d443e1c,consoles_games,482.9
9453bde60c4ee52155c963641736cfc5,beleza_saude,482.86
f7944bea06011a56749cb63cb546b89a,informatica_acessorios,482.49
159dc4423e5092c3baa443379a458fa9,beleza_saude,481.11
b11671939984d7f8b038369720ed36d3,moveis_escritorio,480.0
a2f4e28e50f60566eeb99f842ffc0fd9,instrumentos_musicais,480.0
472e40d731e031417dbd21ef8bf03f8d,informatica_acessorios,480.0
e45647e5c15c782d396aac4b74154c06,automotivo,479.99
8d6cb00151d423c52855385c89f0bae8,automotivo,479.99
25115416bba55bd33ecccbc480ec7a81,relogios_presentes,479.99
cfc37213adcf7bc0a35084f70a312b13,instrumentos_musicais,479.9
c0b530b460b26961dd375e84c48377fa,esporte_lazer,479.9
b45e1c65cd9f63e06b57f502caf50b78,brinquedos,479.9
30fe9c818bb5746a839886f256329d5e,brinquedos,479.9
6a64f310d8075f40b78eb471df9ddac4,perfumaria,479.82
2aca750f46a021f1d74607ac2b46e8fa,relogios_presentes,479.8
5c688aca24c45ff04fe5b6d6ee438e60,relogios_presentes,479.75
f90781e8e990b7e051be89afa85ee625,construcao_ferramentas_construcao,479.0
8994237d820597beb5dc3cd977f6bbd5,bebes,479.0
86bddf117876feb2e7ab68191c9b8bb1,informatica_acessorios,479.0
7535f3518e1009b17aa6e3fa553e82bc,brinquedos,479.0
6b4b43f30f71d5d25a64145919f7f515,brinquedos,479.0
2d75b9adc67c44c0967c56919c165354,beleza_saude,479.0
22dfa7d077d1088aba3095c67ee10a9a,informatica_acessorios,479.0
2c1a4c9437bc5311d6ea858485992ca8,instrumentos_musicais,478.7
c0380894bd866c75c47c00359dde5bd9,fashion_bolsas_e_acessorios,478.0
56d1d1451e981bbe43a2301a11ebef1a,relogios_presentes,478.0
8ab2bfb191a18b11427454a8419d01bc,cool_stuff,475.6
cf88e5bfdc37eafcb2130a618e815438,automotivo,474.99
0ef37d421045fdf87dba29f9bbfda772,informatica_acessorios,474.9
251ef1633e102f2a29ed2fc7eb5ca683,bebes,474.89
79896466715d0179d8e5c8a84e5f0a18,cool_stuff,473.98
651ddf320f742699115641fac3e69bc9,esporte_lazer,473.5
0b41e00d58da605465f22bde5b7cf725,automotivo,473.24
97194fdae68fa163b7cc5c02bfedbf16,bebes,473.23
fd445af3bbca370905733a0bf87b89bd,consoles_games,471.5
7a8dac4aaa16bc642e4df33adcf03303,cool_stuff,469.99
20b4ef73ecadd46e16830ece8483b656,cool_stuff,469.99
ad1280b6c5b1af7cfd97372249be66c9,ferramentas_jardim,469.9
ab1741a86f20ab3aca7dd2c347d5a9e3,,469.9
9914c493622d54a4297b480620db7cd7,ferramentas_jardim,469.9
0ef539a5334aaf06f2a028d08021f681,brinquedos,469.9
e6a5c36890bb6b3ed8a1dd32a9930b77,eletronicos,469.0
c956bde83b283fe27c438080dcb246c5,utilidades_domesticas,469.0
7b0d4f48315e67c7fe70059533c450f8,ferramentas_jardim,469.0
49b6d7e8192cd04ef8f69b1bf00b7eb1,agro_industria_e_comercio,469.0
2f763ba79d9cd987b2034aac7ceffe06,eletronicos,469.0
29abbd57526dab494a667e62d361f6cf,automotivo,469.0
1f32fa4223c913c075458059fde383bb,informatica_acessorios,469.0
da9278e44c4ae00f02a965792a392ea3,eletrodomesticos_2,468.0
77ccda894b672fe1214b0101d108d7f7,beleza_saude,467.5
9db78e784e1ca837bb7f510888807baa,eletrodomesticos_2,467.0
4a351fa3b10c2b78daee983c534c56fd,informatica_acessorios,467.0
1b64e3f229ea80e2b453b120cebcc448,informatica_acessorios,467.0
c0ac4a89376955451270b960e02209cd,consoles_games,466.99
fe3d99587f58ad918a2241f5c7dfa274,esporte_lazer,466.0
e6f927322d3e315ea72b768b52126b9b,esporte_lazer,466.0
dde7139085b54e2ea1771a2f9964d344,esporte_lazer,466.0
426596c392468d670e27195c23a6c3fe,ferramentas_jardim,466.0
ed6905f4a4a9728bc20da105c7099120,climatizacao,465.52
82cf0461be800ca238f5237df3a39ab3,informatica_acessorios,465.38
5b3c2a0b39f0a99d946e2055617d11f2,brinquedos,464.99
c1efc30d1b6b50c2bbf4644102bc16dc,esporte_lazer,463.0
4901f0f8eba79934ba3cdfa1fbc02893,construcao_ferramentas_seguranca,461.9
468d6fdab42957c139bf99947659098e,utilidades_domesticas,461.84
170db4e7b448ea0a8261aa05fff39ee5,fashion_bolsas_e_acessorios,460.7
9388fcd19f74f595e79b1a302b930bf7,consoles_games,460.67
b6106bf3d09b8fdd33c3a9559da43145,moveis_sala,460.0
90a4e360b368cf4f42028b8ed1d99d41,automotivo,460.0
fdbfd4cec6db6e89f22d9aa2c4839eed,casa_construcao,459.99
de9a61e37001d519e3ed85687fdf94ae,casa_construcao,459.99
a14aea6067b93158e956612c50b74cfa,,459.99
79aeb59afda7d969a311da02c2426ab3,utilidades_domesticas,459.9
0e621085968d9a9585ed3c2c204825e2,beleza_saude,459.9
5d9805d8578300114d104afcfd6e6b39,esporte_lazer,459.45
af210e7b5709fdeb3984f93a10da094e,beleza_saude,459.08
e662b8867ed957f588462afefab88936,construcao_ferramentas_seguranca,459.0
c74e157255c4861775b6885cc14a1ced,brinquedos,459.0
b950ee33f8e898131a41a874f72055dc,ferramentas_jardim,459.0
b6403b2cb9c29a988be655885b9c1812,informatica_acessorios,459.0
8d7a78b702d2a089195118b7f79b7b29,relogios_presentes,459.0
865bfa00c1dad8f4146d3c2765f051ca,ferramentas_jardim,459.0
71806ae7a741f21e27a83b42237b2405,beleza_saude,459.0
4dbd164e17f931f99e7553c97000a4d8,fashion_bolsas_e_acessorios,459.0
35e5dc947c66435929389d8043b9a6ff,esporte_lazer,459.0
37167b49712cb4ce822d51958a4ec0c3,beleza_saude,458.85
c3f538a01c95c92ddb8055bcfc6f4bd0,instrumentos_musicais,458.28
6a1281ddeb8279b7748a31ffe3e479b4,eletrodomesticos_2,458.0
60c7abb839b47c7e3732ff91c16c7c2d,moveis_decoracao,458.0
28e5952cd1bf2d11f282fe5ab0c1e733,ferramentas_jardim,457.0
5b22ee51ed70519e97ac231091d12a51,moveis_decoracao,455.7
46a4b4529fb2c8fbb84be938c9bb8b02,beleza_saude,455.0
055cf0b2191631209c21bde8d353c7f2,cool_stuff,455.0
4be81859195b7736f5e52c039d072782,consoles_games,454.0
0cdaad368fc9c18b0e7c3328f79f341b,instrumentos_musicais,454.0
6f66ef344e1db8560c3d036ee214f355,utilidades_domesticas,453.7
23ed7a10a36c6f88a757a9c83df9ea20,perfumaria,453.47
d0389f20b3d11de54e1e4561df147683,casa_construcao,452.6
dceb3f67aef3484498a7caa4ba50f484,ferramentas_jardim,452.33
299f75185c7f6f9b711b15a5ddb77e56,utilidades_domesticas,452.33
efab00780753fd85d64e8c727c331a60,cama_mesa_banho,451.0
d0b1ecfae93aa9d505e6528b70740de4,esporte_lazer,451.0
99c97d191bcc87e072acc4521bce44d4,eletrodomesticos_2,450.5
dfd89d96029976badf7fe6a83f5f7ae2,telefonia,450.0
c98b240226f68cdb71a1b4b24d5f3843,cool_stuff,450.0
b4853c75f13157892b0b87a2c9bcd13e,brinquedos,450.0
73f1f4a973ffb99bb0157e38ab33f989,construcao_ferramentas_construcao,450.0
724dc24aa8d029d5d48b38bbbd54ec20,esporte_lazer,450.0
6f5b86fea3f029028ff6b3a88248be45,eletroportateis,450.0
4e2d44d76e9a42695fbd7bb50a140b51,automotivo,450.0
34607082301052079a3bffcd12c5ecfb,utilidades_domesticas,450.0
cf7a7b66aacf1f397f944fa689f6af82,automotivo,449.99
c4761af5e6a2183cc23c77a8d16f9d09,cool_stuff,449.99
b9255fa1436215fbff730a7f26be45bc,esporte_lazer,449.99
2a66698f3c9f8708a0505b5ab2cb380d,relogios_presentes,449.99
271a7b6b19c824b39c44b59aef7c4135,automotivo,449.99
1f624c9baa5906ea6b9ff4ccfbb4d6c0,relogios_presentes,449.99
fb3d9b25b111fc87a868c07e66489cae,beleza_saude,449.9
f1aa9d01a0ddad2937f722cb61abc03f,automotivo,449.9
e0c47a145f4748e4d7a418502d65aa35,cool_stuff,449.9
9fef57f37ae72292952e73ff9a7a3fee,moveis_cozinha_area_de_servico_jantar_e_jardim,449.9
9969f7caa71f4ddb8127440e8d5890e8,cama_mesa_banho,449.9
6adb884908249193959d741606300ab0,relogios_presentes,449.9
695cb7d69f96dcd38681d4a4d485bc85,moveis_decoracao,449.9
4a5cc900bb2910a2b8dec20cebf1c0fb,cool_stuff,449.9
3d77287739b6bf1ac163ce2d77570ada,moveis_decoracao,449.9
3b68c9e3c1775f3343e6643b793a5b02,relogios_presentes,449.9
104df90728d375537321e6d994168cc1,ferramentas_jardim,449.9
c9c64ed470b1fd9239c456fd6fe99738,cama_mesa_banho,449.89
52cd5817c291740688bad8a1972bb019,relogios_presentes,449.5
21a3fd0dcc50f6c1dbd01c2faf1db393,cool_stuff,449.33
e7c8819338fc9a87e81ea2d90898f612,ferramentas_jardim,449.0
e5e4c79bce72fc7476860916c1a9dd18,informatica_acessorios,449.0
bb5d4ec6e4443ba8589bb940d5b2945f,moveis_cozinha_area_de_servico_jantar_e_jardim,449.0
857dae9f7ebd67d5920e6543f24c3841,cama_mesa_banho,449.0
7289a8d65ae2c86dfdee27f8af257a3d,beleza_saude,449.0
2fa89b5aab0d3ca1853c81851047b55b,ferramentas_jardim,449.0
2d9034164be45fea72a91641a3874c33,construcao_ferramentas_construcao,449.0
287398c3a5da555d519e464b674c1955,perfumaria,449.0
1cee940750667f29c969974d268656f8,beleza_saude,449.0
19600534553df3c5578890657d824296,cool_stuff,449.0
0fbf220f61720a67fc0d6432cb32a5b4,ferramentas_jardim,449.0
050ab8e1f87a468de0eed97451da3efd,bebes,449.0
003c0b8f6580c850bd2e32044d2ac307,moveis_cozinha_area_de_servico_jantar_e_jardim,449.0
f992bc38a69c993979545475f05ba50f,perfumaria,448.89
a7841f8c0ca7736a81dd679c39d7fd21,moveis_decoracao,448.7
926e66aed471a4345d1c8d70b60c1874,esporte_lazer,448.49
394022f6655a84ccaf2e13389a8ec779,bebes,448.47
8af78635010ca0b1366e5a2b17f52b59,relogios_presentes,448.0
5f1d10ccc8198967ca0278fdfd474a51,eletroportateis,447.0
423a6644f0aa529e8828ff1f91003690,agro_industria_e_comercio,446.83
13cf6ebf8152ba2ef2a1ee491f7346c1,informatica_acessorios,445.9
e552913ea4188584e1da1c487d9cde7d,beleza_saude,445.0
86b4986bc313d65b0b5e46f5be8d11ce,consoles_games,445.0
33041fc111e526d9dd16e06678ff5eeb,cool_stuff,444.0
b6a87bcded824fcc11c6bb01bbf9721d,casa_construcao,443.9
b77dac30490dcfa827c2060a7a3a2a0d,relogios_presentes,442.95
c7df652246ed7b3300aaf46960c141e4,beleza_saude,441.25
e29a76f2a3941ad2dba120f90a536829,casa_construcao,441.0
040fe1cdb263eb2c9b1322875b0afcb7,perfumaria,440.97
799762a3dc75b6d2078a33596d69833c,esporte_lazer,440.55
813a30050677eb6996e12eea9ad400bf,beleza_saude,440.25
64f1126c9715d5394b7301934c6833f0,esporte_lazer,440.0
a1b951b4a7ac3dcd035bc6532b95ffed,beleza_saude,439.99
4fcc9ea45483a04bc0b5d63622108272,consoles_games,439.99
1df1a2df8ad2b9d3aa49fd851e3145ad,agro_industria_e_comercio,439.99
e9ece5b909d4feee55f77a610b262367,utilidades_domesticas,439.9
dff20ba2dd059040c0940992753c0a58,informatica_acessorios,439.9
584c7a0f5da1770ba58350c8d8176b45,automotivo,439.9
2a53631fc50358be1034699a658237d1,eletronicos,439.9
022ff42cced44a2b2cca57061cabb526,esporte_lazer,439.9
401b500ac0cf49fd24047ba60015a7ae,ferramentas_jardim,439.61
fa9cc1dfd86d0877d43101973bf26eee,utilidades_domesticas,439.0
f17d1aa5300d268089a9c5136dbeb6b0,fashion_bolsas_e_acessorios,439.0
cfce05163d94540468fd6c92c62fa5db,utilidades_domesticas,439.0
abe90b94fe9bb697a9f2bd7e25029c2f,audio,439.0
6ff26ef9ee033313afc8e84810a11079,fashion_bolsas_e_acessorios,439.0
64a729b37766f9411a1f786ff060cc85,informatica_acessorios,439.0
3eb6b55ec8635498193d4fc3d264e6a3,instrumentos_musicais,439.0
3a291232233a1095ce36ff646b7ea383,fashion_bolsas_e_acessorios,439.0
30d150cd35905a222b8840fbdfd422dd,automotivo,439.0
2d4a0901f4f1829bd4f4affbb142ce4b,consoles_games,439.0
17c52ae67ff6a495f5c73e4fe7beb56a,fashion_bolsas_e_acessorios,439.0
0d735ec0b40c02b6f7175205fb0e2de5,beleza_saude,439.0
0d27851a74a2b7abf8e6daa991d005f8,beleza_saude,439.0
830345ab5d2e365c7c6b91459119ea2d,beleza_saude,437.41
3ae4b63ae37e03994e257921c73d50b8,cama_mesa_banho,437.39
1e8c9a649b9c92a2acf771c3168e15b8,cama_mesa_banho,437.25
7940f574701f6518fea2877012f7055e,papelaria,437.0
08418a3bc628e92c012281010957e259,papelaria,437.0
bf2ce842e3094204d338854ad96ba5ae,construcao_ferramentas_seguranca,436.9
b800d7bb8cd5a7093dd099a367d1dde2,ferramentas_jardim,436.5
ed6aa9dd6a70f0af477c150b0f5f47f2,construcao_ferramentas_seguranca,435.19
f092eaa771e3dca0bfeca32b5c9d5669,instrumentos_musicais,435.0
cbe506e38c6bcaa995a8f629a4d59d22,eletrodomesticos_2,435.0
c9a723361582704a087fcf8bdbe4a460,moveis_cozinha_area_de_servico_jantar_e_jardim,435.0
a21ff4d1a65a23c7e676469d24434a00,automotivo,435.0
34dcc2f0a890f961ee6252a1cd6ae3f2,utilidades_domesticas,434.95
32bcebd1122da0e45ac11739dd7a1cad,automotivo,434.0
05928363cd16fb2d20ccad40992105aa,fashion_bolsas_e_acessorios,434.0
31d22f91c17551712034a105e70ab838,moveis_decoracao,432.9
2856b9cb722cb91f23867a5345b6e0d5,instrumentos_musicais,432.74
0856c40d9a18fc6aa8bb4be6a092f95b,cama_mesa_banho,432.3
3a05f25f787e81cdd89d9612bff31bd8,telefonia,432.0
dac3640f6d34332e47555c0f1c5cad27,relogios_presentes,430.0
d0877f0094337c414d23f5a3c7bad20c,moveis_escritorio,430.0
7bc637a5504e0cfdf08490124d681fd3,pet_shop,430.0
70dfaa15ff6214af572bcf8372986f25,telefonia,430.0
69428fb5c0da1fac708bdb33868b42d8,esporte_lazer,430.0
50b812e0fc60a37b284e9bbbfc7e8fac,construcao_ferramentas_seguranca,430.0
4048d207d5f97fb47be6486952d641aa,eletronicos,430.0
1fad46b84ac1748ff47bf2d703565a7a,climatizacao,430.0
ef8c595d7bee1734828c0dde5ee24c93,ferramentas_jardim,429.99
76fab799e52e98680a1aae62daef914f,eletrodomesticos_2,429.99
7020952e39b390bfe87c475d4c99b3d7,utilidades_domesticas,429.99
db96ef2aef93a5a96d1e3296a32648e5,agro_industria_e_comercio,429.98
ba959fa0160c144aab62f721009c5f32,automotivo,429.98
f7b99d8ce1193a2e5979b3c1584a5d08,automotivo,429.9
f6453858964de0e03cbc5ceeef4e6ebd,automotivo,429.9
f4b684b9c6a1a744af575c7c6623962d,eletrodomesticos_2,429.9
e61721efa0db661f7cdc3d37663135e0,perfumaria,429.9
b00a5c58d3c4139cf67ccae61feb43f8,automotivo,429.9
a1c26a87d00e216e5019700026d8d7ce,bebes,429.9
91dd4f060a7d723513fd46c1d0cc1bcb,automotivo,429.9
90e72f6ceee757db03bba3a4eaef5dc4,automotivo,429.9
8fd3860e3ab6a97c681d58366f981a07,automotivo,429.9
85eed6b3f52d601d2a288e2668b888df,automotivo,429.9
7506f10f7460992e59f979011541e00e,cama_mesa_banho,429.9
6fa678696394694c5c9fb4d32a9fd247,automotivo,429.9
6f9d3ff69fea5b27532628c987f4b49a,automotivo,429.9
596dd8bfc1289b4336ef857ffb960d47,fashion_bolsas_e_acessorios,429.9
577c6116dcce6a33261911b5225ac475,automotivo,429.9
54df09a5996302d51d8c0d81cbcdce39,eletroportateis,429.9
3ed43e8f95f9801cd8099b6f73e07335,fashion_bolsas_e_acessorios,429.9
283fdfa75f7a2ae01b4dec87edd065eb,relogios_presentes,429.9
202a77df8644deb5f8006aea1e013d5d,automotivo,429.9
1020b67af447026e34fadc5a08f786b1,automotivo,429.9
e6506b15fb88b22adb8f9dcdb20e532a,moveis_decoracao,429.0
ae39a60d9d830340edf374b7cb0f6e71,moveis_decoracao,429.0
adbcdfcfd5b8479f90579e4dd02df2aa,agro_industria_e_comercio,429.0
7aee02a2be46cc487c6c56c0c420075a,cool_stuff,429.0
5d030df086e7b38e143350d4c99db48d,moveis_sala,429.0
59f42de833f91d27e377bf831fa9c1e0,cool_stuff,429.0
360b0e7b004a03e0e766981afc68c069,cool_stuff,429.0
274c0bd39936b237bdb8cee38abf94f5,relogios_presentes,429.0
f74353ffeaa55836a3cf603a2dcd855e,eletroportateis,428.95
af6212485a18d445fe0fda7c7875d4b3,cama_mesa_banho,428.0
811c8bc1ddef7440e27dfb8cb536f334,bebes,428.0
ffce5ed9e0bcc2e46796b988cdac733b,consoles_games,426.5
431dc11c26a67c6a49e81cee84f35b28,consoles_games,426.5
246bb3747799aedac65feef38ac9e734,consoles_games,426.5
223f6bc365de199df4fbd5db2ca6ec1d,moveis_sala,425.99
d316be2b41acc6a122548a0d08570ca6,casa_construcao,425.32
c76c5091f2e4b72771beb812a07ef131,consoles_games,425.0
bc75afcd6671acc797fb53a6835c83c8,automotivo,425.0
820a71c6cab9c9f8c9089394c667ecfd,automotivo,425.0
03b10f5e3ef07cfc27a025adca3fd0be,esporte_lazer,425.0
13c7f5f30c37ace12ec243d2ebb8e970,informatica_acessorios,424.9
c4a4f6326493ee449e618f0143d290fd,moveis_sala,424.0
3becff10d1deb92b02f2a1ee62a04524,informatica_acessorios,422.49
b1d1dedf9404cb40c2cb575270828994,moveis_decoracao,422.4
1782400950423c9b12600278b8ef65d3,perfumaria,422.11
b98d41e46b20c7a6f0e509d1c76d8823,informatica_acessorios,422.01
c07d367dd7b78b0558e7a3e1e1a975c8,cama_mesa_banho,422.0
2cd4861a56a6f98288e0281e47f4b1d5,cama_mesa_banho,422.0
2a5fa7b501557e971bf63ec336f67fa2,cama_mesa_banho,422.0
0c6fc9b9317a68d1cda098c063914b72,instrumentos_musicais,421.9
3e0da944edda889e1287894ad28d9ed0,cool_stuff,420.07
f320d436d02e0ada8609c458037f61ea,agro_industria_e_comercio,420.0
65bfaa2fff2cfb55a0b7a466549e6758,beleza_saude,420.0
47610c97b60ace4c786250fe5b4223e3,esporte_lazer,419.99
44af7e0083e6ebeeeae5da438472d189,telefonia_fixa,419.99
f9a09e5ecddf77ede4cade6a11624ac9,moveis_escritorio,419.9
c9edf439fd16e320a394e3e998138ff5,construcao_ferramentas_construcao,419.9
c4989935ece6a2e0c0c148ede45f640e,instrumentos_musicais,419.9
b044508a133779eb79ef64f5d5a2eac7,bebes,419.9
8787e56abaa84fc6c3ba9afa857632b1,moveis_escritorio,419.9
7ccdeb231b869e61d5663c82dcd499f5,moveis_escritorio,419.9
461a85909a0075c82f74d0221f6991c9,utilidades_domesticas,419.9
264a81631a296a509b3c2e047a4ad652,bebes,419.9
23bf81fdd5f4015f1b924385a3eda89c,moveis_escritorio,419.9
16e42459e56f3df24a195ca8bab5bb81,eletrodomesticos_2,419.8
ef1c1ac9af94321c7af51e984279cb6b,construcao_ferramentas_construcao,419.0
df872c596e00cd0160e6c8eb5424739f,moveis_cozinha_area_de_servico_jantar_e_jardim,419.0
d9738cad7de68bf1b899b443be57dc76,construcao_ferramentas_construcao,419.0
c39f112a4f0d855bd197c065cb42eba9,construcao_ferramentas_construcao,419.0
469d5c6b5dfef236029c4bfec6b4fe0f,esporte_lazer,419.0
177c3ebabe9adfcda1308c5dea939f6a,construcao_ferramentas_construcao,419.0
0db01fdc451cdba4ee06ff86de2885a7,moveis_sala,419.0
0233382eae30811d6dfffbbfb5de36d8,construcao_ferramentas_construcao,419.0
5fde2352cd9bb03105487d89242a0549,automotivo,418.9
5a41b34fa72eb9c57130a1e6265b344a,informatica_acessorios,418.69
dfe8b257ae3c4ac736e02845401f49f4,esporte_lazer,418.0
74a540bb7912e04aa9380812dc1fb048,relogios_presentes,418.0
730d34d191892dd7c4fb157daade465e,eletrodomesticos_2,418.0
5459103ed3b2f852d267e6a70b00dc24,casa_construcao,418.0
310d46301bad5f6b27b3638b81d9cc99,automotivo,417.9
fe9c4b2cf9c3adbaf3644880fb72254d,moveis_decoracao,416.0
802d4aa654f6b24ca4d5bd2c61c0b079,eletronicos,415.99
c6fdec160d0f8f488d9041316c85051d,moveis_sala,415.9
99ff40856c47a638df807c0a144470cc,moveis_sala,415.9
7af541d714ea3db608971a40b8f507cb,bebes,415.9
9a2bdd5682cbf94cb13e0d1f852c759b,relogios_presentes,415.8
8e48c45980a3fee42f12f7986a4b68d5,automotivo,415.7
68f6a731b70b2042da9f202d75f7ab2f,consoles_games,415.37
e1834e5158e392bab21d691ac7b4eccd,agro_industria_e_comercio,415.17
a2f3be463c1d322c27cbe55cf03e5fda,perfumaria,415.0
9a64551b89ff695cc7dbf380ec7eb9a8,beleza_saude,415.0
882b88e3f8d6db8171ee56f61efc8bd8,automotivo,415.0
fd1e94b07608d8b4a74b0c81dd4fe10e,brinquedos,414.99
11250b0d4b709fee92441c5f34122aed,agro_industria_e_comercio,414.14
42bb409da80c21a2ab7f65ec0c4f04d8,eletrodomesticos_2,414.13
88e45c0f0947e8b8e17cd93e8112be5e,instrumentos_musicais,414.0
18d307d967bbf1300aa00b34f34c374c,beleza_saude,414.0
9407f9f156d40ac0226bb56af86511e5,informatica_acessorios,413.91
2e1dac7e67aeeeb635f3214858b39184,fashion_bolsas_e_acessorios,413.6
5f19455f0c3902e89f16a6042bd4221d,beleza_saude,413.03
82a7d2cffec89b8b5d9b11763055b2b7,informatica_acessorios,412.91
de170bfa7e0f492c75a0f270fc44f629,climatizacao,412.0
f110a8fd4a8052d5717ce2adc2bb71d0,esporte_lazer,411.0
e3dd336775af78a83fc27ed85f0f15da,beleza_saude,410.23
8b13342c7e5cfac764027523312cdf74,perfumaria,410.0
3a85491e291016cb452b9b8e78c30ddb,construcao_ferramentas_jardim,410.0
6a615d08894298ae667e38c7b23b0965,ferramentas_jardim,409.99
b819ed236b82096e16417593eda54f26,ferramentas_jardim,409.9
8e8be416148735cd89189a866eaa5925,automotivo,409.9
706949f5bda149a2807ebcdeb114edc4,automotivo,409.9
584d2812194b6a09a05bb9106009b473,,409.9
0fd55f5dee013f990c929cd3ad6bfee0,utilidades_domesticas,409.9
70f1b82f8f17830b01c2ff30ef958548,cool_stuff,409.87
840c7da1a74c54e903c0c6b86d44deed,,409.38
d8b6376a7527727f3f1d4a92dc155a6e,esporte_lazer,409.0
99de5bb76bad02d0f39306af0436bcfd,dvds_blu_ray,409.0
961930544d39899c18cfdbc336aeb15e,moveis_cozinha_area_de_servico_jantar_e_jardim,409.0
928b6bf553c3a7af6fa44cf124f26108,perfumaria,409.0
38d2319e71779e74d3f37e0f5cf8a5a5,telefonia_fixa,408.99
560ed840b584c6aef5c8959366dfd41e,bebes,408.0
7c55ea4aea1acf1ce11440010f5aa298,utilidades_domesticas,406.35
5a49f099263e18cab64382c04cb76883,relogios_presentes,406.05
672e757f331900b9deea127a2a7b79fd,agro_industria_e_comercio,405.0
8208cccf98834da587d0ba8a9aea28d7,fashion_bolsas_e_acessorios,402.9
2172cc642285306d7cc942de518173a2,beleza_saude,402.35
375478581c97832540b9209722a32058,bebes,401.7
2f178dc91b792930e1ff40a77a123506,telefonia,401.66
34fa176b8be0f1b6cdd8730dc3ce178f,moveis_escritorio,401.34
78976d6eae26536628ef574944bc7b0f,utilidades_domesticas,400.11
fad9c24cf8c042a01ea0f381957f9ea5,cool_stuff,400.0
ecff01b4ee9f0ccd20f371fa7d97d064,moveis_cozinha_area_de_servico_jantar_e_jardim,400.0
cfcbd616a5634db6b6245c16b449aab8,moveis_decoracao,400.0
f97ad9066c718a6cef93dfcf253d3e0d,moveis_decoracao,399.99
f88c49a33f73e7c5d2f5cbf231f5b536,brinquedos,399.99
f18f40e6344e72cfd537f21d9745e8cc,moveis_decoracao,399.99
e604bde09d664bc81fa08c40480c94a6,beleza_saude,399.99
e12685e3aebb14bb04c2b22992de81cd,moveis_decoracao,399.99
d3eacacc44cc941912e3e97ed52037c6,automotivo,399.99
cb378611bbb39f1716b4f0c335201448,malas_acessorios,399.99
bbe3ff3b83f04f410e79b2209005cb9e,cama_mesa_banho,399.99
af87aa3f5f2c05c8c4db6bee2088672b,moveis_colchao_e_estofado,399.99
95561023115b71f8bbb280afc56b7bed,utilidades_domesticas,399.99
914bbf1d7b288975a3a7ad2d004f7c3d,brinquedos,399.99
8abdb2ffbf92eb0bcdd82fce515fde6a,automotivo,399.99
842f01c6359ea76dede02a1daf8bbe77,automotivo,399.99
7d21a88f26eb0766b0b555f71a16750f,consoles_games,399.99
72673e0bc839ed1b1ccaf1fcbc9dc3b7,automotivo,399.99
6d1befe53a3d28e0d0d8b3bfcce11195,automotivo,399.99
5b3e84d222c3b93e0967d608cefdd472,construcao_ferramentas_iluminacao,399.99
52875639c307f1a60e501898dcf12a4a,automotivo,399.99
38ebfc282f610c4b8c8950b634db74e2,automotivo,399.99
353f9040451759cc7153da959db1e531,cool_stuff,399.99
33fb5f691f9219b5d60d856191aea6a4,bebes,399.99
2dbb8a778d6cdc850691e7e18eea06ba,brinquedos,399.99
1d297ac3d18250759eb36e8b6c18fb5b,perfumaria,399.99
11d0c969546d6f21d23188084e25cf81,pet_shop,399.99
107fde0930956120d1e13dd1062fbb46,moveis_colchao_e_estofado,399.99
101103127867af6d2af98dfb2da6c78f,moveis_decoracao,399.99
0c6b9534cc890c423ef8c3dc34517df5,informatica_acessorios,399.99
82ff671ac04e6599dbfb28ead3369f59,moveis_decoracao,399.94
74a1695e5084889d058df1fafb5f9f28,moveis_decoracao,399.94
93ff19f54af8a64683cfe497020c7e4f,construcao_ferramentas_seguranca,399.93
fe5915b903037937488e868f2dde0ff3,moveis_sala,399.9
fda130b26c5b4ddabb0cec19a06abff7,bebes,399.9
fd76a5a3907232c96615967475f8689f,moveis_decoracao,399.9
e869d449cc32881790ef9af9b4c670f8,moveis_escritorio,399.9
d00af18ab556193d160b6ce26d232a96,esporte_lazer,399.9
cd98aa29e19c49446df63da64454db07,automotivo,399.9
bc048769f430e8e98c07bae3108a422c,relogios_presentes,399.9
b1eae565a61935e0011ee7682fef9dc9,perfumaria,399.9
adafff46869180550d3c4741c60841f2,automotivo,399.9
a85a2e4685825ebc0cd51883eda05919,moveis_escritorio,399.9
a1b3a75aaaee5c9a683f2266c088f720,relogios_presentes,399.9
7d00a7c029fe3cf2bddc1e8e0484c2c1,sinalizacao_e_seguranca,399.9
7a81b0d1231e9ed0c2ff4237f49e5dc0,,399.9
71acaef19d5812b0a4d90b82a7b52ff8,ferramentas_jardim,399.9
6f7df385d032846d2941c806179cc78e,automotivo,399.9
6592908f0a4f6e2de91310126cd1b08d,telefonia,399.9
5e560c2bf4bf75f9c836af727033f3c2,moveis_escritorio,399.9
5be900d0c3e1b43ac845f9ce6fd2b00e,automotivo,399.9
565a133f9141f4a8a1b51562afdf4c1e,cama_mesa_banho,399.9
5050cfa82dba6f455d0e91b798777f21,beleza_saude,399.9
3e767be391eb16817e11f752578e6c17,eletrodomesticos_2,399.9
3ada827a3b82590816ffa9741fa4bd03,moveis_decoracao,399.9
36027cd76cee85025c9136de78270a6c,moveis_escritorio,399.9
204066e9c9f66ce2f88cbf4dfcb4edce,bebes,399.9
1b0f0dd824989bb4f30d03ac3d1e90af,eletrodomesticos_2,399.9
186667995393fd686a25866399b41e68,relogios_presentes,399.9
154b6772d166a9c3398661ea26350dc6,esporte_lazer,399.9
0d5837a2580f92e18e2d1b5f7fa70c2d,utilidades_domesticas,399.9
bcf8ab16f538b2f7bd63ebf67faef909,moveis_decoracao,399.8
04f92f94955d380b722ed941f2e6e51c,eletroportateis,399.79
aecd0c211a5e24ca163d35e5087189ed,esporte_lazer,399.76
51d683bed105788944d57dcbba5aa518,informatica_acessorios,399.5
250448da216b8ed83a1afa9b092fd938,construcao_ferramentas_iluminacao,399.5
f8763c8e0ef828c6d393b091888f9eb8,cama_mesa_banho,399.4
d6b4d1a0d7b4224aa86e3ceff1d78217,eletroportateis,399.15
f9982e3da18bb4f67e0fa0fcca27b8d4,consoles_games,399.0
ebf1c13032246ea801765e8cb5417365,casa_construcao,399.0
ea67eaa58dd8d9cbed64f9ab00b224a6,consoles_games,399.0
e72e59338050d312832e22ea7aedc0fd,automotivo,399.0
e0f30020e1d9b677c57f5e0b797b9f29,consoles_games,399.0
d766964397625ab68a48b7267bf7b04e,automotivo,399.0
c9d16ed8ba8ec27713efe3d9ede42741,beleza_saude,399.0
c0b2635b5a3c7c81327cbf13d8b39860,beleza_saude,399.0
bee114927325f4d47e180a4a6ca7c214,consoles_games,399.0
be1d391bd8ff820e431cbb0229d2b92f,casa_conforto,399.0
bbaa976a69c3a1594ebc1fc560f62978,perfumaria,399.0
b846c1b90a30689a98f530aa20edd424,esporte_lazer,399.0
b6f3b8136ba8302906df7e11ff908751,pet_shop,399.0
b6af69cb42f5e5e78bcf59f9be1b61a7,beleza_saude,399.0
b3675eb635fd8e9a7528f1e347b4690f,construcao_ferramentas_construcao,399.0
b046edc1f57292dfae7c3fa60d30ccc1,informatica_acessorios,399.0
a9a7d44cbdf7c47c958a585d66a0c3e1,relogios_presentes,399.0
95d0a6638a6e975feca32e90c15ce526,consoles_games,399.0
8d6f2c3454002d3f5aa7479a7fad7794,moveis_sala,399.0
8c75343253053a2400e289f5192cd5c1,informatica_acessorios,399.0
8bc9dee0f2da0b7ad43095be7ad8414f,cool_stuff,399.0
8bc30c38b76dfd760a9e57ef36b6e0f2,brinquedos,399.0
84d866290cb98a0253e770a862679579,beleza_saude,399.0
7329d78e4f4ab3101c7e5fc53fb0aebb,beleza_saude,399.0
70f408ac32f2b337c6a2d82c98886aad,beleza_saude,399.0
6a8745913f4b7d91d9c9bffc4e592025,informatica_acessorios,399.0
64b4fdd3c24f7e8c49133cad3718bfc4,moveis_decoracao,399.0
5ee52854d55c499ec82dc779c98fa02c,informatica_acessorios,399.0
581397bf7a4dba024cd9123f3018f905,malas_acessorios,399.0
560aa6044750b7511a18e5ee9aaffa17,automotivo,399.0
55aefe286a63b5e07f42a63c10371020,relogios_presentes,399.0
4d506f00f028642b159fe0be712d8041,pet_shop,399.0
4beaedeb352141968eb9374cae900996,automotivo,399.0
4b49493b546ad3b6f0a43da4644f75e3,eletronicos,399.0
450c25d98ed6923154a934554475bf13,beleza_saude,399.0
3d51bd82dd04d1e24d229bc4364dcbad,relogios_presentes,399.0
37244e10d8b612acfba950f0ef0be093,construcao_ferramentas_construcao,399.0
332842d24e84234cd91299a225de76ab,relogios_presentes,399.0
2f3fb365f563d28cb30f34eea6f47e72,informatica_acessorios,399.0
29bcbac6eec9fa5e51f01225e8004c93,casa_conforto,399.0
21d7610668a41f5ef8f24bfa0e13b315,eletronicos,399.0
1ff03883acc92ad1f4eb8ed40ad25bf9,agro_industria_e_comercio,399.0
1d187e8e7a30417fda31e85679d96f0f,moveis_decoracao,399.0
17362fcfc13b829500dcd59fc4c02a89,fashion_bolsas_e_acessorios,399.0
145028037adecb27b1a58cf9597676cc,moveis_escritorio,399.0
0a859d8dc68f6a746b4709217110c439,esporte_lazer,399.0
adae758556f8338f07f3064736416064,cama_mesa_banho,398.99
ed3ad08bb1996a67332591b7b1a6cff1,informatica_acessorios,398.9
7612afaa8218e79b3011243ed9edea9c,esporte_lazer,398.73
ed9d81a5043f74cbe0e3db315770af45,consoles_games,398.0
ded0fc03d15300415b27c4b3342fefe1,artigos_de_festas,398.0
8dfb2df51786c583001deb21b4a94080,climatizacao,398.0
34cfd42ee58203ab02adb27ae12fc8e4,automotivo,398.0
1259895e918d39e5226aeabf332434b8,fashion_bolsas_e_acessorios,398.0
0e9dfb804bafa3d68ef3ee7a621abfb2,moveis_sala,398.0
9f2f03a7cc35b7c27e588388fa1e2252,perfumaria,397.9
315274d6751133f612a67ccfa00c0522,instrumentos_musicais,397.79
c6c4ba8c85c4f5ffa22b732272a0e99d,esporte_lazer,397.0
79b1bbaa733d92414726da0dc53e221c,beleza_saude,397.0
6b918e49a6e0258e32fe209a885f6d06,esporte_lazer,397.0
113691e29d92130f086ef9c9a463db10,beleza_saude,397.0
46444262c3cb20869d7f96985fc0b08a,esporte_lazer,396.9
98f129cbe241892b96fca3363f2caed4,construcao_ferramentas_seguranca,396.18
70f4ee470f7fc40e48a98f2903ddf010,automotivo,396.0
fb0a00a46641c9bc4fb44ce7f230de57,perfumaria,395.9
d01aecb36866fc591c820b48afabb32d,utilidades_domesticas,395.9
67a71eecac8e56b0cd270f0df2b91698,esporte_lazer,395.9
98600823ba81f3ba76386dac7c31ee06,beleza_saude,395.67
dbbea200ac1f56940332252411b43503,papelaria,395.6
96a5ff4a6e07ebe2f09a6ee132303df3,informatica_acessorios,395.34
f4e2a2b20493c1c8e4f3dbf86cb4712a,brinquedos,395.0
dd9b00fa5df89d6f25ccdb11d98b0f51,moveis_decoracao,395.0
d6618718f320c94af9c25d40da7b6460,esporte_lazer,395.0
989caa6177866c67ca1935b442479111,esporte_lazer,395.0
6fbb0abf0f08af0f649fc1d6372e02fc,esporte_lazer,395.0
5a33c907f184dbfeb2ad4721d983dbda,beleza_saude,395.0
5947c33d0250e65638336c25f5a8ab48,cama_mesa_banho,395.0
503a975b7fd96719d7cdb8b88e7f5d0e,cama_mesa_banho,395.0
0dabe0ee04aa9d25592cbb5b585e698c,industria_comercio_e_negocios,395.0
073ed404e3aec5b0a486334c05ee2fe9,relogios_presentes,395.0
e5cfe28c9837136280f5f3e5e260e858,papelaria,394.99
9d2ff462feaaf88912539b8647e17ab4,informatica_acessorios,394.9
28e1e01400863d6035542c650bc72be4,bebes,394.9
f1f41c991881dc3d4cbcedade3ec1622,beleza_saude,394.85
079189201e6c6f0b0f70d118fff53fd5,beleza_saude,394.65
cb1b037c120d9dad45d63a2723e46f18,malas_acessorios,394.45
4dc44f95ece9249f0e50d10542ca6c03,relogios_presentes,394.4
1a0bed98d47b5923948a6a49612aeb83,beleza_saude,394.0
19685f2e45de3c3b733029b54a2c0d9c,telefonia_fixa,393.99
63085bb4366ded27bcb63cbb59b4103a,bebes,393.53
1aecdb5fa3add74e385f25c6c527a462,ferramentas_jardim,392.55
83634a7abf56905fc9ab415328908de2,informatica_acessorios,392.0
1574ed2c73e4465c572f68dd77528203,,391.9
ed6e17c5f34a20c7569b6ac2597ee223,automotivo,391.87
fe3dd7b13c2aaf66e4fa4132f5c71da3,esporte_lazer,390.99
0b2b7a2dbcdf63ca0044d9e9ef8aa4fa,construcao_ferramentas_seguranca,390.19
fd29afd700b83ec4c34fe4a5b68fc23d,eletronicos,390.0
b2775a101dfacb48184ed1c1cb4a278b,utilidades_domesticas,390.0
93342929379a306b944935867076da28,eletronicos,390.0
926454d19f2417167bf0a9488af66a4a,esporte_lazer,390.0
701ff123e9085dcc9c2f833efded6374,cool_stuff,390.0
2adfbd64f2dd14f2dac6afe783311859,cool_stuff,390.0
17b41b007356c9b333b4e7c1fcedb066,eletronicos,390.0
0043d1a25ef08fb6f41b8fa6f91742ab,construcao_ferramentas_construcao,390.0
ff8e9a180c931adab01ed6b3c44edc25,ferramentas_jardim,389.99
9fe7f92d158e1d98ee0b32849b893677,bebes,389.99
55ada64cb428e8beaaaa1d2aabd9144a,eletrodomesticos_2,389.99
b621b4b501b679f21cf155135207503b,brinquedos,389.96
f8cc518b0812bb0ee889350296f284e4,cool_stuff,389.9
e9f5d10b74f0589a7d327eff4bdd6b04,relogios_presentes,389.9
d868de628136c17db3f48381a8ba3c69,automotivo,389.9
aa8ecd9a418507baaf0c42f26ffe71df,brinquedos,389.9
5e7d879a43c998d6c60a18ea8eba7728,automotivo,389.9
5524bbd7c991692980702322aa085419,informatica_acessorios,389.9
527921e5d38d82e839ef2195d6455fc6,pet_shop,389.9
1027d3061ac141bbb2ea003c63dc3d66,automotivo,389.9
0661920a7a5f19746f501d1190888270,moveis_escritorio,389.9
415c42d82ead424bfd3f256565bc5dae,informatica_acessorios,389.89
617f3626c1224c1c2afc6c9a4cecfcb1,bebes,389.42
faf5197fc8d54df7b3db90fa48ee193c,informatica_acessorios,389.0
f0c093c76173e238666bd40e2bf6217f,casa_construcao,389.0
ec1600d8f15b93ce3e402f522696a18c,beleza_saude,389.0
e801441171ec3eaf3bbb86d6ba6fc9af,relogios_presentes,389.0
e503a0c255ccb611962015bac936f938,moveis_decoracao,389.0
db06cb56480828c737eb321fa65529fe,informatica_acessorios,389.0
c60dc9f21061b67be33f84697de91738,informatica_acessorios,389.0
b7c472e4bf39b63628ecedc8c9af805d,ferramentas_jardim,389.0
b7a5b8352bda2cdda6964296e859f637,construcao_ferramentas_construcao,389.0
b5feb29ea5b59182f19b7c82e7ea8102,fashion_bolsas_e_acessorios,389.0
b03e4fe0eee3e4b3cfa75f8f66507e22,casa_conforto,389.0
a55f2480f8f4f12aa8a2f4528319e509,informatica_acessorios,389.0
88774687a8883c2c512e37de090bc725,cool_stuff,389.0
80a7857c3c116ce0a0c5489f07721f5f,informatica_acessorios,389.0
766a6a4c51c63991e78e192d802787a9,construcao_ferramentas_construcao,389.0
6e741443e7a0707cb99e552dc844439a,automotivo,389.0
672bdce161930b1c72890c619224376a,fashion_bolsas_e_acessorios,389.0
5c551c8375040d684180cc1a549f7714,informatica_acessorios,389.0
3c139df1bbfd2c48c110bc9ca5d8c133,instrumentos_musicais,389.0
39a7355be858c501ee022aaf6461bccd,ferramentas_jardim,389.0
12ec40668ef038e5778938c846060db9,esporte_lazer,389.0
0d93dbf32345927755c936fe02d5776b,informatica_acessorios,389.0
0c800efe70e04ffcc3b266946e3e4826,la_cuisine,389.0
01c96f284d6c40f92f25142a59328511,ferramentas_jardim,389.0
fbe6d5795a52b760e25a4e9677a2e217,utilidades_domesticas,388.16
65a4190fb90003ec977a0b0db2a8db70,pet_shop,388.0
2016dc27f7cc30f18815b34170e0ce98,beleza_saude,388.0
0ab20af8197d84bc8831765be67b4cc6,bebes,388.0
08c3e65af1719834cab72d27dc6b506b,bebes,388.0
4b397ec5dfbf6faba2d7d99322f20146,cama_mesa_banho,387.99
47ef5dcb5b7bf6d8716ec362e1f6e22b,esporte_lazer,387.9
41cd333a4af5e36df81fc0b83ccf8e2d,bebes,387.55
b52af48deef5c1fb35c99248a5269973,cool_stuff,387.5
b200c3a6dbe2a96c1e2f1904361763db,perfumaria,387.49
d8d1550e51037a51a94b377c8361d637,beleza_saude,387.1
c8de91ccb69dc89ba37b9dde15843aa9,automotivo,387.0
c323aa503973c298f05ba6787af50384,pet_shop,387.0
254e83d8714765408ae71c07e6a972e0,telefonia,386.95
5926c58c462b5d1f932ef3f0a9e37d41,casa_construcao,386.75
164a001b8c3c3be1c4c04f158bfafaca,ferramentas_jardim,386.28
0e46632ce140985c23007bb52b4c4039,esporte_lazer,385.61
7acc602a5598de7992eb7d3b4e080b7d,telefonia_fixa,385.26
b9754f9e21b6e6960b37594d4387fb1c,perfumaria,385.0
b36858b52183f641b1be7bd99cd0ca89,eletrodomesticos_2,385.0
978d5e0e71961b77d26485b13155f16f,instrumentos_musicais,385.0
79535f801c489bd33483bf6d67da9a86,construcao_ferramentas_jardim,385.0
685a5d6795fa0aeafc83984918957827,moveis_decoracao,385.0
1998a489d7fafcff255f51e7ebb38068,cool_stuff,385.0
a0755bd1c7262433b4973f9e348cfc37,brinquedos,384.99
d12a5178024ccefb3582170a9ab45a0d,cool_stuff,384.93
5b951e54437768080925aabe01e24348,agro_industria_e_comercio,384.9
8296481ad888f93f5dafcd25d65b09b8,cool_stuff,384.33
af7b22a93b178246a22608e61284ebb5,relogios_presentes,384.09
41da75141264c3bde21ecea85a4cb8b7,cama_mesa_banho,384.0
f5310df9e7251df17169cfd6940dfbc8,informatica_acessorios,383.9
2820a0ee65a765e5dbb7ef1da30d2f4f,automotivo,383.9
b15b38f8a24ce6254dfa5bc5a06f18c5,automotivo,383.5
35fedf44451bf3020fd3abaf5827d41e,automotivo,383.5
1d8cb1d3317a3090bc73ecde425d334c,telefonia,383.23
79c0ace2ccf0da036e787875a49151a4,moveis_cozinha_area_de_servico_jantar_e_jardim,383.06
7d490fb7ec6eac63302590beef157c10,construcao_ferramentas_seguranca,382.98
f10f55939660d23138e46c72acb7498b,telefonia,382.78
0e1b67828c6d682c600b49872507d1ae,cool_stuff,382.58
35537536ed2b4c561b4018bf3abf54e0,esporte_lazer,382.31
19629b1460e380638d4b9263bd31547a,eletronicos,382.3
ac6b10125f0c3f3faca61891ff70077f,perfumaria,382.0
67583cf9d65f2b9a1f26c158bd85257f,ferramentas_jardim,381.99
d239ed6ed6dabbcbfd8a3b776e1ca50c,utilidades_domesticas,381.57
bf666278787c1150f040f26d618c4a9d,construcao_ferramentas_seguranca,380.86
b5f0fcccccb9b8be8914e92fd322804f,eletrodomesticos_2,380.0
aa2c2dd775bbdbfd93d8b8c36c6f55a4,cool_stuff,380.0
7d1d3de69616eacb023e39204065a068,moveis_escritorio,380.0
72df28d8ca3bac553951ff33e4f57ca1,automotivo,380.0
4a90b44b456e79e7a33435fdd36e551f,ferramentas_jardim,380.0
1c5cd477820c6046039178150f6f8916,moveis_decoracao,380.0
b197f7fdb89aef348bb41b2f62966a5a,beleza_saude,379.99
b0868ddc5f282e1e482593315aa0643d,ferramentas_jardim,379.99
78a727ba961fe7561d533e153bf04088,instrumentos_musicais,379.99
4dabded3e0b44fde3b0f70219dc6b775,brinquedos,379.99
497aaad8194759cfad63465c1b810286,utilidades_domesticas,379.99
41751736c87d2da5af7c27168bf45a9d,bebes,379.99
a063b454bac19ab435a4594bab9b9eed,pet_shop,379.98
144b8110f0a755915d67660ab747d9d6,brinquedos,379.95
6f4f2bb136fd2d8e8229355d8fec6b67,construcao_ferramentas_seguranca,379.94
f2d15dbc857e5597dbe82236c424cd79,esporte_lazer,379.9
d914a2a0c672fc21c9f0087e07e9e881,perfumaria,379.9
b27653c33039497c46ceba21db46a43c,informatica_acessorios,379.9
aea9f47e0e6dea45f3ad01ce4528f1bf,esporte_lazer,379.9
57e985ca3ae3b6da2382de45f827017e,beleza_saude,379.9
49d7eb00f7557973ece1df7ff7ed415b,beleza_saude,379.9
3263644ec99e2ccf8b31612ba4f28b5c,cool_stuff,379.9
2f13610363de5834c81405b88f4b8b57,brinquedos,379.9
2ad2f5e9d792e5c06603614f2f681c26,industria_comercio_e_negocios,379.9
2aafde3b2df26664216fa72787b7dda0,brinquedos,379.9
1ca99da10c4b800de39096631ed2e773,esporte_lazer,379.9
0ed0b763ec2b2da79223ed78dfc0263b,beleza_saude,379.9
0a565163afd9cccd9d2b6e3942f823e4,esporte_lazer,379.9
ad84bd53f52aaacae7a40027842ab970,informatica_acessorios,379.89
b2e22c958b453a43a650a579dcac2e43,relogios_presentes,379.66
31d976f5306d3408e3d41d670343495f,automotivo,379.6
cb428376d66b5e216d2ef9f3b27fc172,instrumentos_musicais,379.0
c2fcb87c4c426b677d85cbc8c7e75f3e,automotivo,379.0
bb0d5e6aed6ddf6c6ca1bd5e448bc106,cool_stuff,379.0
b87be755b7af193bb1ddf878a7d2966f,cool_stuff,379.0
b5ab439c1d3d3990ca8375b8db5b8440,ferramentas_jardim,379.0
a58add0d4b913cb2fe2542b77bac6dc8,ferramentas_jardim,379.0
7aab18bec732db73232f712de3ba14fc,automotivo,379.0
6c3b767b9dd49eccec4ecc63d584f89a,fashion_bolsas_e_acessorios,379.0
563e96ec3515e6a7048ebcebffcaf1ba,construcao_ferramentas_construcao,379.0
4cf46fe8e4eb3de47d0b04d7ee87e7f2,cool_stuff,379.0
42737e3759311804e830f222c6135e30,eletronicos,379.0
2c52e710fd7c065119722cad50607252,relogios_presentes,379.0
2c2b6a28924791234bd386bddb17512e,construcao_ferramentas_seguranca,379.0
24daadd871657fb36dacde66b92cf0ff,construcao_ferramentas_seguranca,379.0
09461131e28a1b16536fe028eeea4c4a,ferramentas_jardim,379.0
f32ac4ba1acc078eadefc29c8d76a9e2,automotivo,378.99
9d6bf1b7a541b5205e4fd5aa40282f33,relogios_presentes,378.9
35d41a97fd059a6bafe3f7c1fa00e718,papelaria,378.9
7824bce065d8704739ac0fc0c8135d04,beleza_saude,378.38
f0fad8c5dfa2549bff0ca38e82823cf5,instrumentos_musicais,378.02
66602b7f5e12ee24dce727845c7fcfd9,telefonia,378.0
4638e41e1c53018897e12edbb2815807,automotivo,378.0
e9eebb8e8ba0fadb9020f8ba1c003b48,perfumaria,377.9
ab507d0f8d9ac91607f9cff20a8c5684,climatizacao,377.9
708cf9598cc7a8ed22f6f060d3ab547c,cool_stuff,377.65
eafe7084b1d20c58faacfe86983c73ad,esporte_lazer,377.25
84dacba9d49f304ee015bc094083df20,utilidades_domesticas,377.0
424471a68d6b1ae4a53d39723e6981d3,eletroportateis,377.0
3045ecc5fd45098150531f70e7358256,automotivo,377.0
6156141755987eaf93bc9b959601db45,bebes,376.99
b0cdc9ffc6cccfbf62da25a0d63c2d74,brinquedos,376.9
08545faed0310009ebba7ba4537c2727,eletrodomesticos,376.8
b588bcc7b2fc3ee01e37f8ad715d831e,construcao_ferramentas_seguranca,376.18
f18d999ffda9dade91f3c1b0fb9c7f83,beleza_saude,376.0
c5038055690911ed8e218cceb07acdf8,esporte_lazer,375.01
cf5ab1e4be449bd825ea57d64bed5f21,esporte_lazer,375.0
7304acc3196eb4cb479464c421de747f,cama_mesa_banho,375.0
2b7b1f651958920266a6ca5c671b4230,relogios_presentes,375.0
1c45430f3f3063bdb54d28e87824ed34,cama_mesa_banho,375.0
e45ba6ba3c6ee4fa2c62e6a6a587717e,brinquedos,374.99
e38bfda757257dee1985af625f8911fc,brinquedos,374.99
ed194a0dca1f25a7f40e0a2992517a3e,cama_mesa_banho,374.9
59f09deeea7c839a9212a19f3416b892,utilidades_domesticas,374.9
3c12235c1a1e288265d89f6ab0ac50cf,informatica_acessorios,374.9
39f000b98dd611ffc87b68c5a6efc550,cama_mesa_banho,374.9
0ac092fcd35bffaeb624017d498172d1,relogios_presentes,374.8
6d0663c395a253a37880561557f660e1,brinquedos,374.44
c3e4984fcd36ab7d67ec30a89f745113,automotivo,373.9
c344623528c017d4fa7c51cb56d17a98,perfumaria,373.23
86133a7d6682fcb51debce06e6514f93,cool_stuff,373.0
8f81f9f8a5ad7f2c892d07b91b9c2607,brinquedos,372.9
0992c6cba95a13bfa68ea7d5e22d478b,ferramentas_jardim,372.66
93e71b4d65b8153468c4f210b90342a1,informatica_acessorios,372.5
a88cfe5c20413ddeff0a060c4202d278,bebes,371.9
03feb64db1d0ea0aaad178536a2d0640,utilidades_domesticas,371.2
8d0e7a8e1b1fb5343135045cb7c21542,,370.99
55c241d4a5f20682cdeaec642cb06fa8,cool_stuff,370.65
3429d7e4892a2df967fae671f4c98deb,beleza_saude,370.47
a5dd94755306eb7c9b5b66d371a09144,relogios_presentes,370.0
9fc063fd34fed29ccc57b7f8e8d03388,beleza_saude,370.0
fac6b6ac6697b0e439e1dc0203b1ec53,utilidades_domesticas,369.99
dcd7f9e6e4d98a3142c0819c124bacfe,portateis_casa_forno_e_cafe,369.99
c1d98cc08467aa0204c5a1095da83df4,malas_acessorios,369.99
b5778c55de68777a0a3565e03b2e2817,,369.99
7f25a88de92ce0d01e61202ade958bee,casa_construcao,369.99
f8b1b810ffb15e012d0ebba1be2810aa,moveis_decoracao,369.95
d473f089b5ee128dde110a0f756f8ef0,moveis_decoracao,369.95
fdde5bfe43004cc06f12152870b951f4,perfumaria,369.9
e68ede48908dfec1ba4abbcdb86b420f,relogios_presentes,369.9
cf3ac799e2dc1bfbd6c97ea023171f9d,cama_mesa_banho,369.9
b757b5acc84c75c5805a931c70605106,market_place,369.9
af940e731a7251787895cdd64cfc3f21,relogios_presentes,369.9
99521d67b22efb57979c6bf0c577a7a4,perfumaria,369.9
854dea7019a248cec54711ded4744e30,relogios_presentes,369.9
7ca64c0215270be35559fa18afe2ed7a,moveis_escritorio,369.9
78258dcdffa72f0a40e1fd93b9a52b3d,perfumaria,369.9
7668d66f068c135ede2c919c2be31563,relogios_presentes,369.9
6ef1b4541a8b88076d3833f127617025,relogios_presentes,369.9
51b10a13b460cebc64e1325e7f228ae8,malas_acessorios,369.9
4c27931f2ba16e902f287a9f89ed0723,beleza_saude,369.9
3ae13337333ac7ba984074d5a6349074,esporte_lazer,369.9
3976b9f62045be05e8bbd11c4fc19360,cama_mesa_banho,369.9
2f07e976774b91520e17dd3b2dba73c3,climatizacao,369.9
2e8034c11f2a68aa16e0411d016b9a28,relogios_presentes,369.9
040b8534cb74ddaae70c21541f449630,construcao_ferramentas_jardim,369.9
553db989ee7f8afb98f8fb680d30050c,relogios_presentes,369.8
8def15a9a64f1e5f1591ceb6265570c6,esporte_lazer,369.49
59bf7ab9bbcd46aad9f2cddd3f97e684,esporte_lazer,369.49
0d070bdf0c723fab163131a8bed98356,esporte_lazer,369.49
d5376c3b45290c7a326584c8307ab2c4,,369.48
1f112631857414c63be3c00b6d8bf45f,relogios_presentes,369.4
f8dfab2c2740b7381e94ef1af03739b6,cool_stuff,369.0
f15c46e2da924b1fc76fe638911262bc,consoles_games,369.0
e95d807bbe3bf3e2147a2ebe9168b7ec,audio,369.0
e7bc716e2ba2575a2f572b7a4bd281d6,cool_stuff,369.0
d2ab465d1f52890433c899c715ac354e,brinquedos,369.0
c2bcdb759a32342591497db4153af052,cool_stuff,369.0
be92bd4ffb2aeb2776beaf42860ce0ce,informatica_acessorios,369.0
b6479253a96bba2404fe3273ef520eae,utilidades_domesticas,369.0
b61c2827d3a8043826c9132d88188744,esporte_lazer,369.0
b1e7e283a4b6203aa8adbafe09c2a521,esporte_lazer,369.0
991f1f8e716895c2875d3e98dc961d42,relogios_presentes,369.0
86d2c13e1ce5c85177a6e7729892b501,cool_stuff,369.0
8085332eae15bbb5b7daa5b11fad25dc,fashion_bolsas_e_acessorios,369.0
7f253218cda162fcc215fd4e0768b00c,cool_stuff,369.0
77f9afba18e2795ef8beea40ea189168,ferramentas_jardim,369.0
765424ab0bedf806eb8cbc97be0bea93,brinquedos,369.0
6086d4e24d4dd50521452e49bde06628,cama_mesa_banho,369.0
3cf8d7db7dbaeb28f077151adfc59340,automotivo,369.0
1b491493d9b95d9378103b4503948efe,informatica_acessorios,369.0
1a37e4949edc3f7d9b77a37fb84f4697,relogios_presentes,369.0
14bcfd08402831f2e770b142a1203d9e,beleza_saude,369.0
05649d71cdf7d7ec2bbd7a717179de0f,beleza_saude,369.0
b169ac8237427de1bd8c67b4eabfaa18,utilidades_domesticas,368.9
8da584c8aff7ec074bbc0c8d68713bc9,relogios_presentes,368.8
7425866c309c057d4a7a4631c78e84d1,informatica_acessorios,368.45
3a264b078bf20e98f315ff65c23fa263,brinquedos,368.32
388404eabf1c32aa6fc51105ce5220d7,instrumentos_musicais,367.94
a4385c12734e0937f4514a3cde277925,relogios_presentes,367.92
630ab0a26067b5145a455aae917d7f0b,brinquedos,367.9
4f5cad4934c20d6fb8dab728ffdea29e,perfumaria,367.52
b9e88d457e276521ccb0b226f2f8f18f,fashion_bolsas_e_acessorios,367.23
c8e167a128928bf9c4e5ab674e78d2c2,instrumentos_musicais,367.0
92d9f09c92944e22b74a09f5480be83d,esporte_lazer,367.0
1b34988d6060d833cbe3bf2bdeeb67ab,automotivo,366.5
616c497aa9cc2d4ce93eb380cf5cc121,cama_mesa_banho,366.4
3db5b7214a98ceddbe12ed6c0d3d04b2,informatica_acessorios,366.3
e4d325bd1eea550509bdbbc5c3301fc1,perfumaria,366.25
66119c056c1be2d1d57d65fe7a91ce6d,esporte_lazer,366.0
1a9336bcfd7544237cf44cf3de1f5530,utilidades_domesticas,365.99
b51119656391080bf4b0c2bb98b0f704,moveis_sala,365.93
a04cf12934a318be6550b1aeab938bf2,fashion_calcados,365.0
799710ec16ede0ad489ed63ae8b2766c,market_place,365.0
d5c766013132edffbda7017835a9e2d1,beleza_saude,364.99
3ff81cd0e0861e991bb0106c03c113ca,brinquedos,364.9
e5fe79a5ccd19d20b3b095bf73cf9b5d,perfumaria,364.79
6392b413939939ce321eed54003573d6,eletroportateis,364.5
e98e429fc8f0c5a7bec057cca4f3b6ca,beleza_saude,364.0
7a764d2ad0306a21f83f06ae99b397b7,casa_conforto,364.0
2cb7610ce5b2b73be631121560aeecaf,casa_conforto,364.0
e9de4d4332d0f60d443dadf3171ad6d4,automotivo,363.0
f4938e02188d323c8412d2ea07d230e4,perfumaria,362.76
958cd4fc82ce0223c757f47bc9d67e23,automotivo,362.45
7d1fc7d682f6a5c8e47437e3540f4415,cool_stuff,362.25
731509faf04a1b5119c24cc34f0d790e,perfumaria,361.99
0573b564a90d2d9f9c460eb963da8c33,utilidades_domesticas,361.98
505b98dd26939553345f62035bb081a4,eletrodomesticos,361.9
9fa1e97015f5c5e76add50079bb0ab44,perfumaria,361.75
cfe9e8e1f0400c8cc665d41722f34086,moveis_decoracao,361.56
d0825229639d1afa9bd533314e27d7c8,moveis_decoracao,361.5
d722e6d632fdc8f3ba9375c599087ab3,cool_stuff,360.99
fdd7bd74464daed1af6c0b21d9c654d4,informatica_acessorios,360.9
0c35aab0ba0e5a36a652fc2b10f2c102,industria_comercio_e_negocios,360.8
f55463fece88ecb944e832eec0f7f90a,esporte_lazer,360.0
e91bea61ea0d665e4c445d6461586e13,informatica_acessorios,360.0
821f6f2b173248cc704e369c94228008,beleza_saude,360.0
77feb885b9ca6c9b64934b33e3c0e15e,ferramentas_jardim,360.0
626a944b34a60ab69c2fcf2827163c84,eletroportateis,360.0
2546d567ebfae0f9bc59addbaa2a16c7,utilidades_domesticas,360.0
194dad3cf9aa121860ba80cca80331bb,automotivo,360.0
c73d6ef7bae692425ef183569ae8f96e,utilidades_domesticas,359.99
bed95d69e90e758da84f50f57dc0e31b,pet_shop,359.99
b401695ca697a7d76595b73066aec52a,moveis_escritorio,359.99
b19ef0bca7996875a1516b9d14b75883,automotivo,359.99
6ddb759e33850bceb1b22a91e79fa995,eletroportateis,359.99
146f7b7f77ccadc63494db1aaad2bc7f,utilidades_domesticas,359.99
01a88bd2633c52bcc66348307cb3ae15,automotivo,359.98
52d9726feafaa9925ccab7e621c8d6ca,informatica_acessorios,359.91
f96af21b8cf0b09ce2aed5462e40671a,climatizacao,359.9
f6c72bd6698b579815c80bc85ab5ae14,eletroportateis,359.9
f382fd2265b83e4c7689c1a6dbf74ac6,esporte_lazer,359.9
e51136ef1d291cf07cc8a792b4a16f94,esporte_lazer,359.9
cecbcf63df5c478acc233d45ee32122a,construcao_ferramentas_construcao,359.9
b7b00b45c6be180aba844784c6769d12,perfumaria,359.9
820f00b477e89a3bccfeb1e994a4a663,eletroportateis,359.9
715a15449266fede35b4a667372a2b11,cama_mesa_banho,359.9
6ebb63a07bf2ac2ba7a17b0e8a4acc3d,relogios_presentes,359.9
413c5cdfdd1f2db95c3731a42c4e5eed,automotivo,359.9
405ddf5d2dcf01d473da98a6ab097020,relogios_presentes,359.9
1b88c133317c3f2b8c53b6048f2dc8b6,cama_mesa_banho,359.9
1567eb3a02b49c99d7d07045e9ce94f5,automotivo,359.9
5e434712653feed8cd837cbd10ea9b18,ferramentas_jardim,359.86
028b0b0277744a9eaa2c4f57c24dcb68,moveis_decoracao,359.7
e940125d0a3c309f58f41cd21e39af06,eletronicos,359.68
f4e2ea6624e03c8734a6504f2d55331f,relogios_presentes,359.6
fdb86e192fdd20037175daab38af9656,beleza_saude,359.0
f6d6246239cec75f604b82f359cdf148,relogios_presentes,359.0
d5ae57e54de86eef671f21694b080cb8,instrumentos_musicais,359.0
baf7a75881d1a6704d6341161009a0cd,consoles_games,359.0
b92211a0503b5226b3cd3dd1c7fb3687,portateis_casa_forno_e_cafe,359.0
b80b3d8dc140b36085b4f6fefc79eac4,informatica_acessorios,359.0
88d1079c8004788f2114540fababe0de,fashion_bolsas_e_acessorios,359.0
82b7108de9ec01ec6d7f4b01d72e4d3c,relogios_presentes,359.0
6b54c329383ae411a34c9791f7a51145,automotivo,359.0
66b1f09e746c05761bcaccf6339bde8d,eletronicos,359.0
64a23a999b90cc6722df6d12c2ee5bf9,beleza_saude,359.0
581da9e6a6eda905b74a303dd719dd12,beleza_saude,359.0
24860e2899527a4e30b81c693206e916,instrumentos_musicais,359.0
1bfe10e822dedba7190af59828c822d7,instrumentos_musicais,359.0
12fe5f63ed2e43c806260b2476886351,ferramentas_jardim,359.0
12e1e59e227d4d5da8efc0dd17831a3b,beleza_saude,359.0
06016387c52742ed3e0a128e0ffb6b47,utilidades_domesticas,359.0
16078eb07519685083510f372565ddc7,automotivo,358.99
097d5a4bed2be012b4e46e6f5ae0694b,beleza_saude,358.99
59d9b72d6d54d0817f5614d78eeea90e,beleza_saude,358.95
8b21724e123534e3d718d53ae35684e7,consoles_games,358.9
c61cd4826ecfb4760797ad42c92ff8b1,eletroportateis,358.8
2c36bd802c645850497100e08f9dfc80,beleza_saude,358.8
59dae5028ffa06d8f0151bf1fa97b7e6,informatica_acessorios,358.0
0e122649ef24efa2051127c4018b13e5,sinalizacao_e_seguranca,358.0
66d92b0c49af34728904a73c26e9e59a,relogios_presentes,357.95
94f584e1a1158e97314c59b190dfb899,casa_conforto,357.0
890026b4bae75bc7976e251c46c029b7,relogios_presentes,357.0
6cbd4637b69fff7d983bb1a757febf71,perfumaria,356.49
bb9aa579b534cb9d96b38fcac94759b6,eletronicos,356.0
616e6167ea0f56aab9c99b6a4ccde743,esporte_lazer,356.0
0df37da38a30a713453b03053d60d3f7,esporte_lazer,356.0
89a728cf89ef556b073f4464fc07e9f6,automotivo,355.99
1b3c5b1455f3e42d831fb778055c9e45,consoles_games,355.9
0d9957ab8ffb09053626ff10f7b5876b,perfumaria,355.9
7a3bc1b5f3ad201ecd5d03d51d34bedd,beleza_saude,355.09
d34984353fa530831479ab9686c090e7,esporte_lazer,355.0
c1cb3679d3aa242bb9094aa69ea47c42,instrumentos_musicais,355.0
32e07fd915822b0765e448c4dd74c828,informatica_acessorios,355.0
79af04ca7d7a02c456b475f4e8e3fcac,eletrodomesticos_2,354.95
f619f125af192e28da946f3382e783a6,esporte_lazer,354.9
e398924df814f49525ebf68af637b1bc,beleza_saude,354.9
5e57a146ccdca976190821a00a059ebf,perfumaria,354.9
f429bcbed72851b21f20d2daf4330bce,brinquedos,354.45
a0de6ed943a47ab1ea06555cb9fddbab,consoles_games,354.0
ee2405458ecf90c4d6e1c55a9680de91,brinquedos,353.9
ac6d5ee8041a6228a27fcf80a063b7f8,relogios_presentes,352.9
551ae6a7d21ef0eea7b844dac0cc9de8,cool_stuff,352.9
dc85876834143377929cf89f98115506,informatica_acessorios,352.57
2a11460730aaa623c8897e343fe38cb3,informatica_acessorios,352.0
127f66367cc2f1616d4d070ecf8afb7a,telefonia,352.0
44523a5e61f0a718c2231922b8856ad7,relogios_presentes,351.47
00d2add85b1f5aba6bb3d5d977314e25,casa_construcao,351.06
cc88837a83ef7b7ea2bf724434a53ef3,construcao_ferramentas_seguranca,351.0
6cdd53843498f92890544667809f1595,beleza_saude,350.83
9aa7ddfe6525f9fa77ace664d52ee791,perfumaria,350.04
fa4e84908e2dca7e8d5c267baa88cfbb,cool_stuff,350.0
bd1fc5db666613cbd3cba3ef38d3c0f2,automotivo,350.0
bbc7e843b8e76cabfe107ad624cb2e7a,climatizacao,350.0
93719014f156d3fa9e0511cd0ab96315,cool_stuff,350.0
8eaa9bab89d7c3af6b8d4c7156573e79,ferramentas_jardim,350.0
717e3638662e1747dea15a605cba7914,moveis_decoracao,350.0
5dbd7cc557840defa81a4a99590b215e,utilidades_domesticas,350.0
4775a411941138402e6de133a0245dad,relogios_presentes,350.0
1ba74b19c790ee59fb57fa2befa6e885,fashion_bolsas_e_acessorios,350.0
0ed3993c767ad11a9d285e1a6caa2eff,instrumentos_musicais,350.0
ef9ac8a095abb122d1f1314abc153e2c,bebes,349.99
d9279101bd9bcdf95aa06a8081b24367,bebes,349.99
b3e62451b0073eb78f48426d3832b8d2,utilidades_domesticas,349.99
aa2b29bee083c3eb3779f39fc09527b7,,349.99
a84a9e06ec9e2e2a520aa8c5b6d11150,relogios_presentes,349.99
8f983b383c2d3e409d71cfd12dbc7a42,bebes,349.99
89dacd5290cff31247fa3e2412c08e02,,349.99
7debe59b10825e89c1cbcc8b190c85e2,brinquedos,349.99
6d1552d60826f1b026c844b0501c2058,eletroportateis,349.99
62d2c177dc54994c9103c09e92a05c04,brinquedos,349.99
5ce6a6914bbb228f4cb4ee93c1cd0d15,brinquedos,349.99
4d88bf79cfba786c4f220da5869dbd0b,cool_stuff,349.99
3a57f86e932434dc3b901cb9a4ea1f24,brinquedos,349.99
20a56bb6cee7a1b8e02e245e637e1b8b,fashion_bolsas_e_acessorios,349.99
1fc4d10c30db884f34f1b8388731b021,brinquedos,349.99
1ba039173f93b4ad2c34545eb1f64f24,beleza_saude,349.99
15c078f58e790a7618352d6cc1571025,moveis_sala,349.99
146e38440bfc14b0d923856ddac3709f,brinquedos,349.99
0cc13a424dc207f8c4d3b26ea1cd384c,moveis_decoracao,349.99
0887a4b7b87c4f53d81db7c95de4a6c3,brinquedos,349.99
60061c870d0d52a2c5bc678d56538fdd,automotivo,349.98
d6c69817b519edddbf1b289631b7160e,perfumaria,349.97
ba63ad9eaf3dc6369f8187e7251c0870,perfumaria,349.97
66f559d2cc74e31ad7e9c7db447aa4f5,utilidades_domesticas,349.97
26c48bbde38fc8ca6a01eff68015e35d,perfumaria,349.97
f76648d50e1f928a32d5d8559719092f,telefonia,349.9
f6574524b07d5bb753bab6f35abe2d06,malas_acessorios,349.9
ea5774e69135147e6f0e1eb593d9b105,beleza_saude,349.9
e4fd9d0fab1ed76076f69786a9b767de,eletronicos,349.9
d92cda0cc0ce2758750a52b1a1dad05d,consoles_games,349.9
d3895edeadbcdbc93e47abf37d03f97e,automotivo,349.9
d220fdef3dfe133c5a725ee59ce99595,automotivo,349.9
cae4c48440297651e8ff3c2d58d314d2,moveis_escritorio,349.9
bd149e7e19bab469011f129cdba049e6,moveis_escritorio,349.9
bcd321359bdd2426f0982373dec54e75,moveis_escritorio,349.9
b1642ee7c8c39a5516b207935b1fe108,cama_mesa_banho,349.9
ad26ad285869ae33f293067b79b9f01e,fashion_calcados,349.9
a04fd52c740629158cfbf0e0154f9f7a,moveis_escritorio,349.9
87b28d72d12acf347bee8bec0bc7d2fb,esporte_lazer,349.9
82cff05560eae73466f8778690b037fa,cama_mesa_banho,349.9
6e6752783a53e4832b969f1417ca34cf,consoles_games,349.9
6b59816f789d2ecd9884ca8bbb81dd93,moveis_escritorio,349.9
67c27d404db051709a626dab489ef356,moveis_escritorio,349.9
62b0e890638d64f8e51e7418813fea07,eletrodomesticos,349.9
562f4fcb4d0fb2cd4b547e42e5bfd2e6,telefonia,349.9
3ad77ee47938193d6240dadba0feeaa0,perfumaria,349.9
30e77af9e7759bbaa0305d2fbc605dc4,fashion_calcados,349.9
2d1a8b45479472a709ff5e6be0f1341f,moveis_sala,349.9
29d02bf288d4101006e5aaefe7f13250,moveis_escritorio,349.9
193cea27ec2ebc61c91cf7dd70420fad,cama_mesa_banho,349.9
17d68b6c1ebd7073e3689b9a26004651,informatica_acessorios,349.9
16734715511e4a408f9b534c748032f2,instrumentos_musicais,349.9
0db3775f48739f2e8dbaebeb631eb4ac,moveis_decoracao,349.9
0ce430e210535c2f40fe2f13ca31b441,brinquedos,349.9
049469901143a0f4ead566611fda0544,perfumaria,349.9
02090f97a28b3d10d19a09f045f6df34,relogios_presentes,349.9
004552d98c5d3653af8b4dbe8def0048,moveis_decoracao,349.9
58b9219b342b712be58665cdeff68b30,beleza_saude,349.65
c43bdc444e037ff4f6c4c6e307063572,utilidades_domesticas,349.58
bd121e63c181b55f2204d15c44795736,moveis_decoracao,349.3
f567d4c09e85e4faf20f896b363fb827,esporte_lazer,349.0
f125e27b53e319685161d2b99f637ff7,ferramentas_jardim,349.0
f0c39c49847d1eab4dae5245694acd3e,telefonia_fixa,349.0
ed1de15b1be40001e5ed37127a6690f1,esporte_lazer,349.0
e9c1abcc7126360336d8f56d49041a8c,beleza_saude,349.0
d480c8ac2b14450ec3429f878a525143,informatica_acessorios,349.0
d349b106eb0af8ebe0b821baf7705208,automotivo,349.0
ca86b9fe16e12de698c955aedff0aea2,informatica_acessorios,349.0
c6c0050be6d17e489a6945951a0dbfb6,esporte_lazer,349.0
c5d5fed9e3002dc5313d874d7f9a0ff0,instrumentos_musicais,349.0
c59693326524d19305c82b2e4084a437,moveis_decoracao,349.0
c2dc995f95d54b9ea6dd4adb9f149ffd,beleza_saude,349.0
b81399b264f3f525f6645f98369b1868,fashion_calcados,349.0
ab035f66749c120d072b11475d25329d,esporte_lazer,349.0
a94db861b4ea1c79704586f07c8cdbc3,utilidades_domesticas,349.0
9933cfae62cc657f0eab6238a56b0750,informatica_acessorios,349.0
8b64eff669e3dbeedc349de9f1d3bcab,informatica_acessorios,349.0
897839cf4f8719dfc89308893a53781a,esporte_lazer,349.0
884b444b6ef19272ab3adf358afcc921,cool_stuff,349.0
77c0761ae16fdb908f9d7f12ef176a14,esporte_lazer,349.0
59acb82068f537c60568a06ca341397f,informatica_acessorios,349.0
362fe881d98a8832ec0152f279f8577c,automotivo,349.0
2167c8f6252667c0eb9edd51520706a1,industria_comercio_e_negocios,349.0
06f4fde9ce07b3d2bfab78494343c5da,informatica_acessorios,349.0
7dca7157b8f883274a06fda9cec3fed5,bebes,348.99
f54fa23cc86cba6fb247f8e5f868cf8d,relogios_presentes,348.88
48a59a89c4c68ff3e20a8b7586f33337,beleza_saude,348.75
04dc26a02c448f6f2b914f01c2902ebd,consoles_games,348.56
3997a6da5a88930a92998ccbf98adf32,cool_stuff,348.0
4462167dca28740ae5078b9dce00f199,automotivo,347.45
8f4325bbe83f7ee057479e45ba62a5a4,informatica_acessorios,347.42
bdcdac3808387127799361ff2ce69f06,perfumaria,346.99
39ac5a8bd0d6a65378c7d952d58b4478,esporte_lazer,346.9
353356a910b2a42aa75a888a5d348997,relogios_presentes,346.33
a5f25345083fc9e537fe69c874886fe7,construcao_ferramentas_construcao,346.0
b1851a67aab3aafb8c62f81b64d31278,cama_mesa_banho,345.67
068831628652b27ae554b8a66ca6adcf,moveis_decoracao,345.62
a425439bda03235c54fcb21e14f3865d,moveis_escritorio,345.6
16d5f9047931834bc4634f3190e575fe,casa_construcao,345.5
fdb33d3471c9183b30cea8b7b34e4880,automotivo,345.0
c384df04227582c085d6524937a3768a,automotivo,345.0
b4aeec5cd68d7be08c15796340e29b6f,automotivo,345.0
0a6037fabc6b47a58947cc272f30b7f2,moveis_decoracao,345.0
5ad97c18f1705aac59da3384ba9d8f43,cama_mesa_banho,344.99
fe4afcfae208147e0189eaa4c3f5fb8d,papelaria,344.9
2bb3e85f2a403543fdb64e266e70c792,brinquedos,344.59
bef6177f54efb9a6218e124b629fc152,perfumaria,344.52
49c5279cc2c4e8ee09dd2871bed03114,cool_stuff,344.45
b4c0a557e24a783073ea34fdabe4663c,bebes,344.0
852b19e59727d554cf958607536d86d9,relogios_presentes,343.14
e226c4f6c92586f1a8845b35edafd8c0,beleza_saude,343.0
bb80645f347f26e0a4da138c7b2745aa,,343.0
aff4c4ee166f76b66595e0bcfb983d5b,consoles_games,342.67
0b871b4731c7bee9332c7c0b9a742f1e,brinquedos,342.0
cad39e71c0fe2f6ce875040d4ac43a4b,relogios_presentes,341.99
e68e6b9f909d74c3b23c3b249c830657,relogios_presentes,341.4
f41b27c06a91e6f554c113a7e702ee7a,sinalizacao_e_seguranca,340.0
ba9e896256f52e536a611c56a4cae38e,fashion_bolsas_e_acessorios,340.0
b45cf16d3053d517e0ac445498e4915b,utilidades_domesticas,340.0
a8c6827a8a59c4b3bd37a9761715f3d8,esporte_lazer,340.0
7c20caef078d055077dcf2c8a6f49b46,cool_stuff,340.0
2f02a124a827f65bfcc0baf443dad405,esporte_lazer,340.0
eb726c73cd87836d80adff6bdd4d762e,brinquedos,339.99
e9c49fc758728b084498862fcabf3c5e,brinquedos,339.9
e88e5a87ca25def10ad4f2dd2a967f23,esporte_lazer,339.9
e1608f467393da59b31f1b40b536548d,perfumaria,339.9
97d1914c419fa8222dee93c465395aa4,eletrodomesticos_2,339.9
9598f6cd8a6b8adbb542aca0635794f9,relogios_presentes,339.9
87f6a4366535fdaa380ac373b83dc752,perfumaria,339.9
812f1a638bcd733dd09a574e2424dff0,esporte_lazer,339.9
6e4abd8bd0f6bb6b4eadd011199af836,pet_shop,339.9
64976272fa76578e7bb56f6d6d942ef6,construcao_ferramentas_seguranca,339.9
58fd8873cf12a178215b4339d2b34ec5,cama_mesa_banho,339.9
381402fe1e8aa91c45f813615ab5a596,relogios_presentes,339.9
2ed61618c3f21314a9aff852c8c9866b,esporte_lazer,339.9
a213969f10be36f5ef5717a3c2c27952,bebes,339.89
d1a1d4253ec00fc08a3ae1c4125cb31d,relogios_presentes,339.8
4da918a160c19da9bfdf9945d18006ec,instrumentos_musicais,339.74
8b8191f9283cd3c98fa9b37a0b0f99ef,perfumaria,339.66
f15982438cbe439923dbc01e8ee1b6e8,ferramentas_jardim,339.17
f195a8ce7489c4c4fe613ef84d8dd7a6,beleza_saude,339.0
ed60a3c48bc2642660f93ddaeddd6515,beleza_saude,339.0
e844770f85faafda86f20911fcf607b5,instrumentos_musicais,339.0
e052d2aebe5b1887f31d80b47c2aa3c0,informatica_acessorios,339.0
d123a889dbe1dddada56ba224cd05963,informatica_acessorios,339.0
be021417a6acb56b9b50d3fd2714baa8,utilidades_domesticas,339.0
ba3a1ee42fbee80933b0d24a275827f0,utilidades_domesticas,339.0
b62c4aeee36fc51b2bd7fa2e5c3268b2,automotivo,339.0
88d4861333d5a570ffdfc395e90d929d,informatica_acessorios,339.0
7099b88be79102f4ec1fb1410b28d466,beleza_saude,339.0
6c69e1be6be2ab7ad5a9e4fe8a763b7f,perfumaria,339.0
6085250f7b172d15b2fd69b85ca4808e,informatica_acessorios,339.0
5842161e65d7898eb4aab799289a137e,consoles_games,339.0
4dc3f43b20eeebc284b7ec6f5dc9b792,informatica_acessorios,339.0
40c983ea11646454847fd43d5c817ffb,consoles_games,339.0
3d482fda7c84e7e2eb013c19760f5c46,ferramentas_jardim,339.0
3caecc43ae4ff35c714a4e9a92964402,utilidades_domesticas,339.0
321630bb4ad7a86b816ae01396ad58d7,automotivo,339.0
2b6726ab177dc4ec000e5fcfc6926cf2,esporte_lazer,339.0
2743c376f40b82b7bda71ad4a1256507,esporte_lazer,339.0
0a790f2710eab03be4f7793583779874,consoles_games,339.0
067c68a19be5d218b092cf260bfbd9cb,perfumaria,339.0
0418d6ca9336c4a7ef9667aac0be1976,consoles_games,339.0
d3a10b49783a6ba7ea46526fc79aea91,malas_acessorios,338.9
d23a564a7cd43e5169246cc8d2c8c5db,instrumentos_musicais,338.52
3b3c3503539e7f917eb57a8d4bfa69f0,cool_stuff,338.33
f4c3e41f8c0ac64d1be09e1b92327ac0,construcao_ferramentas_construcao,338.0
b6a1a729d84991c54d232ed0fb0b8deb,automotivo,338.0
66fb55e3750680af350c489f504762e2,esporte_lazer,337.42
2c3f424b5643b03663e0f5861dde2bfe,construcao_ferramentas_construcao,336.95
1775f1f0d5c82a7c311baa9074593e6d,perfumaria,336.0
0fa699aaa0a38aa5d1de8e7fe04d2204,,336.0
687a2683f42fcf1b80098d2e38e23c6e,esporte_lazer,335.9
32252579a719da7dd2ee115f07dfd03b,informatica_acessorios,335.9
3b31b57a9cdf87158977c3188a8dfa5a,perfumaria,335.78
ec322025096f33818acee169e97d5b97,beleza_saude,335.5
fb9c4133006cdb80c0a96dd36310aac4,automotivo,335.45
0de1e69dff6f40f9f71be7034a8bb8d2,perfumaria,335.35
51c37059384184b7c3db494071352b86,esporte_lazer,335.21
f5c0c21094c05855d475bc3890adb6dd,automotivo,335.0
3e08b2e39d6d62bba485dfd958639662,eletronicos,335.0
30c9836b54b1f5702a078b5b6c63db07,relogios_presentes,335.0
0e52955ca8143bd179b311cc454a6caa,automotivo,335.0
049e64366e5301baa9060eef6b10f217,relogios_presentes,335.0
2307240c5347bb41a709a1ab8e38b5ff,automotivo,334.99
a6b7073cf928329df156bb534b95b2cc,relogios_presentes,334.95
b9ca577f48894c59a9677f895f9a44bc,livros_interesse_geral,334.9
9077a120c5f0a94bf904d737b07e116f,cama_mesa_banho,334.9
f9fafac43d3416d92ecc303fdeb1743d,moveis_decoracao,334.8
d9545b3e8df3155bca5b302d0f7c3c1c,informatica_acessorios,334.62
8b7a9eed0d30c43346eb8de2d821b2fb,moveis_cozinha_area_de_servico_jantar_e_jardim,334.0
29da49705f0a9201052204e50bd7e176,brinquedos,333.95
4be566f7ce6887d7ba428bccab9db80d,beleza_saude,333.5
83f6e0a993efdfa2bf9550a204422cb7,moveis_cozinha_area_de_servico_jantar_e_jardim,333.33
9f2597e311355defa12f1491420d40d5,esporte_lazer,333.3
2ba4dc95f18bb2bedbef662cb24de95e,brinquedos,333.14
9fc96a5f44c80640e0ad172c9ff13703,esporte_lazer,333.0
3dacb3ae011b40803a508b23392e15a0,papelaria,332.93
729e4dedfa3ed50a3fd4898b6f11c715,fashion_bolsas_e_acessorios,332.9
f39a8b27ce90ac582103bf36f09690dd,consoles_games,332.75
992d4afe3fb8536bd1d71e3f1087b004,relogios_presentes,332.64
8924b7a8cf460f276c5fc77859b97539,relogios_presentes,332.4
e6e3b7c71e3a84b79b0dc5300587fd6a,papelaria,332.33
9eae0f2bc40219fa89901bf4ae275799,relogios_presentes,332.24
19a5dc57b9f69cff2321395f3c36f9d6,esporte_lazer,331.68
90509918fbc0f45016520d833ae25f78,market_place,331.25
11bbef4e2a44601d9dd471aa1fb433e6,beleza_saude,330.52
d3dc47db6d5ab70560dcba1eee4d01ae,cama_mesa_banho,330.0
b6c312bb8b2e0c3ab0a23d207802f82f,cama_mesa_banho,330.0
9bf850b04e5b1ec3f9e35aaf9a55ce52,moveis_decoracao,330.0
81761c6b742a57257960263f51adcb8e,utilidades_domesticas,330.0
10e33205ed375c8e4dc957633ae2ed83,agro_industria_e_comercio,330.0
f0e1372ab5cfef5ea974b45e419851cb,ferramentas_jardim,329.99
db32d8826a7126c0c59d511a62de9a8c,beleza_saude,329.99
bf128b5dced56e2ec0391179eb70443d,bebes,329.99
8b0229efd2d204e26dca4fb9d3eda08c,beleza_saude,329.99
6562dd6467621f6b5ab019a96d4ee8c7,automotivo,329.99
0d8c593f5408c0e5d59f850bb0a7b499,utilidades_domesticas,329.99
8b9f7fc148edbc07e1ce6dce23984f3d,malas_acessorios,329.93
ee99cd2d468819078af4687f923cf17b,moveis_escritorio,329.9
e2acf075e3634e6f0c26e4e88c1bf9d7,moveis_sala,329.9
e134cbe135ee33ea460b71bfd96a38ed,moveis_escritorio,329.9
e106c818f2f2e0a830fa2bc5c09076d7,perfumaria,329.9
d5875a64de7c209c43f0028b728f7e4d,moveis_escritorio,329.9
d457916b4fdc60154ed93b5dd3e6fd69,construcao_ferramentas_construcao,329.9
c0275a8ac94fd0866ba76c7d2496bb5c,cama_mesa_banho,329.9
bcad5b050c241af2fdc24c51556b297c,ferramentas_jardim,329.9
ba78f8e12cdd3d472e548247e0e68a72,informatica_acessorios,329.9
b9f75330f0582e2e33c3ea72ae17f499,ferramentas_jardim,329.9
ad53b74739180a632354ce9cb16bbdde,automotivo,329.9
aa968acdefd6d319d1f19bdc5c04670d,utilidades_domesticas,329.9
a35908642db2ef18437c352a421035ef,ferramentas_jardim,329.9
9ef8eabf54b45bc606e85fcb4d97e968,automotivo,329.9
9b90cdb2d9223fc2e400fcdda43bdd48,esporte_lazer,329.9
94db23ef7b9dfd4774a38942cee3e05f,ferramentas_jardim,329.9
811809cbfd4d37f3fa4b2849bc288167,cama_mesa_banho,329.9
7f8bacbe759179781b50331ea609f7f8,malas_acessorios,329.9
7aeaa8f3e592e380c420e8910a717255,eletrodomesticos,329.9
77ab8b22b7f8062a284b90d51735b11e,moveis_escritorio,329.9
6d3b335d1fba472b61c01ba542307f62,cama_mesa_banho,329.9
6a44a19c645421001ab4d4c7eb1b687f,brinquedos,329.9
620b45f968a49556658d15ef8560a30d,informatica_acessorios,329.9
5c37fc5cf2955deea60c262cc60a51e1,moveis_sala,329.9
57fb124210d7dd98867b5b798c668eca,brinquedos,329.9
579beb8c0b718599ffc6f1479c836353,moveis_sala,329.9
4e1cccfdb088e7e5b74d7a5b1d299364,ferramentas_jardim,329.9
45c6a146b3386b75159f74dce2524e02,ferramentas_jardim,329.9
30b71c9c4072aedc2eab725fa28f50ed,perfumaria,329.9
25ce0807224644a6afe590a392c237b3,ferramentas_jardim,329.9
1fcb60b5848efd11d95695cbad320c14,cama_mesa_banho,329.9
1c93cf120c0711a9ba9f0a188a52f649,automotivo,329.9
07591f80309eb6393c6af043b234cb83,moveis_escritorio,329.9
0667b4afff64a57f01669f9af9ce685e,perfumaria,329.9
cc53571eed3eb6a52148b2145955a0ef,brinquedos,329.8
72076d150be0b5c03bbff0c07cedeec2,perfumaria,329.5
42025f5a5a9be121b14cc11611331b20,moveis_sala,329.48
a129c8279ee7fa447a6e8726f619dac7,bebes,329.33
597d26435e8ef77bb0fcd26f6c07d486,moveis_sala,329.29
63f7a4366da7b3a3cb5bd2336ca15f7e,telefonia,329.22
8f03c5b78e41d6cecdfb6f6bbe4de8da,ferramentas_jardim,329.2
fec2d939a171210847d8f2d102f0dba5,ferramentas_jardim,329.0
f7b30f48c235d715e00822023d8a4dce,bebes,329.0
f0a720fc3ab33276bc8bb46595996083,livros_tecnicos,329.0
e475c947d2287b8ea1e6a90dbbae56bb,beleza_saude,329.0
cb03e4f0503f45854e87afe535e0681d,ferramentas_jardim,329.0
bf7bb0eab82e5726d4401a152eb91a4a,relogios_presentes,329.0
b715d785d518112309c312260fd88842,papelaria,329.0
aea89e156fe6705b458e900a8790af90,esporte_lazer,329.0
ac17046d8fec49dfeaa896fc00e5e848,relogios_presentes,329.0
a993630a8281d440f812efcb8dec5c68,esporte_lazer,329.0
a7b9753ca5040193a1505f15c723c0e0,moveis_decoracao,329.0
a125c009beb210be2ad9db7aa9f8bca3,fashion_bolsas_e_acessorios,329.0
9a3ca83ba9d170d692b42098fff5b7ae,informatica_acessorios,329.0
991bc1085efee49ba6cd9f3f17efabb8,esporte_lazer,329.0
85834dd27e4888d991943dc23fc92ef5,bebes,329.0
5eb7102793807195374fcd13de07eb62,utilidades_domesticas,329.0
52bd2502183574fc11a434d5d215a4cd,brinquedos,329.0
4befae07dba4384f6d8237ad1e7f8294,musica,329.0
441cab1deea761934372ba090ad7cc24,automotivo,329.0
429cf9c31b3ba3f4de81507a63f98724,ferramentas_jardim,329.0
3cb86c99e14bcf5a24bea6305c171a75,perfumaria,329.0
33edceeb3ecaca6ed4cdaf8085a21b3d,ferramentas_jardim,329.0
2f4fe9fe975fa20adbb6d6f38c5fab3b,ferramentas_jardim,329.0
26a3bf2fff7de4f4a65d54442c672913,esporte_lazer,329.0
245baefabc49c30568e720610780fa9b,utilidades_domesticas,329.0
13721c732d93346dca59eecba82bf07b,papelaria,329.0
97c57b8428f6b7a7597248a02938681d,moveis_escritorio,328.9
44414d55ce2808a7b8f3568a92d1484f,ferramentas_jardim,328.9
b5b1ef3701c288dedcb700f5cd3061f2,brinquedos,328.89
ee6d2bdca28be6e08d1c847f0222f6b9,perfumaria,328.0
66484d3ad6c8fcd55265bfdb060fc8cc,eletroportateis,328.0
b191d7bf910b82744bf36a5ee9b041d8,perfumaria,327.99
8b1c8d92f0eece60d9b05532d2b88184,ferramentas_jardim,327.99
bb50f2e236e5eea0100680137654686c,beleza_saude,327.62
3e0bc37e01b5c85e125dbaef7cc3f0ad,eletroportateis,327.43
f0fe4af158ebc28426b794c0b54d3df1,beleza_saude,327.0
5eda929e3621fe903d57208a6939acf5,ferramentas_jardim,326.8
3d22445510fe5a03299a8d2a5da7abf4,beleza_saude,326.66
edfbb2566914ddd223d3bd6fa1e9693c,cool_stuff,326.39
60184212dae4e6b0da32bf54271a8c4a,relogios_presentes,326.25
7a054d17dc450583ed639068a9298afd,construcao_ferramentas_iluminacao,326.0
5abb262996451f878f52e83d721e74dc,brinquedos,326.0
fe9dfbe7f974621789683b7b78be2a16,beleza_saude,325.9
03511a5e5d4c3d8ef00f1578e1419800,telefonia,325.73
0d009643171aee696f4733340bc2fdd0,perfumaria,325.63
61d83b8d80a61b5fd688471b5b273b5f,perfumaria,325.54
9648b0bf87f29f78dd9fcbfe58d0e6a6,brinquedos,325.5
312284b6c3b1c1b36b46db2bcdfb150a,eletrodomesticos,325.49
f79b6b10ce5885fa36adf4f013681939,fashion_bolsas_e_acessorios,325.0
ba63a82a6a467d4d29dfba52bfeb064a,relogios_presentes,325.0
775bca2cd0c1c8165c893062195f9429,moveis_decoracao,325.0
5a115520de38809b60a0dc27539a874f,relogios_presentes,325.0
b12c4b01322e1befea8465bdf7fe2360,brinquedos,324.99
5fbfa85126d6e59188d7da79f21e9687,perfumaria,324.99
af56f441a3b2e3181eeeb71ac93a6749,telefonia_fixa,324.9
995a6110a2705a9401669fb4cf939241,malas_acessorios,324.9
6d8096ca93caea3416a6b24bf411bc86,relogios_presentes,324.9
4183c824f5d60e348c536af8155f4e8e,utilidades_domesticas,324.9
8d53c5e807e69f0b0914fd52d5b0501f,bebes,324.89
714e305d7c565927c0ede7012c1c5c7c,ferramentas_jardim,324.5
76914818a87f9b6b320e136e17e6ae06,moveis_sala,324.37
e6afe5ce0d27df0b787daf76bd037050,ferramentas_jardim,324.3
d6286b24db0db6d5cde06cb31e5b74d4,ferramentas_jardim,324.3
c36982ca95045ed1f077134eac1e94f2,cama_mesa_banho,324.3
451482edc91f59c001a5a3a0e4d594bf,moveis_sala,324.0
1c3a3b443f2cc220733fbd7b49841187,perfumaria,324.0
07e1dae59ffce9e47d0f529361d492f6,utilidades_domesticas,324.0
9b20cbe99cd2a76d917fd7c13cc75384,informatica_acessorios,323.18
bbf76ccd9b620fb13136c95bc5adb5da,cama_mesa_banho,323.04
d1833b7b959fa2d25e6d970bda08f59e,instrumentos_musicais,322.75
ecaaaccb5eb3102553f001d62db6389e,informatica_acessorios,322.61
8abc2d73b55855c07b6888d4b21b3da6,consoles_games,322.35
aef8207c2e91f4fcdbc0824737abf358,beleza_saude,322.21
67a7c7243c0585ccc44471b5a5c115e9,automotivo,322.0
6a222302a2e1749b050b0897a01765f2,automotivo,321.9
defce8530200d29d2c50f4ca66400e06,papelaria,321.89
282689e1e4c5d32efe135668c32b6722,cool_stuff,321.67
926059cf1853879e8f148194b151ed49,automotivo,321.0
d320834f42a07dcc3cf09805bc8c7001,utilidades_domesticas,320.45
5177d018e1fe8b629d1b7481638b1965,informatica_acessorios,320.36
f3efd1d829b025dddc72baba33e17c19,telefonia,320.0
dfb92838905ead933a01256a80edc894,esporte_lazer,320.0
db05baa32930ca5fbdb515b0ff8fba0d,instrumentos_musicais,320.0
d6637bdb2f31c77a3335a1b3c36923d1,beleza_saude,320.0
c76bc5aca848edb5d6460267176f77ee,casa_construcao,320.0
b8fb835549196ef18695839a1a749584,moveis_decoracao,320.0
a1eae0ed718c783a4c0dfef382d31ee4,construcao_ferramentas_iluminacao,320.0
69594b9c8acebfbd1bbc19f782680d4c,consoles_games,320.0
69114932c5311e312eaf356081313a4d,brinquedos,320.0
635c4d1abbc47f87a51cec367caeccdf,fashion_bolsas_e_acessorios,320.0
5a75c30c323b0ae56499ef163504648a,construcao_ferramentas_iluminacao,320.0
4c9c5d9cbd2475b109784b48a70a5c70,relogios_presentes,320.0
3bb3e5caf47c7e92ed97227247e942a8,cama_mesa_banho,320.0
2a00350b02e85228f3a3749f39ede66c,brinquedos,320.0
233b276631735c2cd04a89d01bdd8a58,automotivo,320.0
106686a363064e034fee1344220be7bf,malas_acessorios,320.0
074112f674682b5e218463ce1732945b,brinquedos,320.0
e9e8ec421793c31261cde20786e9ff16,malas_acessorios,319.99
d6a833576187300ac7c315a09c16b96e,eletronicos,319.99
c88f6f752875535d69510094205bab77,construcao_ferramentas_construcao,319.99
89e0afa29b7165f7a6a95381418dd471,automotivo,319.99
63e51e65ec59b56039c6427eed73dcf0,telefonia,319.99
12f749c76f15e9bf5743bebda92da24a,brinquedos,319.99
127b372f0c2ee673b04d38f8a6325a2b,brinquedos,319.99
0f9d4a8cb14c962e53120a6f7a3a215a,perfumaria,319.99
898bfd7ee2dd15e7cccab48142968d6e,brinquedos,319.98
fe0c30fb2df4e35bc7319b277ddbdaa5,sinalizacao_e_seguranca,319.9
f83475065f800a2c5bf842c7dc3f8925,moveis_escritorio,319.9
ebfac003d90a5ca445e217728f4f3755,bebes,319.9
e0bbe6292471ff5ab3752414baf78111,relogios_presentes,319.9
cf161acf0258ad3ee8fcadd1c7f0e368,esporte_lazer,319.9
c25202cc84e17ea4188bdd80a6b069e9,automotivo,319.9
9b5a5d9bb3fee413357c176ff3817567,relogios_presentes,319.9
875354d714cb706c1429cbaab1c358a4,ferramentas_jardim,319.9
7f47a78f50b93196e945ec522b6e6788,brinquedos,319.9
78f154cb6a25aea77b9d98ce9ad93be4,relogios_presentes,319.9
7012287e9175401bc81084de729e664d,moveis_escritorio,319.9
4d88659b2d47e07c93060537d6542bb5,moveis_escritorio,319.9
346b164b843475e78b18db900c65231c,relogios_presentes,319.9
333f47c19a1c3870d1ce94cfc51a4f5e,relogios_presentes,319.9
296160f1474264a2f1d7e738b999b93c,telefonia,319.9
1b335291af6aa51e69afcce777570b9d,cool_stuff,319.9
14e3a1344aba7a9d568e0aa446da24be,cama_mesa_banho,319.9
0cbca89e0ecfd4fe92dff4f1c27a0487,moveis_decoracao,319.9
01e20e6604216c8adb31d463214ba00c,casa_construcao,319.9
da1ff964ecbb4df51db9322cdf7a4a74,informatica_acessorios,319.6
ef30fdd053284aaffa42dfd5612b66d8,esporte_lazer,319.5
d7e7b1fc76e781313a0f5137d801951d,esporte_lazer,319.49
ea66598d13482c9c72f1936c62d2e630,eletrodomesticos,319.45
6daadc7e6029cf01762f941e488caa1b,brinquedos,319.37
060ed45e8d50384910a47c9224931f56,informatica_acessorios,319.12
d4959e4f53f19c94abec965e966c7ca9,,319.0
ce50ce6bd3918bddcce75a3014b560f6,malas_acessorios,319.0
bacf2de8920bbcaf6f005a30d81391d2,perfumaria,319.0
b140cc13107904067b325ad095709d6b,automotivo,319.0
a0adc3041e9917104f3fea4ba995adcb,informatica_acessorios,319.0
a05b734b423527efdc1917e441f19234,pet_shop,319.0
9cd4e242b488f919520445a0623cc055,ferramentas_jardim,319.0
85ff0318897b49c9bba94fb1a099fb11,moveis_decoracao,319.0
83c3d4602324544954d73486c1a47455,informatica_acessorios,319.0
8016b7670842c9e99086f95ca96d7356,eletroportateis,319.0
6d034a9fd26095b72dd2c2060af17d5b,pet_shop,319.0
61a7263fdb4809852aef0552a2c38342,automotivo,319.0
4c09470b433cef8a5790d7519849a282,automotivo,319.0
3d6ef61d81f0c2a0957ea6bb00ecfdb6,bebes,318.99
d96cd2197b0be40a66b1279c910e0921,automotivo,318.98
cb3eca8ad99e38bf5287d408960623d9,automotivo,318.98
81b454070eecf89b21503cd5d313aa57,automotivo,318.98
08adf4f96646dd795d6f472ff1a1ece4,automotivo,318.98
fb0e979620b2fd991a12edd108fc83f3,perfumaria,318.76
21767347dfdabbe42b3ca5846a4cdb48,relogios_presentes,318.42
1c21c11ea2efbcaa7ee31c3191300a58,perfumaria,318.14
82f02f778dae4ea65e408d9086b013ec,papelaria,317.99
c4c273fc9291c33a56ad3f006fe567e4,perfumaria,317.9
9ae313787aac6da72ff95077f3465ea7,industria_comercio_e_negocios,317.9
bf2f8d918c34551d0bc8861f3779953e,relogios_presentes,317.5
3a53c1796dd7e4050fdfd2f5d4c90f70,pet_shop,317.5
522e80f11e2431474e70300f12a6e45f,esporte_lazer,317.0
505cad9f6344882dd263949375dd97f5,esporte_lazer,317.0
3fda5d7d8639fc5c850231af6fb34b36,esporte_lazer,317.0
2ad7e937566ede4b158f9b06656b69ef,esporte_lazer,317.0
b912235c9a11d06ac8d3f97b2538aee2,bebes,316.83
42b3cf00e662d57725bd2425b106563f,eletroportateis,316.42
2233b59e8cf2817f9659e52cce3093de,casa_construcao,316.05
2f045a2d0457b68c32cf190eb0f4429f,relogios_presentes,315.9
b5f15ee3cd14a7ad279b7f07aa6c8aa3,beleza_saude,315.6
5facbcb58026ecb23eab5777adf310fa,moveis_decoracao,315.39
dce3721f89a159fed6ff8b94d7ba32b9,telefonia,315.0
c43704bc45a1f1a58de5d2b5ba0b0d12,moveis_decoracao,315.0
aba0932cedf32b2a7b6b832f11769613,beleza_saude,315.0
74e901ea4caa0b0488e8350431c558e9,bebes,315.0
65194d9ad03e8206e3a9848f405942f1,industria_comercio_e_negocios,315.0
5ffeff2ac45b628674ce03e75ce4d6e3,construcao_ferramentas_iluminacao,315.0
1234e5d27a954d308ea9c87d8106a8df,automotivo,315.0
10cb4574e88302b21a629d95fe74c54f,cama_mesa_banho,315.0
79ea753b9ec382b3bf6b03d449ac9b3b,automotivo,314.99
29a27ff4b74b635465ad0131db56d8c9,informatica_acessorios,314.91
fb5bf004540ad1453e3903bdd2162293,malas_acessorios,314.9
7f61bd19ec09e7fe8a9fa226b516e6cd,telefonia_fixa,314.9
5d91ebba17efcefccb56680d45aae16b,automotivo,314.9
62b07aff118f62756ee579afeedc3eb0,relogios_presentes,314.45
0e20a07ca1714df21f9b07ca3bf7c682,eletroportateis,314.45
e0a36dd15c245dbe1a52080fd6d048b2,esporte_lazer,314.0
ac43429cfe2a3933709b85dc2acacca8,relogios_presentes,314.0
bfebe3af6798e21f14c80263db86b7a0,perfumaria,313.9
34399bd4587bcbde51fe12d9a872b49a,utilidades_domesticas,313.9
22a8168cf1f1c6347da8d29863b7f75e,consoles_games,313.67
39a4610d926a93fee7cfa54319ac3515,ferramentas_jardim,313.33
636598095d69a5718e67d2c9a3c7dde6,ferramentas_jardim,313.25
196c1cb4773764eca858159261a90f35,perfumaria,313.23
65dcea9092da1362310088f4a84db93e,informatica_acessorios,312.9
5f76bb88bf4410580362879247ef7248,utilidades_domesticas,312.89
04c48a5fe31aedc4ef3896c005fd483c,perfumaria,312.4
9a290f7a53618827319b1a927f1a62b4,ferramentas_jardim,312.0
30a70759c34dd4a29c5596778a0eb116,perfumaria,311.99
073b807aaf20e2382efc8ddc07bf7a5b,esporte_lazer,311.95
d032d8b0107424eff267d0d1de3b6a80,relogios_presentes,311.94
bfddb6c856f2b1dc2c2aee34842c31b6,casa_construcao,311.25
c3e4f757b86c42e1a598380332bc9e88,cool_stuff,311.0
4b88b15eb9d5ad74ffa095bcd4ddb64f,market_place,311.0
e5bf6ab312403d6e8f45bbdb48fa2fd5,esporte_lazer,310.99
089a01980b4c58c4183de3b75bd42363,cool_stuff,310.99
c86f95986c7050bf988aed62520093e7,beleza_saude,310.9
b581509b156a8fbc97230b31e9ff5892,cama_mesa_banho,310.9
3c3c58dae0e49e5d2cc6c35680dd347a,automotivo,310.53
e76a885142c73e17342e450b79b46d40,utilidades_domesticas,310.24
19732aba12eb262beb9140786ec093ce,utilidades_domesticas,310.01
fca5350a69eb4d8ae4f5884413ebd0e5,perfumaria,310.0
faaa13c4eb6bb073693378999e40b9a0,moveis_decoracao,310.0
a934477935383c309a1c492e6c0e025c,instrumentos_musicais,310.0
962f5772bee158b6fa65e4112823c598,beleza_saude,310.0
915ff35b0555b98fe64bc60674da4c43,construcao_ferramentas_construcao,310.0
7152e6cb147a800b37e853d1f16c7ea7,automotivo,310.0
5856763b975347ea6ea65dc890897b0a,automotivo,310.0
d60c7a798d6fb6242ca9ace328f624e0,brinquedos,309.99
3c3b94d8e966e0a258d6baaa41549199,utilidades_domesticas,309.99
15d8ac236009f0d5e74a5033a53ba460,pet_shop,309.99
c7280bb32453a1088b2fe0817b42cdfb,malas_acessorios,309.95
ed8ba7857b8c1dd66da5bf95ecd166a4,utilidades_domesticas,309.9
d68b3ee8696e55f3c81a7d319bd1b44d,brinquedos,309.9
bb46f6475fe5c9e1d9a869d904b8b4e1,beleza_saude,309.9
97df437aeb3472b9d42b4c2e9a9d88f6,brinquedos,309.9
8a87e6509bce452609f32af429250f6c,informatica_acessorios,309.9
53e5ab849cd05746afa487fb57fa8271,relogios_presentes,309.9
448f0791c4d2fc5d250a401edfc208d4,perfumaria,309.9
3b363eb5f320bf6f9a812a5dccb8682b,beleza_saude,309.9
1817be76e48588632c33c4f112a79426,relogios_presentes,309.9
07b6a3b7bd0e9c54119f7c679edccca4,relogios_presentes,309.9
2d1d20d3c91d3940c6079a3bad529402,perfumaria,309.56
d5f1e6bf4f37a9e1eb16ee83df2137fa,cool_stuff,309.0
cf92691b3ee30045224020f9ae5ae42c,perfumaria,309.0
8397dc503d1a0c2ac7422701884de5a6,ferramentas_jardim,309.0
5ddd4525c6d0fbca9dc118056fd90d61,construcao_ferramentas_ferramentas,309.0
5bec1db1c3f053e422f33b7d8f23adfe,informatica_acessorios,309.0
096b3aa9d2c93af82434f196a713ad74,automotivo,309.0
c49f7bd8ac21b2169dd273bfef92b82a,perfumaria,308.99
c20fbbd4ccf2f7da70e150689a6a905f,perfumaria,308.95
cd6e125f1385d66bd4d682a54f64750d,instrumentos_musicais,308.8
b2855c4e42b8a50f359904c6763eeddc,moveis_escritorio,308.65
76da62260c1793eadb05355edc9fd6ee,esporte_lazer,308.0
73edfe6b1784633221fbab2aa60e8456,relogios_presentes,307.95
c20d93bddf6dbfdaffdfda9e9a2e0d7b,pet_shop,307.5
38cc17614e78b88b0cb0d44063572e22,beleza_saude,307.33
a03e401d58a45187271718c5d7610422,utilidades_domesticas,307.27
dc404a1496a08f9f5540c8b5d4b92925,brinquedos,306.7
e494f26669f3b5feca72555de4733bed,cool_stuff,306.63
7724d1e2711ecb5f0b7678257e1a1cc6,cama_mesa_banho,306.61
48ef156012e010507e2e96a9ef9e79f0,cama_mesa_banho,306.59
5a11bc271d03e7a31cdd33d1d8580456,esporte_lazer,306.58
fd1976772549ed5b4aed965293122ac8,perfumaria,306.57
b2d52af3c5981a8d5d064fdb77cc6bc1,perfumaria,306.16
1fa4a6c717a31a25a59f6c5ebdf975cc,bebes,305.99
bf5f81431577de43f0cb0864d45f835f,automotivo,305.9
b7d2c90f9161dc69fa75d22572003bc4,informatica_acessorios,305.67
fdb7db3bff9c924c80ae39b6cd2e82a7,cama_mesa_banho,305.0
4764e50d72a62e4dc00e4c7692a58624,pet_shop,305.0
34a7ef14a5e7901f4a1d52e7b543c9fe,automotivo,305.0
015ec57b45a4c3efc70288eb133d623a,beleza_saude,305.0
47c52f20a2d543f5b49c0b22f0826dfd,telefonia,304.99
04f8b8f9921310178d65bcba23fbe639,,304.91
cd072553fd098e618264cdfff5980360,perfumaria,303.99
6f726a6d8634ffddcb69ceba5314edf3,beleza_saude,303.6
d5e382d902479580700a4694f5673dde,eletrodomesticos,303.45
17c4bd4269902c84acc14c497f282ddb,telefonia,303.17
15859e3a8aaa3c192c10a91d8722abd5,beleza_saude,302.77
95a32290cbf617eef9053042fb61dea3,brinquedos,302.33
0bbdc963004d9b2fd3427ee3c5ae3608,esporte_lazer,302.33
1065e0ebef073787a7bf691924c60eeb,construcao_ferramentas_construcao,301.67
96ee9343533c399d245845830908f073,papelaria,301.0
50063fba038aabf31446889396187973,instrumentos_musicais,301.0
171bb407ca7cfdf4b960389e4404ce8c,beleza_saude,300.9
e2b2f194ebeff245c0d996fe093ca15e,fashion_bolsas_e_acessorios,300.0
db03c4bc6a5693b6af0bfd893769a584,moveis_decoracao,300.0
d059a71823fafe40e36dc1b9d7fa7819,casa_construcao,300.0
c71bf92cf123eb294304073fc1751bf3,esporte_lazer,300.0
c155f6ba0dae0f11299f1e33fafdea65,esporte_lazer,300.0
a1692a17fad005e22bf5a54353439420,esporte_lazer,300.0
9c84b4ffd1a85bf2feb6cba0e2b76f54,automotivo,300.0
98ba4d6506268560a9b0a03b6ae02636,malas_acessorios,300.0
50fb810523dcd3bd271eb7b6d2468988,brinquedos,300.0
fc2a6f1929e34e5d997d26683b6c0bd9,pet_shop,299.99
eea25b95f84281753d8013ad279889d5,audio,299.99
d8b8e82856a488b2cf5bcf21407efa8d,fashion_bolsas_e_acessorios,299.99
cf78006a2a6b0429b9663edd99bb38f9,moveis_decoracao,299.99
c511bbd742df73d5b2ba4594d4901f2b,ferramentas_jardim,299.99
bea978771d1c453faf756fa71f3bdd70,brinquedos,299.99
b1331b26eebb4fb40f0423a73018e1fc,cool_stuff,299.99
9d014ce7c9f42f5d675f893d6abf1339,bebes,299.99
9cf421049bcfaf6983bf0dfb40831a03,artes,299.99
9abc4291d7bc21602d442fbfcef85b15,cool_stuff,299.99
8fdbacf2ec7e78916268d1d11d544038,esporte_lazer,299.99
8e80624d5c2d41d70df307dd52fef6c4,brinquedos,299.99
86b905f8e48ccc43feec909bd9b934fb,moveis_decoracao,299.99
7e6ca847e12c659931b47b31e99361c6,brinquedos,299.99
7814c4d0c13dd09411bf75a6c3184e7f,automotivo,299.99
77c0fc0c22b0e79a703aa61068b7bc7a,instrumentos_musicais,299.99
773a9c97b7435492ec93014cd43ecf77,brinquedos,299.99
6210c771a72a233f0e2b0430911ba858,informatica_acessorios,299.99
5e70a4508abd5d19bfe7f110785294c8,informatica_acessorios,299.99
5691a536d459e5cb326b7bedce928067,climatizacao,299.99
5274be797b84797764c9199c5312240c,brinquedos,299.99
45e014218aa377a0cca60336a4d93d3a,bebes,299.99
413226ab18680c5c2e79a753f2fccd24,informatica_acessorios,299.99
3ee348fbc4378a65116322ca7fe06729,brinquedos,299.99
333f07710e0ba89e037d164c13726e6a,brinquedos,299.99
2a0d1fb3e64019c7cf0e75d1cf336277,moveis_sala,299.99
2722b86640ddc24e1374c2df1ac2a230,construcao_ferramentas_construcao,299.99
1fccfee027ea87e93eaa5b05120e9c63,,299.99
1f975d7b550d3ba8161a3c77a3d800a4,informatica_acessorios,299.99
1ab21d1c80e214bc2cedfcb7a5ade550,moveis_escritorio,299.99
083d6108def7421be9778dd0ecd11fa6,instrumentos_musicais,299.99
02f3b0fb0ec2472bd4b9058a860ce6e3,bebes,299.99
e2e9a22be498ad23b97170cbc20c477c,automotivo,299.98
dfa872802d781798321a10f1ddadea82,construcao_ferramentas_seguranca,299.98
03d19e503abb1698d26d630c0017b11e,automotivo,299.98
02d7f60ee640c8218aab6a668bbd2c56,construcao_ferramentas_seguranca,299.98
953107f6a9859bfebd242f5f03fe1585,pet_shop,299.95
ae4361f806c49f85066cc8be1370c91e,automotivo,299.93
f1f0860095cfa6521eb73bd997599888,moveis_escritorio,299.9
e59b26893f9b5f06776e1df1b334faa3,relogios_presentes,299.9
e40cc7dc28dcdb3c15e8d03141f7b336,cama_mesa_banho,299.9
df306b9d83f3a792369ff3360475936a,esporte_lazer,299.9
de36d205f68196c28c2575937b9e737e,construcao_ferramentas_construcao,299.9
d3a82491c369d2be35eccefe6ae8306e,relogios_presentes,299.9
d1b571cd58267d8cac8b2afd6e288bbc,ferramentas_jardim,299.9
c1b973e587fd6f4e5aa1fa2c01fc6e59,telefonia,299.9
c06ec7b8d433a443d9350e3da23a4076,utilidades_domesticas,299.9
b044bbed524dc39f8465f2d1b5b620f8,esporte_lazer,299.9
af532b7b70d7b3c1a2f042eb10fed9be,relogios_presentes,299.9
ac81bacb0ef8c88048ad83765dfeefc1,climatizacao,299.9
a634f634b444139884120ac4915d134d,informatica_acessorios,299.9
a0b14f5ef88242a8cec43b93f9d0fd6f,instrumentos_musicais,299.9
9ebb48bdfe9f9c51c6c9f8a32a18d67f,esporte_lazer,299.9
9c6db8c47fae241469bec6c43c674bce,malas_acessorios,299.9
9755f955f1fcd2a83ca77997e9de8b83,fashion_bolsas_e_acessorios,299.9
96fda9a1e131e4c4f2faecacbf9aaf50,ferramentas_jardim,299.9
9503faef00966962beacdb4916272305,construcao_ferramentas_construcao,299.9
9389eab000375a2774d1b51cdeef90e1,utilidades_domesticas,299.9
7f35208cf2cbd412f79d6bc95efcbcb1,instrumentos_musicais,299.9
7d02633fd7494877cf1dde4210bdab8f,esporte_lazer,299.9
7a3d2e33323f0341eaecc6154c003ac0,consoles_games,299.9
78a8b452478479d26f32e36504176cf1,moveis_decoracao,299.9
789903e228ae1908c260edd9847c99b0,relogios_presentes,299.9
7180e36c30b2c9aaef70caabf4e8edea,malas_acessorios,299.9
6cad28878d72af7730d0956a292fa125,moveis_escritorio,299.9
68841da6fdd03f059359823165da9444,relogios_presentes,299.9
67d3f6027e457def88e26057b5a92836,moveis_decoracao,299.9
66b538ce389d817a5123146347c3fdc8,brinquedos,299.9
641444946fe3a839d726c32804cd1aff,cama_mesa_banho,299.9
62fbbb0a6ac63ddc705968f95f5fb788,climatizacao,299.9
608af629c5b520efe1caf06e1cfc4abc,malas_acessorios,299.9
589c0d57d007f11fee1db92a2ae3f376,brinquedos,299.9
54fe74dbe5e746273980739ad1d24c7d,bebes,299.9
4e299043dd819cc6f103f77b4bcf11eb,cama_mesa_banho,299.9
4a7e6e413022cde06218faa2853e2adc,relogios_presentes,299.9
42d2add84cc80443a8128adc87b6a958,perfumaria,299.9
40502372bedb2460eeac40ba20739e9e,relogios_presentes,299.9
3bcb870fe5c8598df95b30780d2adaed,malas_acessorios,299.9
2f58dd6eba44d0096d2d56fcd75700aa,moveis_escritorio,299.9
2ef9d434efcd0544c16be36a03c7652a,perfumaria,299.9
2d6676e04aac85ce66dcf8d0529f4012,perfumaria,299.9
2aa489c905e1d41d8c716a6d6912d8c2,perfumaria,299.9
298c21a512703083ec4bc4976ea99de8,consoles_games,299.9
26a4f62a409a78816adb31e0d729a163,,299.9
22052cf3cf96687b8469406f71bafb62,instrumentos_musicais,299.9
1a8aea590bd168ec134d9f19ae6d78ee,moveis_escritorio,299.9
18f968379c4898b794fcf83f317ba60e,malas_acessorios,299.9
164e1fc9dbbb8ec54611e3eaa25ef263,instrumentos_musicais,299.9
10c4eaf55e7f131da4a031ab54b62274,cama_mesa_banho,299.9
082c3f21a0fc7a07cd303552d8b6ddae,utilidades_domesticas,299.9
05b0567fb831a93123b9d6866b022490,malas_acessorios,299.9
9421a5b600386e401d30fc8de52f96a7,brinquedos,299.89
468a848eeaf1472183a23c05e53ac177,climatizacao,299.87
c75d5edf6cf5302523d622c43a072be0,informatica_acessorios,299.84
8370300e444c4394d3c3f878606a9601,relogios_presentes,299.66
26053aaf5e00b608f4c23cb924a284c9,pet_shop,299.45
253aede415ef331d1262ffc3a411224d,instrumentos_musicais,299.36
012dd0e1c1f14325ee35f06748329355,beleza_saude,299.08
fd6d9e3d204e6e693f4edd48ac33487e,moveis_decoracao,299.0
fd471a043ee8b8dd27f4086495e0724c,moveis_decoracao,299.0
fbf7215badcb7ebd5b322b71a0733fb8,utilidades_domesticas,299.0
fa8fb673c7f31e3c35f62de366af764b,informatica_acessorios,299.0
f7b15dd7e2562eca90061ad295f60b6c,moveis_decoracao,299.0
f7285f0b3043d966ede4c21886b49a38,cool_stuff,299.0
f61f6e53f9c6d150e5e48919a25272d1,moveis_decoracao,299.0
f5116e3193e18d1633b17ae5d58e35e7,beleza_saude,299.0
f124ac8aa094e07c961869a91b771c27,ferramentas_jardim,299.0
f0059d6f29674e2ee22b3d3b4dc560f9,moveis_decoracao,299.0
edfc544c4047e30a3bc73212e414330d,moveis_decoracao,299.0
ea7f23122fd317be5901ac4a467d3c6b,fashion_bolsas_e_acessorios,299.0
e4f61b606514ddd78124fd38f3433155,telefonia_fixa,299.0
e2233eb95758086f30d2d918b76dbeca,moveis_decoracao,299.0
e0de786bb293ef80a03a56de6d0929f9,moveis_decoracao,299.0
df985d02c8caa424d0e47cfa6d94f838,automotivo,299.0
def080e33b38a4c756347d4665b40a7f,musica,299.0
ddfaa1c2e19f82a47043c5f5ee1376d1,utilidades_domesticas,299.0
dc879e9d6b20db101d5822d992f48415,cool_stuff,299.0
daf84169c9437371e99b38e7f8f80f2c,moveis_decoracao,299.0
d97e1fd728f059a776579e16c9e69e85,beleza_saude,299.0
d44044e34c071272f708ec2e6fa3ddfe,automotivo,299.0
cff0f92f00bc55eda3414e941101ccb9,construcao_ferramentas_construcao,299.0
cc2de3090e4e70b255499285f2d72735,papelaria,299.0
c9f630d41df4c9b079559dc5c391b653,esporte_lazer,299.0
c9e6b23635a83b700579ba235b53eaf3,moveis_decoracao,299.0
c7796bc610cc40ed7935b75fced0aa0e,casa_conforto,299.0
c6ab810300ecce0784a66d36fcb5560f,moveis_escritorio,299.0
c4acfef3648dc249668e3e8380902cf8,automotivo,299.0
c48c077b8b116d8da988077363070d9b,cool_stuff,299.0
c1c4271977e10331523b010496ab2f9b,brinquedos,299.0
be79ae7ea3c476c7edad883622b9664d,eletroportateis,299.0
bbf67b5098765762a18f2bb06b8b1b43,moveis_decoracao,299.0
b5fd066805e6dbd581736d37d6313bb3,moveis_decoracao,299.0
b4a595a550a377a81bf10d27821fab6d,utilidades_domesticas,299.0
b3b9bbe2bce84b01d3333df71d742590,ferramentas_jardim,299.0
b22658be72921a967a7d592dfc61e54e,perfumaria,299.0
b21d15a36944649914d5bbffafc09d9e,brinquedos,299.0
b00cdd91a0fed77d5dd5437da9763ed5,papelaria,299.0
acdb489a7451fff0633e91357a8e60eb,moveis_decoracao,299.0
ab89689c2d13440b8152183ddee2ed81,esporte_lazer,299.0
a90de1bc3dd63ed137d8e045774dc2ec,moveis_decoracao,299.0
a71d0bc0c279b81bda788ecaca585ca5,cama_mesa_banho,299.0
a70f58bd49225ad1d9f199d3766385a8,informatica_acessorios,299.0
a68149d568e07ca72477faf0b10906e1,bebes,299.0
a22e92e1c32bdf3db91e0170a8b18408,esporte_lazer,299.0
a0686391b9b79dbfb9577555719ec45e,utilidades_domesticas,299.0
9ee22e986a24607377ce379ebda2c666,eletronicos,299.0
9b56346f1622f67c67fce4e6783b5be2,moveis_decoracao,299.0
99647594018d3d18ef5c6cc75080a150,moveis_decoracao,299.0
8a494aeffa13ead64254d18d66189a22,relogios_presentes,299.0
89197eee3abe531055b90c8ab1df05cc,moveis_decoracao,299.0
82f5ee2c97b22f801282f0242819d957,esporte_lazer,299.0
813a9ef2db7efff209973a335d043c0f,moveis_decoracao,299.0
7ed65dda1415f5c4a2849860030daa78,relogios_presentes,299.0
7dcc6211778e584131cd6067555e8a5c,relogios_presentes,299.0
7a27d105703555063bfa42ea2bfb32c8,moveis_decoracao,299.0
78108fe8e4d5ccfe8ed10f92f7d73c2a,moveis_decoracao,299.0
71ca28a845714b71b378d81e93f0b183,moveis_decoracao,299.0
6d0a373c460a041c86167a92a5d3383e,moveis_decoracao,299.0
6c6232ca1543c84f2dcf3f4cd2ca32d3,moveis_decoracao,299.0
6bf5b542b699bd09889aeb3917464f49,moveis_decoracao,299.0
61919b39651acb61ec24307ed8b9502d,telefonia,299.0
5e9a6c707458f23644bb74a8b9c53222,brinquedos,299.0
541de21b45fa18d292382c79394e055c,ferramentas_jardim,299.0
53ae5df71df97b2b9abee97ce1e1b8f1,cool_stuff,299.0
52aa45eea90c47ecbf94c23068793d67,moveis_decoracao,299.0
506b4917ff408ec49f23598bfd3a586c,esporte_lazer,299.0
50627d7c3dd43902d64134574befe12f,informatica_acessorios,299.0
50412efecf5c67eead5f761db931771c,moveis_decoracao,299.0
4dc2ff2b31e5b034eac68824c9394902,moveis_decoracao,299.0
4428c8810d85a949afe441cc0d33f756,moveis_decoracao,299.0
3a70aac3c4707d6a2a786cd7ef88bf75,moveis_decoracao,299.0
39184c850194aa002371b2d16c373f3e,cama_mesa_banho,299.0
3311083d8969d344413da8ed6f8e0195,moveis_cozinha_area_de_servico_jantar_e_jardim,299.0
31a7ed5ff9d9645208e0f84d92f82581,moveis_decoracao,299.0
304104a478e3a605db6072a22e4ee228,eletroportateis,299.0
2bf5f3d61f1d45798de07f4edf31dbb5,cool_stuff,299.0
28ef7ba5765422d40274d5ebeac97c9b,cama_mesa_banho,299.0
2684982519a1eb5b0501094ae96f6cd7,cool_stuff,299.0
267a48e9a306231f94d36b274782ca5d,automotivo,299.0
21d8df2fdfe62af4f016be4e49e78f2b,moveis_decoracao,299.0
210763646bb56ada2fd99ff322278973,moveis_decoracao,299.0
203270865d37baf60cc079edfa4fb6c6,relogios_presentes,299.0
1aa464d8b37fad27aa67da15cb76d312,moveis_decoracao,299.0
1a176fab8a52145e8b7566fdc0ace3ed,moveis_decoracao,299.0
18f30e92d58932a17e40b403951b2861,moveis_decoracao,299.0
18409550226f40a1a8990fcd7e517c53,beleza_saude,299.0
15f17270133dfedc0e1064782a60e374,cool_stuff,299.0
13ebf5c91d35332ef90cf65a7d2fff18,fashion_bolsas_e_acessorios,299.0
11a0fdc4251f15bb96dbfff7ef5475eb,moveis_decoracao,299.0
1020d163f03db957860905e9bfdfd414,cool_stuff,299.0
0b1b6ca8b113c570aa56916becb81192,moveis_decoracao,299.0
046eee903d62294ffad4e38ae6aa730e,cama_mesa_banho,299.0
0454c95c31d75e5f86c354896a3d9814,moveis_cozinha_area_de_servico_jantar_e_jardim,299.0
fa7fc74ae3858461908b3503b355fd5e,,298.9
a327459c8e093ebc3666c0c6ff842589,relogios_presentes,298.9
59d8532a95091840b5c93184e2f4fdca,cool_stuff,298.9
47ccf73e45bf059c94e9d025329206ac,esporte_lazer,298.9
0e0872c9ae03640015df6e5b9e746a77,relogios_presentes,298.9
4bcc3b7b59ca9c77769108c845f4e4d9,eletroportateis,298.88
49898603599da69a7ec746e336c2b4d1,bebes,298.8
ac850a749748b386d598124ae34ba1b0,utilidades_domesticas,298.6
752cc72634eb0d850747733e9bd4b0b6,informatica_acessorios,298.13
f336f2eef2b1cae6d1d6c1f9fdfcf141,automotivo,298.0
d381a801331f62e294893c46ce121fc8,perfumaria,298.0
c099dea24256de1aa15369a19d7c9712,beleza_saude,298.0
a2e2851eae0aebb8ee4df32348b42e2b,informatica_acessorios,298.0
4fcac8e09620cd87a5e5283e6748da67,moveis_decoracao,298.0
3663ccbce96bbbea6b1b38558b5356a0,instrumentos_musicais,298.0
29ea1bc54f78267f6e85b9c99c93e12a,construcao_ferramentas_construcao,298.0
23836079685669ea7e1edeb5ea8bfaf7,instrumentos_musicais,298.0
1d9c9e0532fb481c0f89c3b20cec62e6,cool_stuff,298.0
055b53c58f373d53438cefb346ffcbbf,ferramentas_jardim,298.0
101a896b1137f70a7bbb2b9fac61458d,relogios_presentes,297.77
47125061c86148a6f08a9e8708cef1ff,malas_acessorios,297.35
fa6eebf61147fc40bc2b49765f5b877f,eletroportateis,297.0
a194f3df8d9270f350891b7454174724,informatica_acessorios,297.0
236fdb1c273caaa9a7dbff8111e6a4e1,moveis_decoracao,297.0
1302fd16bdfe85e523940c846370ef2c,construcao_ferramentas_iluminacao,297.0
11ad873e7f5b2a8fe696997ba983e2d1,cool_stuff,297.0
c3c63b6c88b27cb29ec5d26fb0ab7182,brinquedos,296.9
6845447c5d4495dcddca6e6b494df3e7,cama_mesa_banho,296.9
5b4c8ab4477bb00b57cd5edb1af9aff8,cama_mesa_banho,296.9
15994dc9c5505e5feb9780945ed1cc8a,pet_shop,296.57
91c30c59ba5ecdf9df48ab0ea50a6b4e,esporte_lazer,296.5
d070415dddac66bcbc0a2e4f253c0f81,automotivo,296.1
ea52b0eb372ab5874186bd7da72c2db4,casa_construcao,296.0
cb9d0035d58326e67764402c4379385d,brinquedos,295.9
9df7a56fa4352899fa6976c54a35ae3a,relogios_presentes,295.9
7b18385da9c1aa96dcc9bf8da7ea4608,informatica_acessorios,295.89
6f3871fea8efb6b35523237acd177012,moveis_sala,295.8
98e0de96ebb0711db1fc3d1bad1a902f,eletronicos,295.61
ac2c77058e1e5ec1eda726fe7358ef2f,automotivo,295.5
775917a2882dceb1d02aaa6b1abc1b24,moveis_decoracao,295.4
26c574b434aeee44ae054dcb540f2ebe,instrumentos_musicais,295.23
6609812b9088e8333b95e443fef708bd,construcao_ferramentas_construcao,295.22
fad983a47c56c7050eb43010269ee36f,artigos_de_natal,295.0
e8eb2bde4e37bfe54219bcae2d1baaf5,esporte_lazer,295.0
ccb28ec14bd00f54ea07dcfdeb39e78e,esporte_lazer,295.0
6589e2c0f75017847172a49dc61c99ee,esporte_lazer,295.0
60f1546ceca9c1dfd87b26c9c6482846,utilidades_domesticas,295.0
5a90c762ed3f5a71bbe44860342fd112,cama_mesa_banho,295.0
58249dbd9270974a6a9d8f0222410165,moveis_decoracao,295.0
35bb9bb34081e700884cfbc67daceb12,moveis_decoracao,295.0
202d7062d09aa564dfd5aaa1aac775b6,moveis_decoracao,295.0
c8e3b23381d275296ec611061b616789,beleza_saude,294.99
faee2618c7ace750fb300ac45fddaa74,relogios_presentes,294.9
edd268662f0b2a4f131cf4690ca6cbc8,papelaria,294.9
48711538a9ed71dcb2cdf01a38974abd,telefonia,294.9
483bc1cbabb3fd0c16d82d2f162852c4,fashion_calcados,294.9
4632bc49b300378ed4f1d48f424d414e,automotivo,294.9
195d8e91830247a20eee5eb4c4236294,cool_stuff,294.78
5457c026a643626249213e1e39c31d10,perfumaria,294.47
e02468b92277cf781a87051ff6d80e1c,informatica_acessorios,294.0
d19e5d8dfe80f249d215c3e5f9a4b6d2,cama_mesa_banho,294.0
c975b90be565c8327e1b854ef05201fa,cama_mesa_banho,294.0
48640118918b5bd6454e3fee20ad637b,esporte_lazer,294.0
2af3bc8c9414aa21fdcb986aba6fe286,cama_mesa_banho,294.0
b5d214651360e2d58e13b48ae69c6199,bebes,293.99
1eb85357e22bf0c8c2a6f10eafad8423,consoles_games,293.9
a4c27cf9767fe2b589251c764b891eda,perfumaria,293.72
29b18b99ca3c94cea05efa9e11465440,utilidades_domesticas,293.57
d4a3ae5a2378f3e732a6d3ba73cc22e4,informatica_acessorios,293.5
1fd10191b0bcd5aa4020c0721372510c,bebes,293.33
ee339563912cfcc8a006239baba4d8f3,construcao_ferramentas_construcao,293.0
ecae35cbcedf38b30bb6299e5a201982,esporte_lazer,293.0
e36f2ca8d28257f884c9a4cf523e6d70,cama_mesa_banho,293.0
69ac97e466e0d1329784803bb0d3319e,automotivo,293.0
53ecbdfce48c35f53f87609dee98b4b7,cool_stuff,292.99
78b7b1ff2d3f06a589354ddf2f4f9db3,perfumaria,292.9
04cb9679db724268544436f40166c3ed,moveis_escritorio,292.9
c7296f9449f86afc5688984ed1c170a2,fashion_roupa_masculina,292.5
a082b482fc9b16657b1702f1b4e8415c,informatica_acessorios,292.5
a97cd00f5c1dbfbc7f0f4b6c1032253e,utilidades_domesticas,292.0
45df8892a1d74d2e8f960dc06625fdab,telefonia,292.0
35a3e0dd6e0b5b84dfd2997546da5df8,esporte_lazer,292.0
2b80e83f77008f81ae402882631eba97,papelaria,292.0
0485eb91cf4786a456d0b61ef9d9183e,fashion_bolsas_e_acessorios,291.9
56cfc201c76464fa6c5b3f4a1257fa0b,beleza_saude,291.5
4aa6014eceb682077f9dc4bffebc05b0,utilidades_domesticas,291.19
16aa6553ee2cf0a316e29f8808ab165c,perfumaria,290.99
c2849941c090e1ee1732b25aaf01b397,relogios_presentes,290.95
5956cad5849f642bfdf5d50303952beb,esporte_lazer,290.8
f68980d7981fcc92059f42a4fd82fb38,esporte_lazer,290.0
f29675e9d91d8e0451ced31708497904,bebes,290.0
dcfe76be1e1036cb99e5d8bdc2a1b1c9,esporte_lazer,290.0
da37b504ecf6099b4f8af452ebdab0cc,bebes,290.0
cd23f8469a90c62d99eb9bf8ad74fed1,moveis_decoracao,290.0
9ad035c24a9a92391b9e4be7d07879fd,beleza_saude,290.0
92473ca06aa61791e4dc02c9af82bf83,moveis_decoracao,290.0
60377afd6f6da838f980b2522636cc22,bebes,290.0
4d7585daba2f8b3ed7f87447908b4237,telefonia_fixa,290.0
1a500c1549fa82451817be3577b4c49a,automotivo,290.0
0c94b3b3e297c165f359c7cd62acc3da,beleza_saude,290.0
95ebf42730dea8baa19b9c8794da556b,construcao_ferramentas_jardim,289.99
9234cd3c6bd121932ef77a39d6d87893,cool_stuff,289.99
830814a623453adb6e343fb0260e3810,utilidades_domesticas,289.99
7f967740bec1ec031ac460084afcb4b1,papelaria,289.99
78d0688c7b88b87da70a7c498c82a1df,automotivo,289.99
4c84f53b7bc2ec06da784fda591018b4,eletroportateis,289.99
4353af36fe588dc73497fa158ed6cefb,malas_acessorios,289.99
3cf8d433fe3db3e76fcbf8197ad40b5b,cool_stuff,289.99
620f37abb44d006ced91c81d81db0412,construcao_ferramentas_seguranca,289.98
45f7c48e7ead07eb1afd9aebfe6de326,utilidades_domesticas,289.97
ff922797a6771cab4e0c51d482285ec3,market_place,289.9
fb9e76805845146bdd3dbee717b27979,esporte_lazer,289.9
ef0045bdfc1b559c7695588c4bc324a3,malas_acessorios,289.9
e89672a9d3b43c622e5301b36eb87cda,cama_mesa_banho,289.9
e4b933cd90f8a7e6443558790a2c9339,relogios_presentes,289.9
e2a73ef4fc3f78da8824aaec109a2676,moveis_escritorio,289.9
d6d5ec5325b35cac036b7d2ad2d8bc3b,perfumaria,289.9
d1c965e9559fed1df80e7488ce88d53f,perfumaria,289.9
cec29a60285cd686caa31318b3ad3671,beleza_saude,289.9
cce5fb9f7c1ec276edfcf70741b519bb,cool_stuff,289.9
c0f855945728161d7f6ea3db9950989b,esporte_lazer,289.9
b7adcb01af7ce9db1f8192b9de8a923f,cama_mesa_banho,289.9
a7566c5565bf286a5c8fb48387d97bb8,perfumaria,289.9
94c6d48c2462a85429fcc3b6bde00c4a,cool_stuff,289.9
92463a38f6b3c2c95cedff69fc16fe99,brinquedos,289.9
90f39a309a8c05fa7aa4ef02178059cb,papelaria,289.9
6eac5126193b222ff1b41cf0fbac878f,climatizacao,289.9
5c8892192c5c01005958f878c8251970,eletronicos,289.9
593874c5852ced0402ab6e2206204719,eletronicos,289.9
5348d069341a567161f19fa9e1d6fec0,moveis_escritorio,289.9
210286fe46a9f587b63ead8d065ad3cd,perfumaria,289.9
1c185f17bc0cdfba85b49cc9724b1ce4,cama_mesa_banho,289.9
1a41f6016e828ff1d37f2ecc2f2a0dfd,fashion_bolsas_e_acessorios,289.9
05bb531648459f3fb15bda0cdbf21322,perfumaria,289.9
04fa587378a8e74c3b0acc00efecc93e,automotivo,289.9
00efb9a8ce0cf3b2f37892ab003edc10,esporte_lazer,289.9
23ea3287091e8d1237bb93f92177a39b,informatica_acessorios,289.75
6bb18295cc019bf3b6dc7c773411d530,artes_e_artesanato,289.49
ad0bb547c950431dae08e48803ff6dad,bebes,289.0
ab4d60f2cff5544a9e5a3d9c7a88373b,malas_acessorios,289.0
aa7fd7ef22424867db4621a2ab54e59c,moveis_decoracao,289.0
a925b7e3c4b81decf87f5e1f381da50b,utilidades_domesticas,289.0
9fbfc0d1a475bb65f9c0e39bb927a99a,utilidades_domesticas,289.0
9ce4c5138d5ce3953e04730a3791b41c,relogios_presentes,289.0
9b6b39ca91a2f27743f6e4ff7b1a65ad,ferramentas_jardim,289.0
94e7b2eb60fecce634f6dac06285c3a4,informatica_acessorios,289.0
9283d9a045e8cc8a2a7956c5d243362a,esporte_lazer,289.0
8ffdc77604396b5f0483e372aafe83f0,esporte_lazer,289.0
7b3baec97c107a6869809313ee7262ac,construcao_ferramentas_construcao,289.0
79312078abfa6604747217cd3cf9e6f9,relogios_presentes,289.0
72a7abb58f57aa1680a07562ade95368,automotivo,289.0
6bc53d46b55a38602aad862a37153ea6,casa_conforto,289.0
66ef20ad226145a624f8d7b7821d8d5a,perfumaria,289.0
60f98d8f55a602509885faf42c0095a2,perfumaria,289.0
5f24849289916bf82378a061a131fde9,ferramentas_jardim,289.0
5def2e9864a9227d41b6b9f5a6cc199e,moveis_decoracao,289.0
5c464bee255064e53a68796590864694,ferramentas_jardim,289.0
587d1beacdb18e5c1f36147edcec3053,informatica_acessorios,289.0
3a5bfc952a6ad85598f16e431eb7622b,construcao_ferramentas_construcao,289.0
3777da5a4d01cc856906b449ddb7ffd3,construcao_ferramentas_construcao,289.0
24648c567b1a06a750a8042a774ba5c9,relogios_presentes,289.0
22b01577238399e86ecd3a882617f88d,construcao_ferramentas_construcao,289.0
09b4afd6ff5a26a1e7538df4bd04a8d2,construcao_ferramentas_construcao,289.0
07a446d7cf0e22333d2032294c408cca,papelaria,289.0
149a3fb259da124e9a12b7e145b9d5db,cama_mesa_banho,288.9
26cdd235bfb9ce27858057fad1a52e3b,esporte_lazer,288.75
edd087ed331c3ce178ec3489b9ecf117,livros_tecnicos,288.7
3b7d1b901fe011eddf729f636ed0f861,utilidades_domesticas,288.02
ffcfaba393e8ef71937c6e8421bc2868,casa_construcao,288.0
7b813bcc93ea73f063db20ce6c3911c4,beleza_saude,288.0
6bca83dbf6e081bccb2b23188577ad36,relogios_presentes,288.0
614c372933e8129d83b410afdbbb5305,beleza_saude,288.0
0dc88ec6b2635cd62b46f0f1d4c714ee,casa_construcao,288.0
f4d450a6163f21cf9db8bcdf8c7e50f8,moveis_escritorio,287.8
40631fc40fbf11823322e3477ca53171,beleza_saude,287.7
013e6676e0e3529e5909ff54370daddf,informatica_acessorios,287.4
a4e285285691cfbcc14df9e2d85bd337,market_place,287.36
b8c2cf7e813b0eb7ec62f7459217b22c,,287.27
f17919cd5c50df5ea6b11d9665a0eb2f,esporte_lazer,287.0
d373a9b9079c251371e94cacf40c1fe7,moveis_quarto,287.0
d0865f170f84c0af4a08bf9298ee83e5,beleza_saude,287.0
b688ed97b957462c2510812cbfe7e6d8,informatica_acessorios,287.0
6d5b0463de821d49fa92da09e30a4846,beleza_saude,287.0
f87341d0a32c1998e212c1c9ec6d3362,ferramentas_jardim,286.9
0798196b28c04c8e543322896c882902,informatica_acessorios,286.78
7642ddbf174d9a97119510f56be6c201,brinquedos,286.66
f9cce3e19235fa7d11942f69caaa22c7,telefonia,286.57
90ebb732ad20456afe8516eb5fbf75f6,moveis_decoracao,286.57
2633fa4ea71ee7977ce3251ed0b2e2ba,moveis_escritorio,286.57
fcad6e5643f855de4b616a24e6dd25e4,cama_mesa_banho,286.4
777a181e167987349d104ece27e7e112,cama_mesa_banho,286.4
79882368bfedd5f03e3beed890bd2f95,beleza_saude,286.35
453b0d78c257bdb2b47099a6a1c22040,instrumentos_musicais,286.33
ed042312ea8ad0a470e9891ac4e7201e,relogios_presentes,286.2
54910b8287ecea5f93a008ebfa94a15c,cama_mesa_banho,286.0
01a0f7d0d081d619be810e512be45f97,cama_mesa_banho,286.0
8f2c653ee228a29eaef0db9f8b83ee79,brinquedos,285.97
29d5c2519a3dc99ad17aa6217b812335,construcao_ferramentas_construcao,285.9
8bb27b1d96be90b36b8d0c7f30931d52,utilidades_domesticas,285.71
c389f712c4b4510bc997cee93e8b1a28,malas_acessorios,285.67
f034637ce06bb3a527488a37a59e522d,relogios_presentes,285.6
3d36ef6c6d553500f4240920658689e3,brinquedos,285.54
e003b894dd7927f3e2de2dd927b174a4,perfumaria,285.15
97dd14dcd2c85f01c271127d6413f2d8,esporte_lazer,285.0
976a11a50bf0ca3c4411b44877ec5612,esporte_lazer,285.0
91ae5412c05e994ae67784b3bf7e50db,relogios_presentes,285.0
8fbbdc4c6ee2111df1505dd8ee715250,esporte_lazer,285.0
84bfcd816fd74a36bfaee19837bb4b38,automotivo,285.0
6d1c8953d76a10ae638ccf223406c7e8,papelaria,285.0
6cdb62ae497596fb3be18c148a48741d,brinquedos,285.0
63c21c167a87abcbed6efe83c8169866,construcao_ferramentas_seguranca,285.0
57a2e16f66595e9242fd508a9f336125,ferramentas_jardim,285.0
3a98258169bd8ad50f374ba4e8bf94e1,utilidades_domesticas,285.0
2d6540e715ca18c58c4aafd86c172aa1,instrumentos_musicais,285.0
1fd570765d10abc088a6e78a8a75a7d4,relogios_presentes,285.0
051b9ff13dd55c0a6655a15ff296f80d,esporte_lazer,285.0
ea4802c51ff32d5122f8a282f1ebc730,perfumaria,284.99
0c9439abe84dc40a64fc164365c4d064,bebidas,284.99
d60c281a9b31d5342030a89846998c5a,cama_mesa_banho,284.9
b94d8ea73a0921d4019e67239784e7f6,moveis_decoracao,284.9
5c31001a08d64b7c60a58f6e5a9604b5,moveis_escritorio,284.9
51914323cc52a90e910d8e833d468a6d,moveis_decoracao,284.9
516f4c728fa63b7394b4a4d99a010ff6,,284.9
1558f7b0a51472d4c2af9153a2255beb,cama_mesa_banho,284.9
03c1fa561b6e1d70f9fa22ab1f08c762,moveis_decoracao,284.9
89e30d3452ed2e7f8d86803da7954f05,relogios_presentes,284.8
4a266296cc64880551c3efad9739fb2e,instrumentos_musicais,284.33
24fffbd0188d2b7ceb351214c514b28c,perfumaria,284.19
8e34d37d0547fe71f31302e48464eb73,utilidades_domesticas,284.1
ed71a85647afea9562cd2a14b1ac8622,telefonia,284.0
63f4d40c05db6ade462cecef857eec34,beleza_saude,284.0
2e0d7a0a2e12fb5ff71b53c36e0ccb1a,casa_conforto,284.0
0e173417855ce91518a2e79d760f93a9,beleza_saude,284.0
0a56efd5f050d3f861a04c6f005d1128,casa_construcao,284.0
c7858457bc43561ccb96aaa2932cb085,,283.9
dc9471db933efad7bf0ce685380578bd,informatica_acessorios,283.76
420921e97463577fd5cc62c687d90bca,telefonia,283.2
35d6a7880150d5dacc9ad0c9a9cfb233,instrumentos_musicais,283.02
8e01228e1cb067cf324c968542f2f032,perfumaria,283.0
eb53f94fdc60278efcef123bb275658a,cama_mesa_banho,282.4
27c63413ca2806bcab40a31d0f862a59,climatizacao,282.3
8049d38dde63e0ca96af1e9511d4727d,cama_mesa_banho,282.08
3116933c5301f90d4446f1ac5912edae,construcao_ferramentas_construcao,282.0
2907243f68e5e3eca9cea8276cc3fe04,informatica_acessorios,282.0
2f774e1d1ee6937ae8294771c662066d,ferramentas_jardim,281.99
7dd64fcc372f5d6ea016d697d6db75f7,cool_stuff,281.89
ce64708328e978e92d475585d394d9dd,esporte_lazer,281.23
6af89b97a841482f79c52765bfe0d699,esporte_lazer,281.15
6a96ef77fb9fd6a8de17df8d3b5a3087,esporte_lazer,281.0
0de0af2336d127802abb8c8763f46afb,moveis_decoracao,280.94
72b95452ea4355dd9f749878759c92d0,moveis_decoracao,280.63
1649163ed6805e0d648900a0b2c0fe4d,instrumentos_musicais,280.5
df0e9a5bffb15ea4905c45685321bc68,esporte_lazer,280.0
9ccb2e3f0e2cbe7e3566c2db1c67db1a,beleza_saude,280.0
9590794c4ad7475e1fa368c491c0dbb6,moveis_escritorio,280.0
917b949f2215f3567f3e01deb87138f9,brinquedos,280.0
911e953e7bd4d3a93bcc0354e12d2b96,automotivo,280.0
8fd665e89eee18f08d9973b0602e1387,esporte_lazer,280.0
7ccf77a35a771800776f1cdcb41b6f97,relogios_presentes,280.0
555c681a23ca3d3adaaf1a74122b5bcf,informatica_acessorios,280.0
373735f3dfdb3b3efac836ca54c2480f,pet_shop,280.0
05805f52cdeb93d7684f871e599f0078,moveis_decoracao,280.0
00faa46f36261af8bbf3a4d37fa4841b,fashion_bolsas_e_acessorios,280.0
ff4f5b008c32f80c3f952b2b56a28e04,brinquedos,279.99
f3ae4b9a1e86b6295ee5b21dd0943692,brinquedos,279.99
e52fa0c1b61bfc1db27ed2beec83f801,moveis_escritorio,279.99
bf065a81717b583b62536e13b5e2576d,brinquedos,279.99
bb5270be574487250ba3c3b742caa6e0,malas_acessorios,279.99
a8255c87078b4bd9bc05fe7290ca5c25,automotivo,279.99
a74d56e3486a7ddc68958695a48277d1,automotivo,279.99
9fd2f153a01bbc71f5d9fe618da73738,brinquedos,279.99
9bcb9de1c0d270b98bd46b4ff7161808,moveis_escritorio,279.99
99e28f7c171b6945dc991d1178ffedfe,utilidades_domesticas,279.99
98ad6d0d02b4ee890e2a5e322ae6b028,pet_shop,279.99
967a628ee966c8a0a167ed5efaba52a0,moveis_decoracao,279.99
47d663d481777efdbd7f947f96d76bc7,brinquedos,279.99
3cc842aabeddd8ef0d633a10ef8a51aa,brinquedos,279.99
08a02dac474e64a14808f8078407eff2,cama_mesa_banho,279.99
05bee157001350b29b1e48395f6736a5,market_place,279.99
6490b9f63b0b595e1c1402b46b0f50ad,telefonia,279.98
ed000a9f9f04376551e24de254464c9e,,279.9
e96867993d08fadbc6f828871885f897,perfumaria,279.9
ddfadaea6a7a133ae1254ef6221fb4a3,cama_mesa_banho,279.9
ceaccc5199621adcf71bc58486a52e21,moveis_escritorio,279.9
c8fade3c4ba064e104828c4ad4461178,cama_mesa_banho,279.9
c41cb239626c439032c226463d082c9c,moveis_escritorio,279.9
c007861a802946f6b56220f281da6d38,cama_mesa_banho,279.9
b7edca604f2668c0f41fc7731fe640ba,relogios_presentes,279.9
a6ae1a5c22127c9e983271623b13c63e,brinquedos,279.9
a5cd90e0939b756beb465c31ec689e58,moveis_decoracao,279.9
a25d948ddec359c8d80978d139a4db83,brinquedos,279.9
994f625d5c932719310d0a2f43acc714,relogios_presentes,279.9
95578be74a242e7a0eae084908bbb5f8,moveis_escritorio,279.9
9356e329596e5fc475c12883ff743f0b,informatica_acessorios,279.9
848d1cf68443591d7075b6f81449f650,moveis_escritorio,279.9
7a89d29a8c19a5bea1ac95a83525d182,beleza_saude,279.9
76ac1907588ea63f562f0851bd5a4289,papelaria,279.9
6f6f3b1a96452e2fbad0cd4f7082765b,,279.9
686b869ed0d827fa346e8ca87a54d0e8,cama_mesa_banho,279.9
4df6e781d0eb0ae3d85f8bf5d2e72404,ferramentas_jardim,279.9
42a5c4d918ca01a2dcb5baf385d64200,cama_mesa_banho,279.9
38f82b1c10c441adf66cda952e0b6096,moveis_escritorio,279.9
36d2ea35ee407975d70fcef78e16e3a8,moveis_escritorio,279.9
28f486789a96800dc97bb98e780e6d31,perfumaria,279.9
22d4437444eadc9f1c695f24d3f1aac5,cama_mesa_banho,279.9
21e288a2a0d211749ff4b8f475b48557,bebes,279.9
19bdd86ca06c5bcaf94fe9e856bd6a3f,brinquedos,279.9
151d7733b44e0c7b292d7e2efb5424a2,cama_mesa_banho,279.9
149ab38a09937b9195cbcaa295cf4a44,casa_conforto,279.9
0efb0a47500c44e05a5930cae12307d4,malas_acessorios,279.9
0748257f14bc904fad9f67fffa335483,moveis_decoracao,279.9
51546b31b0669a44f338a791d4f96ddd,informatica_acessorios,279.89
93709a210f8c878e1d9b12ff28580f2e,relogios_presentes,279.65
431d674f9a4fbd0957ecf6ba3fcb6899,telefonia,279.59
cf41f723df264ec6f1c74d1caca1642e,beleza_saude,279.49
3225c54bb2785c33f49f50398fcdb88c,relogios_presentes,279.21
9207d6b9c76ea46cbc5b101a23293cc2,relogios_presentes,279.1
f86ab4e67c4b9e24b61a0abab8cba388,cama_mesa_banho,279.0
f05159152e8d116081d78d5d1f11b062,beleza_saude,279.0
e8a593dee186b5c3e557e553c5325841,automotivo,279.0
e41d4a95e33026918bd9946d3185b5bd,moveis_cozinha_area_de_servico_jantar_e_jardim,279.0
de845f191115e91fadc9624c144488c7,informatica_acessorios,279.0
dcf9390408cfcc20fbe35ae75f74d0c4,automotivo,279.0
cd6141650f23cd9f6bd573a52d7af39a,moveis_decoracao,279.0
cafd558df4c3c9d1c338ba6930ea9a62,bebes,279.0
b820acf9bf8fde90adc0b03e82045f77,moveis_decoracao,279.0
b0844a8d883adfd964cc47334177f89a,esporte_lazer,279.0
a9a058de269b3e0133650d8eba938505,informatica_acessorios,279.0
99b5252f661c113b53ca9fbaae9dd3fd,beleza_saude,279.0
95b5038cce133b8c926678c768012103,moveis_decoracao,279.0
8f73a652972eef397960af15ad4ddc10,eletronicos,279.0
8ec2a1c69db7506fca148836e2d0a3e0,bebes,279.0
853ece231e7141c4e815d687c68c6b7d,esporte_lazer,279.0
664e6b2966fbf2ba213de566c311cd58,relogios_presentes,279.0
416f17a4b2a56dd33d7d4f4d15570326,bebes,279.0
3fa28edcc7cdfb0ba1d56e70e30ed893,bebes,279.0
3cfbfb223bf0e89feef39ee393833408,informatica_acessorios,279.0
30653650de8d186314a945a970c21802,beleza_saude,279.0
27148143d9c0ab0bb016d5c2775b572c,informatica_acessorios,279.0
2691bad4b1d8eb94ea5f2ccbbd582fca,cool_stuff,279.0
262f65b4fffa70d0216e5aafde271967,beleza_saude,279.0
25d1ff5db102bfeb95fe4fcefdaca422,esporte_lazer,279.0
245269defe4105aea93d92bc62fb983d,automotivo,279.0
0fd34234ad17b2324b58696fb78e6c2e,ferramentas_jardim,279.0
261a0dd0382f9b866d73c37b3a9e83e4,esporte_lazer,278.99
e2033444b9e15775ad3817491401084e,relogios_presentes,278.98
ccdb0e2f5fada241364ea94cfaa2332a,instrumentos_musicais,278.9
95a6ad831088e19c94a25f818c805c0b,automotivo,278.9
6f2a4da2fb20abf7cfb17f4ccdba0fdb,beleza_saude,278.9
136b6cbf8a83c5c36c45157cbf05a6ec,automotivo,278.9
31a3ac2bdbd4af5074e25c5e92ca71ab,casa_construcao,278.25
f0f719ace174d68fdc838d8d6c4ce26e,esporte_lazer,278.0
effd1d6e0c3a3b8e3e164a2ec33ff523,esporte_lazer,278.0
7b975b7dc4f3286d95d68fd499f20cae,relogios_presentes,278.0
2f0b48ed3b5553d989aed89a6fcd9487,automotivo,278.0
486a70e221cccfbe8225ee9dd580abcb,relogios_presentes,277.85
d636661ff9dbdf576019c25999974ef9,moveis_decoracao,277.8
6a041eb6fc1af9d2634e039453f67598,beleza_saude,277.72
6e9c52b407fea24064f7ab2b144fbf8c,bebes,277.5
917f6830695aa0ef49bbba69315a4b5d,construcao_ferramentas_construcao,277.47
b224eb3c154415f1a25f604619f48b77,bebes,277.45
20dce72985857d1c8d09d506a8ec5187,automotivo,277.3
096e14458100c2b6d10f72d69f80cf34,brinquedos,277.13
5145cef9f9e1293cf8cba2c924eb94e9,moveis_escritorio,277.04
9680867d27bf4f20ac82adbe4dbae9ec,beleza_saude,277.0
41402af2a88247152583bb812ba235dd,relogios_presentes,277.0
ca923b3bd6392830e4e7651fca0adfb4,automotivo,276.99
a42680488264322b4082817cfb32d64d,informatica_acessorios,276.99
f1f01d27cb8664e16d57ef4a8075f3be,esporte_lazer,276.66
79ccb1aca8fcf379a6ed2412fba0480e,moveis_decoracao,276.6
58f63077f5153309a576fda4e0851982,perfumaria,276.57
1a26d40bdbef9cbc3e56226cb622f65e,eletroportateis,275.93
6c5b27706c0796f8eefd847f9bc02be3,informatica_acessorios,275.9
826e0179d6f0f44339c0fa71c464acf0,beleza_saude,275.5
e6f1f7e12ef3f7c254164e35be6420db,automotivo,275.49
47df1cc931d0e258285911e6be6d894c,informatica_acessorios,275.49
3cf03265103348bcecaad506bb66154c,moveis_decoracao,275.31
46292acbc08d49b95138891146f7287b,pet_shop,275.1
740281a23898e6af55b5aad34a41f0ad,pet_shop,275.0
17597731049645b4a7cd01de0b4188d5,brinquedos,275.0
21b4d9c7183dd6f20f584f35c09bd361,alimentos,274.99
43223a70191edecae31b8241e2f16c67,construcao_ferramentas_seguranca,274.92
ff5d87897ed26d564711df324b98ebee,relogios_presentes,274.9
f8e7c2967bf9d85f668c88eea4f9f029,papelaria,274.9
d9dc092dbac81302d24f47d21c716365,cool_stuff,274.9
d8160f4d642dacdcdb00f26b434a6033,pet_shop,274.9
75a320dd19d196149ee1514926d97bff,instrumentos_musicais,274.9
70615110b87b5e185d019c1968084752,brinquedos,274.9
6f4ed02e363461e27168f72bc33ffb80,cama_mesa_banho,274.9
465af64ab23573e4e48c31bcc099b801,relogios_presentes,274.9
17f40fbed6dd51e0cc87eefe3d88f644,informatica_acessorios,274.9
e54f264ebcdf353273544c6cc18de83f,construcao_ferramentas_construcao,274.79
e6666bfb776cebb5e0e1cdf2410f7490,automotivo,274.49
deecc62b2db3d87ff4d9fe364fead01f,telefonia,274.16
da3d93a1cb86a9e0369c04900f413a5d,ferramentas_jardim,274.0
bc79853c871c6db8e48e4b0d47df7e70,perfumaria,274.0
0f2720a22895fc23480cb778e022a50d,bebes,274.0
1ee3d206670e9b58fefad84442e2f265,relogios_presentes,273.9
10fcf43ab3ca71e2b2e99bd6e6caf7a7,esporte_lazer,273.9
a1ebb47a48200e6566603de49b83f621,esporte_lazer,273.32
75f3ef6a5cb0f2d5aeef15925f0ccf69,consoles_games,273.24
c62b9187381d86ae031b0bac9ead4b3d,moveis_decoracao,273.23
4a5088fa8aec7bc653cb9cd2c30039ae,construcao_ferramentas_construcao,273.0
46670e03948d0e1c2273c88899f27cc7,consoles_games,272.94
d018f2e6c1571b5b9aa3358c7b2261c9,esporte_lazer,272.9
a1ef17282b89f4c1a3efa6a6a9dbba24,moveis_sala,272.9
95d4fd03b0b54ae5c0202828f41bef12,cool_stuff,272.53
cc514b7c628e44d19db432762a00942e,relogios_presentes,272.45
e5cfaed5125bd848f496ca11de0ce00d,eletronicos,272.25
54a0f3e8ca45ad0d439759eda20c864d,telefonia,272.01
cb8cd725d42cb2362a6069f76e50aac6,cama_mesa_banho,271.99
60deed43085d22ed6326c2f10336d8c4,cama_mesa_banho,271.99
6766f04fea82c46bd3001e969a5ba795,moveis_decoracao,271.95
7638edba4cfcace983ea5ebf8f9a8244,informatica_acessorios,271.92
01da7f08d8327e0b4fab7edaa0c417a4,telefonia,271.63
bac35584a4b6413380a74f9617e12379,papelaria,271.25
a25fb4516757403b129bcfe366dddb9b,cama_mesa_banho,271.15
38ca370eb78337543f61175cf96964c0,climatizacao,271.1
0ec5f6f08cf32bc916d0ae089696a44a,esporte_lazer,271.0
7393721fda6f50eeb2b4912330e9e98f,moveis_decoracao,270.9
008b51e6be49ee039854b5e35c331b02,relogios_presentes,270.9
09c7dc149e2a06a6fe9f873343f240e1,construcao_ferramentas_construcao,270.79
fcf4c9a897ae906e5a467ebf4589dffd,bebes,270.33
fd2168a1a9661512d53cb23d6d23ee02,brinquedos,270.0
e19c52ba2deb45c56077643f204eda1e,fashion_bolsas_e_acessorios,270.0
d1200350f8bc6cb9912779929193c5a0,bebes,270.0
ade1e672b7fac77461fdd5d77612e45b,automotivo,270.0
700e755cb2df115278726cbf8cc322fd,esporte_lazer,270.0
362052fcdf7c9e3596a0a6c97536cdc3,fashion_bolsas_e_acessorios,270.0
35535e9b73528a87eb39b134a72a6544,informatica_acessorios,270.0
346a9c7bdc6236d95d5efa3ddf0866ef,eletroportateis,270.0
32c871f1791d0176b14c3081c3cf3e74,moveis_decoracao,270.0
1f180c96859564dd5857185f5914d2c7,cama_mesa_banho,270.0
f8ec436ec93f73848b48b8e0e5fcd335,moveis_sala,269.99
f1a052d6459a75dae281e66827d6df8b,automotivo,269.99
e4ae7159ae9fb57d158004d7435ea920,informatica_acessorios,269.99
d89ba268c7abe3819f2d39f0a359077c,esporte_lazer,269.99
b375da7781299a4e3ad98187c0bf4044,automotivo,269.99
b1de2a0563813db30923566ab847d03a,automotivo,269.99
84ecc25f4c77dacc5c0ceb89e09492e9,informatica_acessorios,269.99
67d9cf5b0dc7a0b9fb091efc68b14140,eletrodomesticos_2,269.99
31c4950400b8768b84197f87c5ee62d5,fashion_bolsas_e_acessorios,269.99
1dd284c37ca97cbb86c029c65fb9a494,pet_shop,269.99
17823ffd2de8234f0e885a71109613a4,,269.99
0cd7885ebb79eda16c32c1043681fc19,brinquedos,269.99
0872c05ce884daf60d1459165ba1c4da,moveis_decoracao,269.99
045da764883d50dc071cc70c81226cbc,relogios_presentes,269.94
64874a0d6c1ec460c2f59886c51b9711,perfumaria,269.93
fa8f466a5cc7c984851474eda1c9e17d,beleza_saude,269.9
f179d569401e7aea68f5b8c64367c796,esporte_lazer,269.9
f0cd6312ce0b0d7f04fe8dfd3480e278,brinquedos,269.9
e049c7f13358a63cf7f6ceb45a067a81,ferramentas_jardim,269.9
c9e2166d65e4f9986c1ed219bb5f8606,cama_mesa_banho,269.9
c347971e06135135a97fd33d9db5b74c,beleza_saude,269.9
bd378eb2fc8d592ac989db18fb35bbf2,beleza_saude,269.9
bc596794d92f7b9959fe0e7430354b52,bebes,269.9
ba1adcf388392101517056482eb5c849,brinquedos,269.9
acf8371901a741912c231a031fe39c71,moveis_escritorio,269.9
aca51bff59e5fefae004afb85cb5afc4,perfumaria,269.9
abba22ec8f8647474e51e996d74da8e7,telefonia_fixa,269.9
a98a8d36f2c2f97f7d7c4c3222f2251c,esporte_lazer,269.9
a2801a7e7915dc8d259be64ffcbb7bb0,ferramentas_jardim,269.9
a0265e3673ba47db572b54978126f6ae,moveis_escritorio,269.9
9d274c8de79fabb3f4c65b64b9feb02c,cama_mesa_banho,269.9
9cd9443e9002f8be88682ef102d771c1,cool_stuff,269.9
99008b78e9206243c95a95cf02a71905,beleza_saude,269.9
926da363bc2ff4e30e0ee93403af0a44,papelaria,269.9
9176f023a7370b05745941b7c43c779f,instrumentos_musicais,269.9
893a6dd696a6d0d57792987e0df04371,cool_stuff,269.9
8852d1878bd27d8e1fe4e403c2a0100d,climatizacao,269.9
78d622eda7a1b229d04311074b1029aa,moveis_escritorio,269.9
788446dae9ad0409017f7f0b40105057,esporte_lazer,269.9
735a36bd5c680c3b10f1c48c99c0559b,papelaria,269.9
72a5b2df108f3062ec2731ab68e5b5a9,moveis_decoracao,269.9
5ad86ef8dc129fabfd8b952ad4dbf483,moveis_decoracao,269.9
58ebe34ff100ca78de11d954b6bede1d,telefonia,269.9
534b02311d6e4647c43e97e8d479dab5,esporte_lazer,269.9
52510930c23a1b9c337a0a9306a3645c,agro_industria_e_comercio,269.9
507e1658812a4451005d2ff5a09ccd6d,utilidades_domesticas,269.9
4f4524396824b581a27a7dcebb2938b5,construcao_ferramentas_construcao,269.9
4c8002ad563bfab901da64be8d88f550,malas_acessorios,269.9
444ab88b25c5d6d2310be80ab1d60fad,consoles_games,269.9
4408151f5a3ff363abfe3d051f4344ac,moveis_quarto,269.9
41797ff66598803fa9ac0480e2ab3bc2,malas_acessorios,269.9
330286b1345b8cc5abfbb74da93465a6,esporte_lazer,269.9
30710ef7a45eef1ce593ebd6bb498bbc,malas_acessorios,269.9
2b6f9eb2e0273b74678d183b325c122b,consoles_games,269.9
2a33c8929309d51853186bd18ff3e3f2,cama_mesa_banho,269.9
1c510e7a53ea02ee8cb8e8d42274ff83,esporte_lazer,269.9
108dfaacffadeceb87032609d340722c,cool_stuff,269.9
0198a991deae439205851e71a7b0bdf7,moveis_decoracao,269.9
cfdc07d05c8c2c2ca22d746294ba0d3a,utilidades_domesticas,269.89
822c9ab05e9b8114704a5b2cd8639585,perfumaria,269.72
4db615df108f98bcf521b9ec6c27ba24,casa_construcao,269.7
eff33b4f1723920cf70e2d493a7a5e49,beleza_saude,269.45
8bf16c54c7994478e4df5de5baf54e2f,perfumaria,269.45
2a203c7d3cf8a035ba90363e9a9f0810,brinquedos,269.45
7ab21257ee876b3897bd55046d3d81d3,brinquedos,269.3
8de2f47b78997a49459d4564b093fecc,informatica_acessorios,269.24
205f96ff730dd709636da2c7b9cb7ca9,construcao_ferramentas_construcao,269.1
ff1f1de0f05e0ec5b2d721e2fb425b0c,ferramentas_jardim,269.0
f30de5fdde000c5debf03cc49d782249,casa_conforto,269.0
ef59f328cef34c7b309bb12e86b6418b,automotivo,269.0
e43da23e8c063291ca4e887e6ee98107,casa_conforto,269.0
e1c0a39b7f806727ea5121c60035ed3c,informatica_acessorios,269.0
dff77495e86ee63b26d521d2b196ad0d,ferramentas_jardim,269.0
d57e44940ef46f6384a6ce75e230ec31,beleza_saude,269.0
ba1b78ee2d24870c2bb5c4be33af89eb,relogios_presentes,269.0
b71bc7e6eb8878eb552d6a009097238d,automotivo,269.0
b47e709bbae4533598f806553accd469,informatica_acessorios,269.0
ac55865c931b6e828892c10b73887af4,instrumentos_musicais,269.0
a66741dadc49ea50d8be970d494d69be,relogios_presentes,269.0
a60e1868eec274b4c295fc836ea8320d,casa_conforto,269.0
a538728fe0b4975180a3818c6d0db331,informatica_acessorios,269.0
9d2ee357e629941a914a73e800849162,casa_conforto,269.0
9760ff15559ef0855c8aa01c00bd132b,informatica_acessorios,269.0
9668e3c1bfb4a5e3a1220a479a1ddfa2,casa_conforto,269.0
90ff7bd006f43483742a0bc3a3a9734d,automotivo,269.0
89bbac967e47033f5d8c15527de1ef9f,casa_conforto,269.0
82dbd25ac3df812e3a143613760229b9,construcao_ferramentas_construcao,269.0
7efbc2ce01bc5ac5d5390c330f90376e,moveis_decoracao,269.0
777ce6cfb2608acfd20cd07f80094e72,telefonia_fixa,269.0
760be8243b7e45dab18ef46ace561ff9,ferramentas_jardim,269.0
74308f15a8dd46e8e66e8801b76625b0,informatica_acessorios,269.0
713995c5e8e2dd40bfbe5a2eccd45356,instrumentos_musicais,269.0
711b99e1af05365d2ef959b073af08c4,instrumentos_musicais,269.0
70ecfc40193a5327e6921986e6484fab,informatica_acessorios,269.0
6f7c30c01b078cfe5a4adbceb9c363f9,brinquedos,269.0
6c78dae2a9cfc8e02ee9cc39af4be3ca,climatizacao,269.0
6943351f36278481ceb06a2e182a03d7,utilidades_domesticas,269.0
60cf4effb6947283fa638d570bd07318,bebes,269.0
5f79ee3b64a3af922735487fb06da429,papelaria,269.0
5a303a4e6cbf8550e80d43a01997acf2,esporte_lazer,269.0
4ede61f4c026ce233e4ba9ff9444ee09,esporte_lazer,269.0
4c65515115c33a1c4c21e9b40f85942d,informatica_acessorios,269.0
4c35791f944cf1550e8ae288b3f9e258,informatica_acessorios,269.0
3262d9ebe7100477209a79c4ed3c76e8,eletrodomesticos_2,269.0
3117effa9f933a3805a309706e949af3,beleza_saude,269.0
2b8ac7ded4ff025f0bd9b02f5c9531ba,esporte_lazer,269.0
22fc8dc1de226d2a731f5fa50303c388,informatica_acessorios,269.0
1fbec17963585b6f1839b3a81fd73015,informatica_acessorios,269.0
19d5a6b80192381ea590dbc018f2db6a,beleza_saude,269.0
19b29af06176f74d13a42e350b14e2d7,automotivo,269.0
1377fd796465e86c4306ad7afc6a6dfe,informatica_acessorios,269.0
1104a5c02e696d89b7d86e6b2e657795,informatica_acessorios,269.0
09f80ba142f03fa8ccc8d62ff68b6d1d,informatica_acessorios,269.0
02034d6c9c4814a08a3a0f5a6ad84332,informatica_acessorios,269.0
c16a725515f575d16a399f36c3e64399,cool_stuff,268.9
00bb62ea3729537a687c3fddcd123662,automotivo,268.88
b7a89537c40b1f5a18b5ba75dbb91cbe,instrumentos_musicais,268.51
ccac9976bafbf7e587bd2c29302e2314,perfumaria,268.38
a035b83b3628decee6e3823924e0c10f,perfumaria,268.38
fa381a4a9af65ea5fc8f3829214045f9,esporte_lazer,268.04
33865d9f10d44d7942569ea1df2feef6,industria_comercio_e_negocios,268.0
26a2fb5942decfca6995cab323903413,relogios_presentes,267.76
e256d05115f9eb3766f3ab752132a4e2,informatica_acessorios,267.75
ca17b18b38db6e0d2c33d362322f2a06,livros_tecnicos,267.0
c80124276571cd4bef53cf35d9b36c5c,casa_conforto,267.0
c1b1fa3428453960653af124b17ab165,agro_industria_e_comercio,267.0
931c60354b3929e5d44693757b11b5c0,beleza_saude,267.0
1f85abca5a45544302089b5d442b4370,esporte_lazer,266.9
8f3a1c2358138bedfb98645db449110c,relogios_presentes,266.78
216085c4602f1d5e004e8e204a1c9752,automotivo,266.78
3f1361100ad34281edf04ce745f62b89,moveis_decoracao,266.7
4178e16324fd0c9a8e18463caf390cc6,cool_stuff,266.08
80cd00bb256df12dfc70fa63f2136586,esporte_lazer,266.0
013b5dd7d319685753e2c12292975615,moveis_cozinha_area_de_servico_jantar_e_jardim,265.99
e35b86603770bdb3faef7f1dac64aca0,utilidades_domesticas,265.9
40cb225d40f0acc7c8a2dc7b27176874,informatica_acessorios,265.55
6a869de4b940e2bb63a0f869754a9c34,automotivo,265.5
9df7c1b358350fe845b77ee08c49600e,informatica_acessorios,265.35
72f027cff2922e7c85a28976ca21a1bb,informatica_acessorios,265.35
ecf9484703bdfb9cfcc1ac9c2084b567,utilidades_domesticas,265.0
e1c3325750402ab195a7759f01efa494,,265.0
d787ebe896a3557db778d1fadf16ad85,esporte_lazer,265.0
be588e939ab09c7ca4d4046266619de5,pet_shop,265.0
b1c791ce2fd764b4aaea6b9064b224ac,perfumaria,265.0
91b9cfd0719e34084376b88cada067b7,beleza_saude,265.0
2c2f3f30558d17cb6427b4b1991cb2a7,pet_shop,265.0
16e556eacc104de6e97b84512d426240,perfumaria,265.0
8a330ba3cd34d650c45bce0fc21771ac,cool_stuff,264.99
caf864611f0c6a9c238876119d725182,brinquedos,264.9
a767d41b71a909a1dd1e969f4b50732c,eletronicos,264.9
97122ffa6827f94f62ce56f48e848ae7,cama_mesa_banho,264.9
29df8bf0a6118b7b764e7b31987d4db7,utilidades_domesticas,264.9
5e864d9858dc9a7b55f937ed8998ffe8,brinquedos,264.65
37b99aa22bbac19b2a4afc4b2a958a53,ferramentas_jardim,264.17
86a7362af6fc1b61f0e613146b8c4cca,beleza_saude,264.0
7e7a5ae84c41a0fdde9c2a7c545d2115,beleza_saude,264.0
276f08e98f8f7711c2785ce40fc9d4d9,moveis_decoracao,264.0
8be128ce3f51211048f4b891e9303381,,263.99
4f4c375e79a2f5b62000807e99d85407,bebes,263.99
e7f85e7f0203b7b95cc1b4c21b4b070c,cool_stuff,263.91
af51d485dc5255ba2e18b21b550156e6,malas_acessorios,263.33
2d1e6a6907dcf4b2299622df6cc03c84,cama_mesa_banho,262.9
f93213a23c50edc16c27b96333f734dc,esporte_lazer,262.85
d54c5b81fc2b38707588dd4eddc7c594,moveis_decoracao,262.74
3bdc89e963c6651b8af38ede485cc82b,utilidades_domesticas,262.5
d0c118c2509abde6fdad3d7bac3ebef5,cama_mesa_banho,262.44
1bb0f142789375f5709d08b2f2355c2b,cama_mesa_banho,262.4
417e213344336988e562ccc3975987f4,beleza_saude,262.39
5fb1e24560c31b0eaa1911d4247187ed,brinquedos,262.34
d9cbadc2f61272c79987920607db84f1,cool_stuff,262.33
d1847c3f994dc0bb4d1248520ecb81f3,informatica_acessorios,262.33
4d4321549f8f978a19a4d17588b1e770,casa_conforto,262.33
7dd3fec3502f7ef333da2a73e00db394,perfumaria,262.3
f58e45b16a42a325c144eb2c46a2bc57,,262.21
790b3ea50b7d2c4e44e6221a402e1e5d,cama_mesa_banho,262.0
729be554c7bfd3f97c88f7470dad7afb,informatica_acessorios,262.0
521e6ee10253492c99b97a77007036a0,malas_acessorios,262.0
2fbb5ae777d299cd365c6b3a94b54bcb,perfumaria,262.0
bd2b6d27ce6d89e2443970dc53f6d684,informatica_acessorios,261.91
7e93d6b6ef018d488da72952ce48fb9a,esporte_lazer,261.66
84b28e3bb08a928eb998111b29adf0fe,bebes,261.58
741158fada4f10d804c017c381d6925e,cama_mesa_banho,261.25
f73be23829e192092569d5dda349f807,esporte_lazer,261.0
d87bfbfb56d6bd8fbd1c05e83da46e55,esporte_lazer,261.0
c82c977a03a931a50b77e934538a89ec,esporte_lazer,261.0
9206d854259f0baf2b1c76d63c04e673,casa_construcao,261.0
1eb44be9d824d20602d68a0f3346d8d7,cama_mesa_banho,260.99
72d68b642dd7c1a360b571d247989e25,informatica_acessorios,260.49
dabe0ebb4c28b903d35030ba1b6c8797,relogios_presentes,260.33
fa4e8255202fd921350a6fc716710dae,informatica_acessorios,260.18
ef5ad80d84199def6971cac1eec1bd0e,beleza_saude,260.0
e649a85841d392b8d1f6b31233baff82,brinquedos,260.0
cc3c077967623f4d66b88f3388a206cb,informatica_acessorios,260.0
c6bf4cdc2fc9ca1189d18f026d95af07,utilidades_domesticas,260.0
b77df7139ed99ef7339229267c707f2a,automotivo,260.0
ab37272e0676ac205aba0db310cfaaa0,esporte_lazer,260.0
86332b1229c41aeb4ab9d85472de3ed9,cama_mesa_banho,260.0
30674190b5af4d3b447868dff7f6ac61,utilidades_domesticas,260.0
305cf3d6eaf7d2339acabcbacd5e3142,esporte_lazer,260.0
232f608487cd2ed6669631eb468f2ed0,cool_stuff,260.0
1b28754d4c3737f9655d4a27c118bcd5,automotivo,260.0
fdd4f5e099d232bbd0d1fca8eab34172,fashion_bolsas_e_acessorios,259.99
ef61c4fb4f364316676e231990ac97e0,esporte_lazer,259.99
ecde2a586c71d84ed72298305dee1a31,cool_stuff,259.99
be3b8f91ced393f1ce60aacfb6a04c1d,esporte_lazer,259.99
b3132d56d4953f40e977e0534603e148,esporte_lazer,259.99
b01cedfa96d891427058852f0625e9ee,,259.99
8064566a6062566058808b3815d7defa,cool_stuff,259.99
7d7c88bfb43544f54910ae927de849b6,esporte_lazer,259.99
6ef8c8d7d06c5dca94963e77ccd20778,cama_mesa_banho,259.99
69eeb1281add8e5d8b916637f9f11a1b,cama_mesa_banho,259.99
620af218f5c91a81482e4555864aa4db,moveis_decoracao,259.99
564e4a218887ce7c6934723cc716d297,esporte_lazer,259.99
3085b422a5fd43e691b42df75c8a63ba,beleza_saude,259.99
ef3bda43c679d8fa4a75fce58089c26f,automotivo,259.98
e10cb463dd774bbee6a9002267ff573a,automotivo,259.98
ade405a562b15f95950b65eaccb3f0bb,moveis_escritorio,259.98
5dc2803129fe8ba196cef70c76d6ddf5,automotivo,259.98
f8ca22f13e0b58c30e9a8822f20d9ba9,moveis_decoracao,259.9
f045db2493d42bb131ef8e37c3aef061,cama_mesa_banho,259.9
ef69b63fe95d8d9ff6ac136f213db1bc,cama_mesa_banho,259.9
eedc20781b2e095ce09617ffc959e188,cama_mesa_banho,259.9
ec1870600ee2920073cba7a93211122c,cama_mesa_banho,259.9
ebc76392dcafcf451f626382c71680cf,cama_mesa_banho,259.9
e21af3d371523b2d9543645d3564a873,relogios_presentes,259.9
de70c9ebe399d6ff687b4b64fd51aa29,relogios_presentes,259.9
d5a4980e7e4a143e8d1bff13df09aefa,relogios_presentes,259.9
ccf62ee5ee151b8c5ce49beda185a66e,moveis_decoracao,259.9
cc7d8d232e6f5f27b70be81b68e27d6e,cama_mesa_banho,259.9
c5c1c5b904f5571d76dc3f494d3440bd,automotivo,259.9
c34602bed32c7b68dd5713b4abd953e8,esporte_lazer,259.9
c2a241928535e097a96aa157dfaa86b5,casa_construcao,259.9
c1e1936d50ab1559e729f1438d0c414c,moveis_escritorio,259.9
c1b2e753d02b165e402d5020fff9a582,automotivo,259.9
baf95b82c2638f006cec87098e8b1023,moveis_decoracao,259.9
ba92b5a0701d2f820ba6ca8f8c86294f,cama_mesa_banho,259.9
b0edba4fd6456eab5a6b6201caf7b323,utilidades_domesticas,259.9
ac8ead6d720eaa6c547bb93c6044b285,moveis_decoracao,259.9
a00c4d4b0d7cdb18b36fe47611c28470,informatica_acessorios,259.9
8f8e98cf133d4ab9a74486c3ce81da02,fashion_bolsas_e_acessorios,259.9
8da77162e41d47464f9806727417cf6e,cama_mesa_banho,259.9
8b6bd2f1787ccf9f63fa540492dd74c2,automotivo,259.9
88d165f46820f016a6840428dd5b7996,perfumaria,259.9
81d3e576c988a53ef6a2e4d0baaa18e2,moveis_decoracao,259.9
7d70db7420b99e2b74c6d4277860c327,papelaria,259.9
677c80cd5ba8c0099fac5606e53648ae,cama_mesa_banho,259.9
62c666bf15570eefdcd27d600951d1e1,brinquedos,259.9
5af8eddd880e2463740be6828d2b51dd,cama_mesa_banho,259.9
563c0dd33258d3c44d1b9967cc148341,instrumentos_musicais,259.9
4b2e8d0baa7e0e7483c8bfe1dc33e406,relogios_presentes,259.9
4562a1390da3bb292198395483cdc7a7,beleza_saude,259.9
3f246bac2dc05206d0d5b6c637c7008f,pet_shop,259.9
3ab181ea2f9cc4be74bad27ef8a03492,cama_mesa_banho,259.9
16c47be00ea2407eaa988afdc442e863,cama_mesa_banho,259.9
1444bc50e2165224458beb85d5542beb,beleza_saude,259.9
12a46620105cc4bf4d193fed203ab9e6,esporte_lazer,259.9
10dfb99fdae9b721c39b7458564397f6,cama_mesa_banho,259.9
0be701e03657109a8a4d5168122777fb,esporte_lazer,259.9
023a60ac6b3484afe23d788ce2444df0,cama_mesa_banho,259.9
e5a19f25b139394121110bbaab05087c,cool_stuff,259.75
dc68ee0fcb033a1ab6714fbb5db60c15,moveis_decoracao,259.71
d99009773ba4802173e603cf715ff382,beleza_saude,259.7
3a0016b5206c460ba3c5987018fea822,relogios_presentes,259.46
7104eafd29c0b00fe99250034af0d978,consoles_games,259.41
d5e5687ec64971ca08d943ee02f38233,automotivo,259.25
57a1b8771e227c7730164db309106c98,telefonia_fixa,259.17
f1406be72e14f545ee346b742bf92bd3,cool_stuff,259.0
f087c706a59c175468a1a05c5d2305e5,moveis_decoracao,259.0
e63ee311838859f93a10a95efaa79f2c,relogios_presentes,259.0
e1ff3a1468d0e11fe813756e733e0fa4,moveis_decoracao,259.0
cff8174d451ee47afde02105d11b1758,esporte_lazer,259.0
ca0019454bd5ddca0f4022fe89f6557a,casa_conforto,259.0
c79afda00334ce1f3f34aaa13edfd5cb,cool_stuff,259.0
c388dd6e3dccf434053adacfc3b5108d,moveis_quarto,259.0
a5b40bfd9d0d065c0e89d203f90fca25,relogios_presentes,259.0
9fd2d186bbd4017f2d86295f69334cfc,utilidades_domesticas,259.0
958cf0f5527f413e08d0cde6bfdbdde2,automotivo,259.0
8ad04f842c474ad4cc1414e97265c999,beleza_saude,259.0
77f896a49e4b52c7886411acf219f98f,relogios_presentes,259.0
77b856bb1279d01bd8d0f33d05a4259a,papelaria,259.0
68749ef9499d72290629ec3f71596d34,esporte_lazer,259.0
67c4868694e75a87d7d0417c14fc26a3,,259.0
66f01f544ba693e1a1a7428caec79279,moveis_decoracao,259.0
5abf8ac7fdb8291904445c4bd64ac917,malas_acessorios,259.0
5aa8137e4896e7f017ab4d84c42cb784,automotivo,259.0
48a731e170c51eecded8082b9ba71c65,esporte_lazer,259.0
44a2277ba35236a92dd4cd0f268869a1,telefonia,259.0
444d53deb5d80250e5e44dd416f20298,cama_mesa_banho,259.0
392751de4e1e7a915ac4d838c3124f6d,informatica_acessorios,259.0
37ba623c5ab34ea8b964009a10e87126,perfumaria,259.0
308e13b4417e92c76b823160001ad012,relogios_presentes,259.0
2d4910ed534d58d6b37408bb5bd46c0f,utilidades_domesticas,259.0
2280139813948df83ba872aecca72997,casa_conforto,259.0
19396b91a7c64a48aff0f42cd35444a5,moveis_quarto,259.0
179527fe0673815dff87ca83539b0c58,automotivo,259.0
153d581044c5b30836c5a7d56687a735,esporte_lazer,259.0
12b5c284044adc0687a6ffbe84d317e2,esporte_lazer,259.0
0874407d58fad5ce1eecc2f372fc8dbd,cama_mesa_banho,259.0
fa3ca099d117071049858cc82aafdcfb,esporte_lazer,258.99
52e316d4cfc422b232b280bed1c53236,beleza_saude,258.99
e224399b59101fa9f7607737c7961f1b,cama_mesa_banho,258.9
c9da1aa6e29221a1aabf1131aa2134e8,telefonia_fixa,258.9
9e8091e1021b25bdf15a9d203a278889,eletronicos,258.9
094db48c531e5ce423c4b908ea96535c,relogios_presentes,258.9
a2f25a7e9c4eea1e3c2949d03c688048,agro_industria_e_comercio,258.8
0f4188ecc00cfd99f81763ee9725487c,moveis_decoracao,258.76
6f1b3488c5314b527201978357a8d85f,telefonia,258.56
f075897551d47345068c1d90ed454fe1,agro_industria_e_comercio,258.5
7ca936dc950df6505bbba4a54a00203d,beleza_saude,258.3
db1e6fed56643b852af3132d255d9ddc,cama_mesa_banho,258.23
dfa3272f8e1bad4867677dfca2d061f3,,258.0
a6a4a3de57effbbec7c478c6a03fa074,fashion_bolsas_e_acessorios,258.0
84d0969ab5317ca361e0a628948a4624,moveis_decoracao,258.0
6d8df074fad8f0315c8226b43f71a084,utilidades_domesticas,258.0
3e2f9928d76a2823b17795db853ea780,perfumaria,257.9
2800a94a39d630f1713089675b8350a9,perfumaria,257.9
ecac1d187a5eb579329eb27d3e4d636f,beleza_saude,257.87
1139f00effbb6523b59f6e6ebddc6d44,esporte_lazer,257.7
99b4596b82b6f75d453160c9c75e01f4,artigos_de_festas,257.6
8b878f082e217c587ef3ad9431c6c762,market_place,257.57
b596e2d70dd2f5fb5ff9ee2a1c803e5b,esporte_lazer,257.49
657247f6f60543b93e3cc708a8e6329c,malas_acessorios,257.43
f7566c7c51e266442be8db4b8797ee1f,construcao_ferramentas_construcao,257.42
48ce12dd2efb6bb7f38a34eb4723c10e,consoles_games,257.4
36174802c8879b643cefc0511e7f06ed,eletrodomesticos_2,257.19
53ea9da485f6aed8a6f03a85831fe021,relogios_presentes,257.15
2a211896ec7ab72cedc7939e9ffb01b4,informatica_acessorios,257.13
d285360f29ac7fd97640bf0baef03de0,relogios_presentes,257.1
737b71349729cf37cfd2be8a7bf3b282,beleza_saude,257.0
6d83b30a8dcfb49e62c0a31eb22521fe,moveis_decoracao,257.0
b803bade7b2c0dcdcf77208103ab29f1,bebes,256.99
f087f4a84fd8713553be68ac8964a70e,cool_stuff,256.9
7c725202e885a39990fbc37b0ee5e501,perfumaria,256.78
1ff1090afbb3b1a09f61f5e49f0a6cce,relogios_presentes,256.66
ac4e5dadd39e115c7e7d1f72e8ef128b,cama_mesa_banho,256.2
665adf6cc6e09e6a770ba182ea6a50f1,telefonia_fixa,256.0
44b4230f8020e880f0a7d9113a2af369,automotivo,256.0
a4800b5d0f4850922208a6cefcffed51,esporte_lazer,255.95
27b2556bcb57fc7c3dcc241bde88c5e3,informatica_acessorios,255.91
e951fa511351528e83ebde739f059348,ferramentas_jardim,255.9
6d37e202f4afe0a1539c872d21e45650,informatica_acessorios,255.9
d8f1b415091ab79b62ac80443d865ca6,livros_tecnicos,255.75
2624c8b856235b0499572d609ffd0930,moveis_decoracao,255.67
3d16ff6bb87ceb3db735862f069c3caf,beleza_saude,255.65
81de659bfde3389fc8614bfba92e585a,moveis_decoracao,255.56
ee278da6df2f0ca2905e9e38da106ba6,esporte_lazer,255.0
c7e721eda335285746c694e6c408949b,relogios_presentes,255.0
b866da669fde20a56fe475ded8ac41b9,fashion_bolsas_e_acessorios,255.0
99d48e31cb95ab20a319faea37066bf0,beleza_saude,255.0
8d29be6478bbde713745b8f567edc734,esporte_lazer,255.0
804276969fd6adfcfb9c9dcbce2fe8ec,esporte_lazer,255.0
6979e1139091865830dbbe45342271e0,brinquedos,255.0
65e6eb6259c9963d133eae35ca1ee2cd,eletroportateis,255.0
4ce6c1b5cfe26c9f980438fc1c810f8d,construcao_ferramentas_jardim,255.0
09a37f198e0277139a41558113e4ca9b,instrumentos_musicais,255.0
31129af5d35d9ff3136470ea2305705d,consoles_games,254.99
f4387cd405b21509803344d044ac2c3c,relogios_presentes,254.9
c1682e15732b5ae93506aac9133944e1,cama_mesa_banho,254.9
a487b0b761b1bae56c6da805a31000c8,fashion_bolsas_e_acessorios,254.9
5f287404fdf339bcbe657a37b6a4b048,brinquedos,254.9
46f8312de289b5679ef6c699c028b572,eletrodomesticos_2,254.9
46434aefd24c5d19f7e7baebf97b796d,informatica_acessorios,254.9
1da3e4356495511914d62ce5385f7122,cool_stuff,254.9
165d14e4b5729a3abf7ea2a5062dd118,relogios_presentes,254.9
0e0b3c0d93556bb5357924c59cad48c9,cama_mesa_banho,254.9
a7c73814e6894bc049f7aac7d37f7175,telefonia,254.7
8e50f3c86fefb2bdbb35c8eace423a9d,ferramentas_jardim,254.55
8afd99798fadd878e37b5bca830e6525,cama_mesa_banho,254.4
661856216cb56d1d9e5a954c66cb136c,moveis_decoracao,254.4
d540d228abea2bb0713acb40e4f3d341,pet_shop,254.0
d0d16f5960bcd2ebeea321a525f44067,beleza_saude,254.0
8345f12ea3fe16a74912415280296b3d,moveis_quarto,254.0
66ffe28d0fd53808d0535eee4b90a157,ferramentas_jardim,254.0
7178ddaf7e590ece0dd74143bfc6fd28,brinquedos,253.99
c615ac0ef96d723029051d29d7cd2d16,beleza_saude,253.57
e61bf3c66ce1e3491166b89fd29baf58,cama_mesa_banho,253.52
722f84416177a451c3be217ef8ffa082,moveis_decoracao,253.52
bd66403f5f11696c897a825d5235697f,esporte_lazer,253.45
29dcc20b00ccb0dd2136eb2f4c5f3847,moveis_decoracao,252.99
2d7a8b0a6a788d4dfaf9094bf36254c9,utilidades_domesticas,252.9
2f9d564b8e623fa218326d48f71c5764,perfumaria,252.67
a2446206efccf04cc7fd1511be0ee157,perfumaria,252.57
9496e670a857b5a2217cb77cbff6a6f1,beleza_saude,252.5
a6a48ebcc6f6360211c13bf5bb238587,moveis_decoracao,252.43
de3e60701787a602b30be9c75937242c,utilidades_domesticas,252.14
bedb45388f9f994c1ce963354fd32469,esporte_lazer,252.0
a1c3f3f968d87aa2c14861ee7f5a5e3b,esporte_lazer,252.0
57aae7271c7c24614b0d663c6df83f35,esporte_lazer,252.0
45d7d0595f83b5260d6b0328393c1686,climatizacao,252.0
236c8998f9a6e6150cdfb75fed83c15d,esporte_lazer,252.0
caf540627b7914ab734c86495fdc95ee,moveis_decoracao,251.93
6e2a68aa94eb2a3b5b3499bf2314d544,cama_mesa_banho,251.92
be703d525c52c707f23b14fa068a1d46,esporte_lazer,251.9
687ada1b5c787ece71130a5ec0123567,audio,251.9
1da4de0fa473f8506723c82af7d4cb3b,informatica_acessorios,251.9
22bb87b27484c91c055cca7fd6d0793a,moveis_decoracao,251.8
dd12ee0c5287865a05d9a873944680bc,ferramentas_jardim,251.51
4c77d14c542fcd857dddc3df2e82329c,perfumaria,251.36
33fca9d59532dd4c191217a979346ab9,perfumaria,251.14
d9d1f8a93d1a991de6f45594b717b858,informatica_acessorios,250.9
c1a940820f1f674fe52265f700f72302,perfumaria,250.9
73bc42701d50d3c0673b38ea8fbe2e32,moveis_escritorio,250.78
fe6a9515d655fa7936b8a7c841039f34,cool_stuff,250.4
f2a76781f22caf64ef56f2c87889e12a,bebes,250.0
e4c20c867bf5ef9bd109b0ba8a60cd5c,automotivo,250.0
cbaff83e2c00a2b731d27276bbf52082,artes,250.0
c715ab7f66826b73cd40916d8792bad9,bebes,250.0
bfd9a39f1774d4ca8773f1f42f09d187,bebes,250.0
bbf975bffd2ae9ee52f513ae5c8a4b27,beleza_saude,250.0
b63ecf99904f905e0d594b11ac06281e,cama_mesa_banho,250.0
a15b46c05a4d311665eac6750b3e4030,bebes,250.0
868969d3a93aeeab7bfcd4fc3d3d65de,telefonia,250.0
8435e69e8ca35cc17d3471e240ea0d44,bebes,250.0
7dddc9aac98dd159ea9e9c1f68654649,beleza_saude,250.0
7cdf063c858373234611848620a5c950,moveis_decoracao,250.0
7bea3672d6a87d1d816cda1283bd1cb8,beleza_saude,250.0
76e855b70f3c3b10b9cb7ac8f19c2ed0,esporte_lazer,250.0
71d2e375cd7ae542240f5f335894448a,bebes,250.0
63094ac128b54dd72d511043411df079,fashion_bolsas_e_acessorios,250.0
5d8b1699ab3e7b3ca81ab0228c03e33c,moveis_decoracao,250.0
4f00b2fac67879a28298642092faa414,telefonia,250.0
4b23856b5ce1e62e9c09c7b952cfd9cf,bebes,250.0
4047f50df2141e2ab6c747b16b6a7bf6,utilidades_domesticas,250.0
3fa16862566852fd5dcdb4c0e24c9db6,moveis_decoracao,250.0
38ec77783936fa7f33d24dc56a46eca1,automotivo,250.0
37c0cfb5f2381b6130c1ddaa5df146ae,brinquedos,250.0
35c5886c8fb424305569a555df688541,brinquedos,250.0
2be42830d259637be25f3290e0495f5d,bebes,250.0
26ead2db8f3cb1ee3456206dc231f94d,moveis_quarto,250.0
234df98e1a567a28c8ff2079fd55198b,informatica_acessorios,250.0
093cd981b714bcdff182b427d87fc8fc,esporte_lazer,250.0
067a7177d086c25f597516184a07f05a,climatizacao,250.0
02b750ee6f6f12a23c311b775ee4427a,bebes,250.0
02357c69f595e004b50ba115b3f88d63,cool_stuff,250.0
fffe9eeff12fcbd74a2f2b007dde0c58,brinquedos,249.99
f38c674135b439b1d2deb1d68da9f4e6,automotivo,249.99
e00d2c49504aeaf7acdc9ff7cf8a6107,brinquedos,249.99
dd921ea0fc303f89bafabba4aec57744,cool_stuff,249.99
db0e75ba1fc6537d68f2676f3b67d07f,cool_stuff,249.99
be127a8a979cd5d591ea345f10bba28c,esporte_lazer,249.99
b29ca3d3127057c43ef4b364bbe360ea,beleza_saude,249.99
adf24c4c9e90e7054d07309a04c419d0,moveis_decoracao,249.99
aced2206d8778eefdbef4de3c38ae916,cool_stuff,249.99
abe664b73da592b7d5d0e5ef9b2789d6,automotivo,249.99
a44f944687bbcf1d5e4f2af94a55dc05,bebes,249.99
9f9d0d6ad3c84f4f0f6748167d2a6dfc,informatica_acessorios,249.99
9d5aabe3e3265ed911b2a85d14474635,brinquedos,249.99
914a1be6110e7ce3289dbf55ec0d9704,cool_stuff,249.99
914997fa7aef743334b7c0da8580fd5e,cama_mesa_banho,249.99
88edbcd7253153fe0b9b64c8e643ec00,pet_shop,249.99
84ed1f4e3c539f01fb07c3ebf73c31e0,bebes,249.99
8135b72ac72267bd0dd2fe06bcee1320,moveis_decoracao,249.99
70a9f1d2c0e23019d6b8db85a81e69c8,cool_stuff,249.99
6c9e39d79ed78d8a01bd1e8ffc551a40,esporte_lazer,249.99
6b9cd06d7020fdbbffa996fcf9707b0a,esporte_lazer,249.99
69bfbc73c85e0c111060d84260d5fd64,cool_stuff,249.99
68bcbb3be468061b4e679ef201283d52,esporte_lazer,249.99
56e4165a2811a685d231891404533e01,cama_mesa_banho,249.99
3f865b4848677595ed67740b3330d99e,informatica_acessorios,249.99
3c980d4656c6379e6dfd704a2cc48a88,bebes,249.99
3c1fe640b9b303b8f12b612e350b9446,brinquedos,249.99
3b20a0967f4b39b7b1d91f3be245cfe0,moveis_decoracao,249.99
289eec3989226cd68c6455416caaedc5,brinquedos,249.99
26dbcaad027ebbead6bb387c7d68abca,brinquedos,249.99
23905e2fed49239bf63e416ba24bd556,malas_acessorios,249.99
0780ab4d63c3fa0b95d7f17f66a3444c,informatica_acessorios,249.99
0cd0a2334c30b335c4a4e73205bfd366,cama_mesa_banho,249.95
ffb2a783fe9381154e13bb3457651996,moveis_decoracao,249.9
fca62108387e25005784da2f551466a1,moveis_decoracao,249.9
fc43d4931ce7b45c01dcf5289927dc01,papelaria,249.9
f55802700c4c3a9dbf1a99967bc9e655,automotivo,249.9
f524a09994004b2dabb3d13cf1a041fb,,249.9
ecc224ec2ca908e1fdacf9aaad00fbe1,papelaria,249.9
e6a1b235646d1c1004b38e39f7796c2f,eletroportateis,249.9
dc523b958f892102fd63bb7a60fea902,automotivo,249.9
d096e0e170ba78894105effb6d513d97,perfumaria,249.9
ca16f79f5392d53aa17b906d345d2e7c,utilidades_domesticas,249.9
c98141af5de0ad24a74753a12a9eb40b,relogios_presentes,249.9
c6563a7dfeba47f77da75352afb49d64,relogios_presentes,249.9
c4d513d82ef46690cc4bedd562795aa3,beleza_saude,249.9
bf4362fc31d8f9821d9e8f3f9adca705,automotivo,249.9
bbb63f6deac726c088568b3f871bb4c4,market_place,249.9
b90e522acbe2ea08ee4ce317a90e173c,moveis_decoracao,249.9
b1dddee0530f59d8b4808c007e8f14a8,moveis_escritorio,249.9
b061d19bedb7cb3af1ae9d6fb52b5712,automotivo,249.9
af5da61d100eab89aeb416514f688161,relogios_presentes,249.9
a7643323762a75398fdfe3ba23a04cf2,ferramentas_jardim,249.9
98a5e061c4731a1d4eba3e6f4b6d9b93,climatizacao,249.9
902ef94ec6b84c1abdc30ac2877a0e95,ferramentas_jardim,249.9
8f3e68cbfd56c030ceed9696c2e78620,moveis_decoracao,249.9
893c4e4b07dcb5a590645ddeb8894cb5,moveis_cozinha_area_de_servico_jantar_e_jardim,249.9
79351053555d5b98a09738e68f891f1a,cama_mesa_banho,249.9
778da519962c5306049eafccfd72abb8,ferramentas_jardim,249.9
73fdc89a7474d12e91ebb4a38341fd84,automotivo,249.9
70cd303f8e2dc6c00f5908aa72acdea6,cama_mesa_banho,249.9
6ac418b899c9f735ae62cc768e2f650d,moveis_decoracao,249.9
68ea0193be80f4865155be5c96c58f43,cama_mesa_banho,249.9
68935616eb789144ba60861fa5a60e3e,pet_shop,249.9
67cdbf842853a39463b426b3b2d27466,beleza_saude,249.9
577fd304233fe9412349ef6a4a3f6ae6,brinquedos,249.9
5028e33329174553ee04adc728f3e918,pet_shop,249.9
4309ccdfa6ebf5b4d35871c2b4d26fab,relogios_presentes,249.9
42c0e34ecbd01632df00dc96670c92a0,relogios_presentes,249.9
42ba5eab75cf0db7905414fdc6a3fd7c,informatica_acessorios,249.9
3f3bb9a9009cafb307bc91e3d8a507b9,moveis_decoracao,249.9
3a09301261a624d18ce3c338fbe9d225,automotivo,249.9
33102eb20d41ceb406b2083a3fde8d29,construcao_ferramentas_construcao,249.9
2fc1d23fa789d26055ab613cdb6173f3,informatica_acessorios,249.9
29751fbee1bd3194046027f675cdb5ec,beleza_saude,249.9
20082386a501cbd8c41765656a115a2f,climatizacao,249.9
1da4c75f3ccfdd3e7f3416b5b0aa0f5e,malas_acessorios,249.9
168b1b45c68037b0490157ee10540349,cama_mesa_banho,249.9
149de4383ccb1829ea75380fc5f0b5fa,beleza_saude,249.9
1305c16a9228b89ed9dc201c20df2363,relogios_presentes,249.9
0b98b002389531232d83d333e3883dd0,construcao_ferramentas_construcao,249.9
04a58e66cae7d954a87cb7fbb67b204c,automotivo,249.9
d4cbb6517d22b1d8114cb1dcbd40cb25,cama_mesa_banho,249.89
deff454ecdd9cb013e9e13a32b1b41e8,automotivo,249.8
56b9f57262f84d21a4bd11c4c3536016,beleza_saude,249.7
8318a2808212aaad26bcb506a505d45d,beleza_saude,249.6
28ce57ecf4afba85e6020ec0209cada9,cool_stuff,249.6
af144ed65466a16118af719a57053c95,cool_stuff,249.51
af76a54b712e9cab85d2824e96c56ff8,automotivo,249.5
7754574f8aeca545b663be749e5db05c,informatica_acessorios,249.5
65c61dcb0156cdde1a197f99b91488e2,informatica_acessorios,249.5
b67a7d0ef75f52b4b76368927a3037f9,relogios_presentes,249.48
bd7805f8852673c30434a7cdbda6845d,informatica_acessorios,249.4
f62dcd57a6a4e93aff69aecc1f3d6513,relogios_presentes,249.0
f009b1fd2d0278e72174b86019655f28,casa_conforto,249.0
eaa3fffe22b0b5efe02db64ab9d3bf84,moveis_colchao_e_estofado,249.0
ea957cac01662e146fe771920efe4921,perfumaria,249.0
e9b3c6df62081d3ccad97e6ea5651667,eletronicos,249.0
e35f45a92b1a28c527d6e9edfec12af9,informatica_acessorios,249.0
e07510e0b85899f2e922f28bfc0643c2,relogios_presentes,249.0
dd619ff22f2b3f2bfe6d853f945fc25b,moveis_escritorio,249.0
dc36a7859b743d8610a2bbbaea26ece9,moveis_colchao_e_estofado,249.0
d86d15924d5a9ca159de4d8cd09263ae,instrumentos_musicais,249.0
cf2e64deaefaf68804258d3deef54639,informatica_acessorios,249.0
c3d08bab8c7c6d9cc1f6cfb5a465c80b,moveis_colchao_e_estofado,249.0
a2a02ec5b66063b4c3ccdf10a53fc501,cama_mesa_banho,249.0
a07f07c939807b4c970452eb30a130e6,moveis_decoracao,249.0
8dc41bbd4f596aff149d8aa3e29521e7,cama_mesa_banho,249.0
7d939f237f8e9c3892bbb1ee73cd1434,construcao_ferramentas_construcao,249.0
7781d6283100da12454a264ff46216b2,bebes,249.0
7743659ed8c624dbee1d9806c3396064,telefonia_fixa,249.0
75aabc8e1a57380a968e40965ccd0139,papelaria,249.0
74d70f0700daedecb18089fa693f5ca2,cama_mesa_banho,249.0
70b04b1d699a19d1b0aed994d64d13f9,perfumaria,249.0
6ef7db41787d5f0c65b2f9487d4336b7,automotivo,249.0
694e3712264584430a0d19e1a1942dbe,relogios_presentes,249.0
68753ceccf509d2890f329f8d55fce79,eletronicos,249.0
60a233b2fb18e7982bd7a653c23d5a99,casa_conforto,249.0
5de25300e7c1e5952be9f6504da7d4f9,relogios_presentes,249.0
57212b61ec373df1504d050a17e139ad,casa_conforto,249.0
3fe46d73f7527ad59e36c21c3e783041,consoles_games,249.0
3d5813eaa9868b2c0e307e6c536ba492,eletronicos,249.0
3c0c25556095f68ed9d05df570c9c587,pet_shop,249.0
39ed04888dcd79849e94036dfdb3b4aa,cool_stuff,249.0
351cd19d35f2421c5419da9032a19856,bebes,249.0
33c599c2bf23093baae8f760a49a58a1,ferramentas_jardim,249.0
3379df99dfd26b916bb666847bedab3e,utilidades_domesticas,249.0
25a675783383c8e0aa707b7e9063c925,relogios_presentes,249.0
23f91e3d76be3938bfad0ff292392502,automotivo,249.0
1efe84b450fd2e07ceac3cd1ace28348,malas_acessorios,249.0
1e41618bcaf005d9f4cba13fb70915bf,relogios_presentes,249.0
0c3dc3f0b8ea2ce274c0bd18b2a31f5b,esporte_lazer,249.0
00126f27c813603687e6ce486d909d01,cool_stuff,249.0
f18333439cbbfd0ae30acf09ae09c0f0,,248.9
81258a06e30546c898c31a062ae3da08,cama_mesa_banho,248.8
15f50a93f26d97e9c940e45271e8c177,eletronicos,248.75
b07499163c612b591ce1621452672e69,informatica_acessorios,248.55
ae083e4a334a4210ae0ef7323f1584c5,beleza_saude,248.4
d04e48982547095af81c231c3d581cb6,relogios_presentes,248.33
0f67b4ef3dcb82c257f9f14b6f694ccd,relogios_presentes,248.25
ecd5fb40310b0f37e80e312bccc3b1ee,esporte_lazer,248.0
e2c7aa41c299a45244b67505e990a1d3,relogios_presentes,248.0
c98fcf63f668fa08d0da5584888d6e4b,beleza_saude,248.0
b1f57443c02747ba20ece8cdf8f4a0ae,relogios_presentes,248.0
a868dfef572cedc4008920c09417cbbc,ferramentas_jardim,248.0
3aa071139cb16b67ca9e5dea641aaa2f,artes,248.0
382d28bfa85a9857cd10bfdb1b8b7f80,moveis_decoracao,248.0
2245f9825a544daf9adb59c50d0eae03,esporte_lazer,248.0
dcd590f679e692420391bbd2c7ae22e2,cool_stuff,247.99
9d1b18c0f7c3a2519bac1d098f945278,instrumentos_musicais,247.9
b4df91f3ebb544f655bc35ddc68a85ea,moveis_decoracao,247.0
9d641daeb448e6a915e1f81234d4cd33,relogios_presentes,247.0
929527e5f11ec479791e7419de270440,moveis_decoracao,247.0
4a741a6cd8c7a4358ebfe566138fee78,moveis_decoracao,247.0
9414323ebb3ebedacbca284868df0eb5,cama_mesa_banho,246.99
e71ba6dc5ef4b3bada7ee8d17304d31e,consoles_games,246.97
f4ebaa462d32c66438985245a9deb62d,utilidades_domesticas,246.9
74a86d4a9f05585758fcf89d91f9d378,moveis_escritorio,246.9
698b3ddae2f0b80c2a48fb40624ca4e4,moveis_decoracao,246.83
47de5f36ace720b578ca1b30d0b45b8d,informatica_acessorios,246.47
f71954485428cf87945953ea0a0a6229,cama_mesa_banho,246.33
222684e29ad17ce818d1b01753c0cfb8,perfumaria,246.1
aee3f592b58fb4d19977aac4159cd4b1,pet_shop,246.0
6a1c65dbbecc1ece8c22856122a774ac,moveis_decoracao,246.0
529deff9c151e0db37c88a43952868bb,eletroportateis,245.99
2cc9fe0726e28bee40b04417a8971b53,esporte_lazer,245.98
f6f1af8bef22ed40d530548c79bbe953,ferramentas_jardim,245.9
95d9302f8b3a134daca8adb478c92813,cama_mesa_banho,245.9
7e50b75774c90a76cd3fa12f33de892e,cama_mesa_banho,245.9
254104e9110b124bab38acfa269fb764,casa_construcao,245.9
75b4372e69a42f8ae1d908c076f547b2,beleza_saude,245.73
aa8bc5595ba5d066c744e14995402cdd,perfumaria,245.7
23f2ebdf4d6f7badc8bbd40af362f681,casa_construcao,245.7
e2fcaac49de7a3a90f0dc74d7b1e9f10,casa_conforto,245.67
573988dcf1e82347556918fb29a19a87,utilidades_domesticas,245.4
354a74f657f4d957f2a0e5b9ee1eeb7f,esporte_lazer,245.23
fe40f7377a50aba380fb2fca57cf730c,pet_shop,245.0
d6c17244033c5af6859b05cc925c8478,relogios_presentes,245.0
bd6eb9532e448ca538cec41d0b9dc228,instrumentos_musicais,245.0
8952479b2147f90098cc9615de73bb94,brinquedos,245.0
44989697efa3ceece037c5633ea143d9,automotivo,245.0
7167af17015615b513d5b429758969a2,,244.99
5f416bfe77190b2f1c9de649d926e56a,brinquedos,244.99
44a064a339782c3cdd7e457b169ef0b0,informatica_acessorios,244.99
d6c90261eb664ba97949a548e55d6c34,cama_mesa_banho,244.9
74291f20821eae2aacb949b41622ef52,perfumaria,244.9
530eb6b4be420f6e65606de479d62278,utilidades_domesticas,244.9
11f5b5f05fa5e1a6084d240310fac08c,beleza_saude,244.9
62c89abe1afe3a23c17765d462718a4c,perfumaria,244.81
97ac2c1509cfea4a471cb1cfa1e3e512,esporte_lazer,244.69
62d41a80c366aa2d8644e3270adf8440,informatica_acessorios,244.56
677d8ace413e0060fa8686cde56eaf10,relogios_presentes,244.3
e90eaf827c96655742e955fd615026ca,beleza_saude,244.0
e24ef3f9a7a1d8c6c2d932c53fcb1fbe,beleza_saude,244.0
4ab6e1df1eab4f6e731ef93432151ae2,esporte_lazer,243.5
40f9d700a4bf5e0d84c70d704147971f,esporte_lazer,243.32
9824c8a777b0a6ec687de43501ba3aba,eletroportateis,243.23
2b10e945dae5434075c8bb2be0d17325,cama_mesa_banho,243.23
3a08fe43ce64c50310704384c1725c20,moveis_decoracao,242.9
223d34a3d9334039f5ff9511dc044bbb,telefonia,242.59
a2048b46525cb5cb30be4e5ff3f83c5a,perfumaria,242.5
5b2b72f58d212a6e4733884ef0ece564,cama_mesa_banho,242.49
08857690e7a14a21b4441f8ee2bcaa14,informatica_acessorios,242.01
3329c7aae267c404ab16dde58f37213b,informatica_acessorios,242.0
32ab984210a9cc604931ba8408ec6994,esporte_lazer,242.0
1a0ef485e35802dd1d23ab5446cac458,cine_foto,242.0
a02d0123079f4ae96001ba2010d1a2df,construcao_ferramentas_iluminacao,241.96
64ef32b2c378f413777f4f855458c484,moveis_decoracao,241.9
4f81e9ee3504409c3c3b4a79b8a80332,brinquedos,241.9
05696da7eee323669666f62228d00f78,cama_mesa_banho,241.89
d10f7bc1a57ebe26d5994076f2bfa06b,esporte_lazer,241.5
5de871daae99423d3fcb04edcb6dd1aa,perfumaria,241.49
f58ee92194f9b169efef9364f892f9c4,automotivo,241.0
347492a8e06a539c0861eea7e527fdaf,casa_construcao,241.0
8d34ccb4a1bc14737b6bc7848346cbec,relogios_presentes,240.99
f899d20577ed792aecb4c71a18cdef50,informatica_acessorios,240.9
bffdb7d6bdb994823039ac983d6d30ec,pet_shop,240.72
02064a5bc5d3656476e9dab151c69989,automotivo,240.5
cdeefdce9704b2a961a01e89b1f19e7b,informatica_acessorios,240.35
dfd2ea8377fb2838a47488c5b37558f1,moveis_decoracao,240.0
d93d759b483dd2545be204be0fcdfb82,cama_mesa_banho,240.0
b729707d65939e62985873eed7ebced8,bebes,240.0
970a065bf2d3133a8182ee47b3fe11fc,moveis_decoracao,240.0
81652e8e327c1690eecf9aa488c93895,beleza_saude,240.0
72c6ce77ce1addb023ae0e0c483b4193,cama_mesa_banho,240.0
662276c22ed1b925786d19da6677e19d,informatica_acessorios,240.0
5d6d8d46af864e4241365a5cd4980a53,bebes,240.0
5d42919d908b17ec1848699d89e2bace,bebes,240.0
5ccc345baeee162f46c5b18f7c5ccde1,esporte_lazer,240.0
3ab4f9477c417aa9192c704e752d2bc4,automotivo,240.0
169a5b175b7c1727d5654db38acda924,automotivo,240.0
d2e8130fbec52f5dac0571ea1993f28a,informatica_acessorios,239.99
b60aae43af64142e8dafff9888b64c85,cool_stuff,239.99
9ea3e671b22bfe796818b4fac0d6b974,consoles_games,239.99
847ae12131fb2ab1eadf2a377dc1e620,moveis_decoracao,239.99
76bc323604f948b202f4b159ac3ef4ee,utilidades_domesticas,239.99
646562dff45f7f272a61182f9833b22d,beleza_saude,239.99
35559c3265789453c74498644a9f8d6b,consoles_games,239.99
1b81b117d19f1f282c2818484e52211e,automotivo,239.99
1803e81cb6baee466165678dec256407,automotivo,239.99
171f04960543d71ad6ae0cfd444b369c,esporte_lazer,239.99
0fa8853b873ba06e7d27385fbb1411ca,moveis_escritorio,239.99
b18d3e74e5793a823be8acec061a5977,brinquedos,239.95
ffa8916ae85546ee99d1965b28e447ae,moveis_decoracao,239.9
ff28477a5bcb2fc34bb86a6c2eea1566,beleza_saude,239.9
fdd06e4d9669d1f11992a3973a0fdd7b,beleza_saude,239.9
fd4b4443bc919df49bbcc062742b8f06,informatica_acessorios,239.9
f06796447de379a26dde5fcac6a1a2f7,moveis_decoracao,239.9
ee4c8acefd0dbcae1a83e07c101318f4,cama_mesa_banho,239.9
ed61f9d2b8837c3aeebb563b7305ef78,cama_mesa_banho,239.9
e5f2d52b802189ee658865ca93d83a8f,pet_shop,239.9
e5ac4f7201729a0d3639d979c104b91d,casa_construcao,239.9
dc90d2a794a86578893c4ccdf6524d3d,brinquedos,239.9
dc7e6c809b71f69934396f954df16806,artes,239.9
c8ff3d9fa791c9b40a3c54a5da2394f2,utilidades_domesticas,239.9
c675a92a4c74be0ba60aa506ae21e47a,papelaria,239.9
be40e17908725e5bb30888064ff7e839,consoles_games,239.9
bb34de910d1c34677e54c78a4b08a29d,brinquedos,239.9
b4b1c13bd539cdda68bd9a5e899767fb,telefonia,239.9
add055c0f961a8667228b93f97d43b0f,moveis_escritorio,239.9
a0ff95d002b9e836b60b47e97a200f93,casa_construcao,239.9
9e4991475c72f651bfc73d697bf5ecd4,cama_mesa_banho,239.9
9e24c718d40f018498c6b5db74bf9dc9,informatica_acessorios,239.9
9d6a788ceee3a2c4ef57a459d5a202eb,instrumentos_musicais,239.9
9751b280db38705e0225fcbad03d17cc,moveis_decoracao,239.9
89dbb0d774a327e28e7b298f6202a42b,brinquedos,239.9
85a53ff2878f9c7acfcccc794b79cc66,relogios_presentes,239.9
82254d93b897fde054504b15f8fe923c,casa_construcao,239.9
7d4cc5273713b6b98ffb274cb4dc1ba9,cama_mesa_banho,239.9
7a8f85eacf670d2cae7b679ac8b7af8b,informatica_acessorios,239.9
76265fc5cc76fc5f09534fb307605c10,ferramentas_jardim,239.9
759c00ad779b5fcc09add1f1efb62417,esporte_lazer,239.9
73db26ba1eb13dd2d0e1991a3ac6943b,beleza_saude,239.9
6badcb10ad09ebf25ab2e97fc1b95b1b,ferramentas_jardim,239.9
63acd71fee320fca91e3740e7f49f19e,perfumaria,239.9
50908a7240199b240e6d857e740cafd8,beleza_saude,239.9
4f022f25583cfbf04bcd98995aee6a66,utilidades_domesticas,239.9
43fe236fd16fba129a5498ba4b1b47fe,pet_shop,239.9
42e3fe954b8179e5a4fb431d40662419,utilidades_domesticas,239.9
337be49673e511e2bd38d390cf57d7c4,relogios_presentes,239.9
32a0c903321b383d2df2bb7d835ad2e8,utilidades_domesticas,239.9
2ea8ec61f4c1078cdf7b1df620135059,fashion_calcados,239.9
2d677673c369b1d62187bc49ab3e9331,informatica_acessorios,239.9
25b6dee1ad3c218c030f73d5acac19cc,brinquedos,239.9
0dcd34a72eb2310d44b1e823a4ecc7b7,informatica_acessorios,239.9
0dbda89985ac97cc36d9239d67a1172b,informatica_acessorios,239.9
62644f19deb898e43ebdcd29ff3d9361,cool_stuff,239.83
c54ed8ea69e24c191fbc23b3234c6b32,beleza_saude,239.8
8b981f23717c781b041257c7be1564de,artigos_de_natal,239.8
1ff07d822435ad0061151419f62e51aa,climatizacao,239.59
b91b2431ca8a681073c72cab18054e6e,beleza_saude,239.5
bb1ee1154c7f9b5329328e3fab9e6bb2,papelaria,239.36
76c73618750ec1718b6f51a96c498f93,beleza_saude,239.3
b84a91f1e58b1f44daf3a9b74a83f1d8,relogios_presentes,239.18
64c8ed0f7f4b571f9aa5f2488999d316,perfumaria,239.12
f5f1ce81676b7ce780092a7b8d9135b4,relogios_presentes,239.0
e933ff96119efc4dd8bdd1b71e73f60c,moveis_decoracao,239.0
dbe520fb381ad695a7e1f2807d20c765,pc_gamer,239.0
d52463875db80535c279cf58f6f5c183,moveis_decoracao,239.0
c8f6689f642d2ac60ff34490bb59fc9a,perfumaria,239.0
c7bd850b9a356ee44d5a2a55f7a5b657,esporte_lazer,239.0
c02e3653af29a9204c8ebcbb20f4e475,moveis_cozinha_area_de_servico_jantar_e_jardim,239.0
bb37569636d7c7aa19026a419e36bb2a,relogios_presentes,239.0
b3466bdd3b91a3c8ba3f2dbe7f9e0b4f,cool_stuff,239.0
b1517c1b95640f9c8faf6f049fc751ee,relogios_presentes,239.0
983a67406e3e74f6b7b27168cf61d6d8,esporte_lazer,239.0
96f7628c09cd807b68989261da8ba07c,eletroportateis,239.0
7caf32b90e6fbccc6a37ee8633644895,utilidades_domesticas,239.0
70c9ac8c8391f7aaf375c752eb40d265,brinquedos,239.0
6fd29b4c024c598e9339e67a7469be43,relogios_presentes,239.0
6eda94acf0ad08a1bb12f10aef74767d,eletroportateis,239.0
6e4ad99aef917394f064496022476d0c,construcao_ferramentas_construcao,239.0
6de8bea41c968204fa93e4c2016d1bbb,eletronicos,239.0
561b72208efb5be7e6834dc471aca43f,pet_shop,239.0
50b0e47f8219992ae98677122c483fde,malas_acessorios,239.0
4c7d44dccef81ce2476b4bd0716d34e9,relogios_presentes,239.0
2734390ee304b0f4817b3c233094fc16,instrumentos_musicais,239.0
270e70a55f9a0917f86b37cb32afcddd,,239.0
0e9083f06ff39f2cfe1ba2c8f589f591,utilidades_domesticas,239.0
03b63c5fc16691530586ae020c345514,bebes,239.0
025249b91a565601dc1b8f47ee7a230e,relogios_presentes,239.0
01aa9c122bda45bcbf7edd32fbc36d23,moveis_decoracao,239.0
1b80b0a1f4aad5d1a1cff676b76e9eec,relogios_presentes,238.99
6371d60c329c7474f4190b077378660e,eletroportateis,238.97
3732271dbc064b3c2c372c5675c914ce,bebes,238.95
2e9575efe2eb834f5673cb75df8537f9,relogios_presentes,238.93
90d9b6d827bde953e7cc9f81bf113467,relogios_presentes,238.9
8448ca0891d431bffa57301b7dd2ad04,relogios_presentes,238.9
71e8988abd639b90bb7a7726b767eb72,brinquedos,238.9
536f3b8c629a2ef8e8b582d937a792b1,perfumaria,238.9
286ae430a4ebbf9a6048a42f362fa322,relogios_presentes,238.9
5496efb86aea6e3862b6cb394dc020f8,informatica_acessorios,238.81
2c9de16d31145f7aa376c2dab35a2b81,informatica_acessorios,238.81
061885af8dbda5739d592a153655e574,automotivo,238.81
d07ac0112a80ce7475f0b59a170a3046,informatica_acessorios,238.64
e857bc338b00787f1a6c91938412823b,ferramentas_jardim,238.5
823d744bdaf063ad824cac2fc3540fd8,ferramentas_jardim,238.5
5640c59a8f6a08b3758272590693eec3,bebes,238.47
afc026db9e1bc0f06ae19abe8aff3b66,eletrodomesticos,238.4
7814c273ab16783d73a9863ebfa8b141,moveis_decoracao,238.26
fc22eb7bba78fd67da33c9acf162d592,casa_construcao,238.1
b5a3bb1341d217322573b76c03d7b81e,cool_stuff,238.0
b4c7dc33e8fad2ce870c0219924c7818,esporte_lazer,238.0
9831e59284189574c8b3dde0265e5230,cool_stuff,238.0
7d76a219445c40f19d016b40b77868f5,moveis_decoracao,238.0
6f735de7025b8e74fc832dfd6ec2bf5d,esporte_lazer,238.0
661b9f45d2c7838b67a935446b8a8fd7,relogios_presentes,238.0
5ade9eaa68986ae388b9d6ba2aa185e8,moveis_decoracao,238.0
550614095d4a8d359bf569ea168fe053,relogios_presentes,238.0
4d2c3ee422e4c891e4b715c4ede15ca6,moveis_decoracao,238.0
43506d2b6b5e0535079f88c7dc51c4de,artes_e_artesanato,238.0
335869ee35680c410f30db87ecdc83a3,relogios_presentes,238.0
30883824e23864dee3988e68eaeddb21,cool_stuff,238.0
f76b8eae9da79861cd75f86a1020879e,casa_conforto,237.99
99407e203910716731e1644a5a0bccd5,cama_mesa_banho,237.99
98475d9717984fc80373a380bbfb0d81,cama_mesa_banho,237.99
f53a077215882abdadf48e4c84f81b80,cool_stuff,237.9
d9293c1e73be790ec4534dfe249611ab,moveis_decoracao,237.6
bc7783fa09789dd5984d2c9213413a97,beleza_saude,237.4
1a06cc924ba852bef5a19bb5aefa4d6c,cama_mesa_banho,237.35
d49ab5dbfc9329699c524e4f513c5e7f,moveis_decoracao,237.0
8c90d88939a7bce735c315d9d8cd5274,pet_shop,237.0
3a807175ca79ae358737db8127977d35,eletronicos,237.0
61bd46a698da866fe12ac56c1eaa1b09,bebes,236.99
31b69c5458a15ce93c1f3b25276514d9,cama_mesa_banho,236.99
c998385f80d7e14537b9290617470bfb,climatizacao,236.9
477e9dd0ec1da08376e3e29bf434add9,construcao_ferramentas_construcao,236.9
14c60b3a54996d02ff5d0d56d2aab05c,relogios_presentes,236.83
af4e4eefc358246062956d3d2930e6f8,bebes,236.63
77b5008f271c9f74447191efb065bc28,relogios_presentes,236.52
bf8f8dcc8811756c8dccbeea08223f96,esporte_lazer,236.0
bd160228a5f454ada5a6b0354c96a0d2,cama_mesa_banho,236.0
3d5100aa426e420a80a8fab06e9d198c,relogios_presentes,236.0
e090b9bd2ef7d60d3b0ee3399c79ee3d,informatica_acessorios,235.92
14b6285353e31358b2273ae3818a4155,informatica_acessorios,235.91
d3a745c19c13090b4114427d782f6c52,perfumaria,235.9
4b5d91666a29ed91f1ced25011e07985,pet_shop,235.9
95f76a3205f55d54b001e730486c6737,cama_mesa_banho,235.73
1f3b8727459b932736f709be23eef109,cama_mesa_banho,235.73
936a034fe3b07b7ae7c87fc8ceb0749d,relogios_presentes,235.67
492bcf01a7a40c8fe5c720574dc786b3,cool_stuff,235.5
be6ae1b41a4ba652f1947e0fae960d44,automotivo,235.43
2c7f01e4f39f8ca21caddb86374d7b4b,eletronicos,235.33
7aa1ab866537ff58ef91e90e3df92134,informatica_acessorios,235.12
fbb05e4acf9348440b40d667795c057e,informatica_acessorios,235.0
e987172c2818cc16b2555bc130ac5fac,,235.0
cb80d84cdedee288c467491ed98f5e1f,cama_mesa_banho,235.0
c398a8dcde62548d51bb291753330209,cool_stuff,235.0
a5c90160c3e379f7a99ea8052e6c5f9e,cool_stuff,235.0
a0c8114ed9f3ecd1a0394e3987b87613,cool_stuff,235.0
599dc392f7a23273471b068d72408224,informatica_acessorios,235.0
50e08517d3e71a6c24abf633e8d88ca1,utilidades_domesticas,235.0
344e500a6d4d2085337b9e81c0b9c9de,instrumentos_musicais,235.0
2a055622bea2fc1278c4ffef9eeec87b,esporte_lazer,235.0
7151ca87e2fbec19cf45133a12e818c4,consoles_games,234.99
6ea6babb12521a80daebf65b6d0c864f,esporte_lazer,234.99
7605fbdad270936646b0ce6c3427b295,informatica_acessorios,234.91
cd064963187616d33281791cd6538171,automotivo,234.9
c8739aab0307635a23981f93dff12a9c,papelaria,234.9
b7a2d0cb90ba252129d34d7c8d079d2b,perfumaria,234.9
704706b137a32978f55b31f47aa806b5,brinquedos,234.9
15f4274d2a06f9da4e476ad9bb5c80b9,papelaria,234.9
0504d5c0f9b71510b2b0bee952e380fa,moveis_quarto,234.9
97868e08c02c9f4f6b49ebe5a4d4dfec,relogios_presentes,234.8
96f027a4749058d508f6c1bda657c79d,audio,234.8
f4f67ccaece962d013a4e1d7dc3a61f7,automotivo,234.64
db3772e122d171a9f548c1588ed66017,esporte_lazer,234.5
c7caa8b7b6e51a771b10a6565125b0f4,relogios_presentes,234.5
4cb33e9787e8a38b82bd68e70f5f4700,perfumaria,234.39
9c569d07db7673210c0f0ceec6797654,informatica_acessorios,234.31
3aa3fb2fdb16c7383879e48a574fc8ab,moveis_decoracao,234.19
3321ad579f19476d0d668f726f8dffec,cama_mesa_banho,234.19
dd3575a8c5e2139f680a9816a15c8f2a,consoles_games,234.17
f0973383ec656ea00297313758897094,utilidades_domesticas,234.0
cea1262b2dd1dd56c1b4f1f1c19b14d4,eletrodomesticos,234.0
9431a9c618106cc583ea8b3381047c0b,ferramentas_jardim,234.0
1361837a82c3ee5591e56958e3d89bce,casa_construcao,234.0
8c0c3a8ad1d1896e7d9d66921a4b66ab,brinquedos,233.99
35d56b64516746f2046a4dd2b16f9027,climatizacao,233.99
41347179516c8b9380040cf54274ff80,informatica_acessorios,233.95
7755707fe561ddbc56cefcce33c97945,cama_mesa_banho,233.8
1ac8f5283525f67f04345f07c167ba80,informatica_acessorios,233.57
e83e5f5ff7ef69f7a09c848795df56a7,cama_mesa_banho,233.35
b84f38d9e0124bc0aa4429a79dc3f96e,cama_mesa_banho,233.35
cbb702235ad267cca951499fa8475606,beleza_saude,233.32
3e49ed0eb3b0fd7c15032a2e250d43d5,moveis_escritorio,233.32
0c9ff9d8ed9b9bdd825487b3a66e05f5,automotivo,233.28
5e5d267a41f3d8bb608c2f0bd4b4972f,relogios_presentes,233.18
65dfa5d20f4beb1a0f6aad75c004434f,cool_stuff,233.12
64187b994e1b15e6a59a6f72688fbea8,eletronicos,233.0
0b00b16606aeb46da3543bbabff4d6b3,cama_mesa_banho,232.99
deafa3faa1b80a845f4fbfb3ffa5d0b8,papelaria,232.9
34aca5f4e567c3b675a3e43a17e0b0e5,bebes,232.9
cc971e0365873137b8bef2ebad633e6f,cool_stuff,232.82
c8eca123751676bbdaaa9e4a84721362,construcao_ferramentas_ferramentas,232.75
84904413b82eee333a3f79137e8d197e,ferramentas_jardim,232.75
a18a23a783fb7576a8f0f6fbc2ae2b58,beleza_saude,232.37
ba5aeff0d2c2150a200bfffdc8b06ebd,beleza_saude,232.32
16d096faa27582985f849f08370cf1ed,agro_industria_e_comercio,232.13
f0bdec4f1c899ce1258888fa9d6db7d0,cama_mesa_banho,232.0
21c00997a28e1efcdd07c8a67f26d4ce,cool_stuff,231.99
3522a64b7bad6fe22cc046584a9d3fb0,utilidades_domesticas,231.95
143f3709e0b16bb2f1f5737e74ec15bc,telefonia,231.54
cc6a0d67ea3d63acca23c81500670843,artigos_de_festas,231.2
733162823b9a1dbc958b0988d32229da,artigos_de_festas,231.2
bc4d8a403b121ef3965530900b4309b0,cama_mesa_banho,231.17
f5d8fde6bbeab928266d4cc80eecd701,market_place,231.15
685eb31be05f115e9263add7796ad95b,automotivo,231.08
e89d73f0944595de1d84663f975ae7b4,relogios_presentes,230.95
c24f692e0f20f854c24c31517610ba7c,telefonia,230.8
bd7cab8de4d7943286634023cc06f8ff,bebes,230.77
72f50924c42f32d9a236b7602686a49f,cama_mesa_banho,230.73
9bc39c44d241610638729a32026eb37a,cama_mesa_banho,230.6
6e1b14d3cbb5fb3a2c00351007127dfd,cool_stuff,230.55
28dfc4b48aa78bae6d69b43b2742774d,utilidades_domesticas,230.37
bbbfa3b8e4c5b134e919e37e46acbe14,moveis_decoracao,230.0
a0aa27e9f5d02670c0bb803f98863d43,informatica_acessorios,230.0
9858707a4804bd5fe5027290870c37cf,cool_stuff,230.0
9849ba603e33119ef0dcbdba63338aa2,moveis_sala,230.0
9391a573abe00141c56e38d84d7d5b3b,casa_conforto,230.0
8973d773c115b9e347c34a248f17bc92,moveis_decoracao,230.0
89571bdf5db85184c4e877bf9dfaf92d,automotivo,230.0
87838c210d9c925acac2619548950502,moveis_decoracao,230.0
84dd5aaecdb39b406c39de952b13f394,papelaria,230.0
80e93c9ff199f2b00ecc1962d520c339,telefonia_fixa,230.0
78af039af208ab37d0c1d03faff0866f,moveis_decoracao,230.0
62953ad36e6c894ce69fc72d9a5246f3,cama_mesa_banho,230.0
418aafa8794c4c22bacfa453f98bbf26,beleza_saude,230.0
3a7553224e54d216c4a65c85f2d04deb,casa_conforto,230.0
2731fcd394a537e7af870051621316b1,moveis_decoracao,230.0
25e92e61080ad303ea52797f2879577d,moveis_decoracao,230.0
1c93b38903bf11d9a9bd28f3c65481d6,casa_conforto,230.0
194d0a84a60aad8916173c4d611f6450,beleza_saude,230.0
0af2b3833420630d9d1eacc2daf2bdf9,sinalizacao_e_seguranca,230.0
04e8d74439cda81827c2cff9f165f4c5,esporte_lazer,230.0
faab97003f349e10524a71ed2c2f2bde,brinquedos,229.99
eefc25bf3b54c979499864b77267ee2f,cool_stuff,229.99
eb7151059126a851a89a9463dfac7feb,moveis_escritorio,229.99
e937b8761a1d9d6a0bd0011a17531744,moveis_decoracao,229.99
da83f50064bb1755c5a15ecd22773671,relogios_presentes,229.99
d7e407589b859c99b1df9088674c20e3,perfumaria,229.99
d5cfc4570ec66c853873c3a7be07e377,telefonia,229.99
c18c01e09509a509e2b88d3ed40c580e,bebes,229.99
ba230fc7bcaa2f503c46d73098caeb66,eletrodomesticos_2,229.99
b5cd16b170e0359c2b59e10cbc21e791,brinquedos,229.99
b3e40ff639c185b9d726b4b19c17e6cd,cool_stuff,229.99
b20004b530789d5db586f589da0ef3e3,brinquedos,229.99
a62f968b257e3759b2ec9bf2c71358b0,cool_stuff,229.99
970e1ebb22b5c4e942ef9f57bbc3e416,construcao_ferramentas_construcao,229.99
94f49b07158ceba23362f72f24e04962,cool_stuff,229.99
835e3f51a6ef088097cc8cf42f08fd17,moveis_escritorio,229.99
7ad1818fa5f8a28faf8844aec3b3f540,climatizacao,229.99
717e96fd0fc2d06fe158982bce5e6a8f,cool_stuff,229.99
6f4715840b3a1e8cf44b132da7084a3a,brinquedos,229.99
4ee8c9943111595b7dfc4d9031854a21,cool_stuff,229.99
4a9bd3957391943f2cf8a75a915c4b8a,cool_stuff,229.99
447934cd014b033280977350b730d892,cama_mesa_banho,229.99
3b82733180834cc02658403163260204,moveis_escritorio,229.99
3a4776f99a3e55bb2489252ab56253b9,telefonia,229.99
38947803f4effe2c45539bd71b509529,brinquedos,229.99
358c791cbb9616153f8864c3d6eabaf4,brinquedos,229.99
2bceab103a1ed05128606476d59db128,moveis_decoracao,229.99
29af47aaefb3a7a8bc5b00d008cdba89,relogios_presentes,229.99
26ef5c7fd62e0e6334083bb274a003ba,automotivo,229.99
264aad5ca689ed34e57633f78c5683b4,automotivo,229.99
1dce3fd38c13a3e74fe5000f33858442,automotivo,229.99
0352f26fa462bd615275f3e91857926d,moveis_escritorio,229.99
ff14b42e6c031d90825f40f2b1089185,papelaria,229.9
f91ca402b63936397a526d0c81976270,beleza_saude,229.9
e9d9bd328d6f02bda36796815133f39a,fashion_bolsas_e_acessorios,229.9
dac10a81c7091cad557ed66495179ca6,malas_acessorios,229.9
d99a9035db5875b38e59f9f55b9548f1,moveis_decoracao,229.9
d76e09e3182a68025076542af2726322,relogios_presentes,229.9
d4f03ebb492cf8136ab51422b4df8561,climatizacao,229.9
d3d5a1d52abe9a7d234908d873fc377b,malas_acessorios,229.9
d06368341277bf3414bd8e3b2b13189b,brinquedos,229.9
c39344060401aa31219e340847e3c791,perfumaria,229.9
bbe7651fef80287a816ead73f065fc4b,esporte_lazer,229.9
b16c2f0d8f720f01316cb3fcf81f18a8,automotivo,229.9
ab8ba49579d5b0173f85517ce22968c6,perfumaria,229.9
98f45ca7c8c275409c14c93996fdeb07,esporte_lazer,229.9
93b498aa80cf4062f0c6636c038141df,eletronicos,229.9
8eed5d27f5b8c6248731efb4782f6141,automotivo,229.9
8dfb62dd226c4b734e5a51fc114de949,moveis_decoracao,229.9
8c66104d520634a3b6e20c1f326767de,esporte_lazer,229.9
8bba564030745976b3975e212e113b6a,fashion_bolsas_e_acessorios,229.9
8b8a1ad64d412f12e5cbd609b8ffd064,esporte_lazer,229.9
798d1d2a6eb63c4a6a4d2febdd4a0050,eletronicos,229.9
785ca50096466547f93836e61beb7424,moveis_escritorio,229.9
76cd6488b0486efc2652c4180c07f6ad,cama_mesa_banho,229.9
761673fd35e2e24ad39b5f6a96c1692c,esporte_lazer,229.9
6f059a5e46fe4a3903ea525124d77b49,brinquedos,229.9
6e87f3a8a84e60c41db0a3e7779f6e0c,papelaria,229.9
6a277fb171b6c40f04c0bbb51751b03b,automotivo,229.9
64ab807f335fbe6aed126b2b5a094538,moveis_decoracao,229.9
63a8fa4ae2d10ffc0daa5db78ad4ea4f,informatica_acessorios,229.9
60f61a8c9946c02343e43b76bd909a86,bebes,229.9
5f3e86b7e537b8d2d993596c969b69a6,malas_acessorios,229.9
5f348c2c79eb5d1eea867e7903fce1ee,eletroportateis,229.9
540ddaba57a1c4a6cf22f80784c8b426,beleza_saude,229.9
4579e87cfe02f4b4eaabb298a254a5b9,relogios_presentes,229.9
3ef588bfd98e3e3a65ab2478b5b32824,relogios_presentes,229.9
3cc52e01a315aba7f650574a3a256b1a,moveis_decoracao,229.9
3736d232d7b439822cdb4cfee973fba0,eletronicos,229.9
317610c6c173aec78923ac272ae9393d,esporte_lazer,229.9
2b80699b25d49f30774b88420a36c55d,esporte_lazer,229.9
25e4d8fec8c2188a87e8c0acfd179310,automotivo,229.9
218f5d32f520df3b8517cdd86da09466,esporte_lazer,229.9
2020db9c389956e879dd05e6250413d8,malas_acessorios,229.9
1e792313d6d23699b3ed772e7042b089,papelaria,229.9
1c0b635cee597371e54d222a1d8e0386,relogios_presentes,229.9
18952a79fa194b9ebff6e058236bc57f,automotivo,229.9
137d0bf5250717a478bd7f9c74410bda,esporte_lazer,229.9
1341fe21db99218918b57ca553968a50,brinquedos,229.9
0660211440ed1391f5375fbaa39443b7,esporte_lazer,229.9
05e896ddcd2490d4185badce5f9b45e4,utilidades_domesticas,229.9
01cf8c7364048b4b6ed0fe400667054d,brinquedos,229.9
441b44bcdcc4969bd3a9d67bbeed44f2,industria_comercio_e_negocios,229.8
1e28482c87af71997ffdfe62d8f5b993,relogios_presentes,229.8
5aa24a87e18df35c06a69ba91d6d8970,papelaria,229.79
64fbadb8e3f6a0ac76c38ab230d661f9,utilidades_domesticas,229.5
1b77984541459de3090398065e4c6844,esporte_lazer,229.5
f81a1edab43cbf08299503316612bacf,automotivo,229.34
8712db6af2dd7ce2e4a97137859a86ec,perfumaria,229.27
3af4f5bb8b0616387fe23646fa94e256,moveis_decoracao,229.14
f26d0caaa778c717f696ce339dd7c927,moveis_decoracao,229.0
f0d9237c058130a54eb81854ce88b760,perfumaria,229.0
e969c0b5b997b22894446bc30f5e0b45,casa_conforto,229.0
e7597059b9e4eca21a96eed55693b31b,casa_conforto,229.0
d61d270aa0862b38a2eb6cb38c05f60d,esporte_lazer,229.0
cd0b48da951206bf66d438924bab6059,ferramentas_jardim,229.0
cc94c5f27ae497887be368de47c43d6a,industria_comercio_e_negocios,229.0
c89bd65c6473672b9808b1d1d4df79f9,relogios_presentes,229.0
ba5242745293e2e3d5669f14a9ed0c5c,informatica_acessorios,229.0
b4b41230d7134dd767bc903a9c773f18,moveis_decoracao,229.0
a4d44eb9f68b301db3a15c9a346f395c,malas_acessorios,229.0
9b372fe3f06df9d7b8f8c11e5403502f,papelaria,229.0
9a6c2e91127b124802b1c0474cd6a6ad,relogios_presentes,229.0
8fd57e95e8bf639d562620356071bc23,relogios_presentes,229.0
8ed5b7ff674f091d1fad96a4bb0d58e8,moveis_quarto,229.0
88f65c67a768f35feb3de87afe055ea6,malas_acessorios,229.0
7c74ba4802d0f3253c363e9ba4f56ba5,ferramentas_jardim,229.0
72d0a38fe43ba7087d71e245d1b76c9e,moveis_cozinha_area_de_servico_jantar_e_jardim,229.0
5d8ad55d3f8971622b53ef88f1229af9,casa_conforto,229.0
59bcfc096cb9fa35b5c5294582c78486,beleza_saude,229.0
5910243c1624994e66138f05c7f4a275,climatizacao,229.0
51e8cb2e53573210345e6b2f0168206c,relogios_presentes,229.0
4cd623b0731519cf74354784255b2b37,relogios_presentes,229.0
4bc3ab2ff016887e619e587a993af3bf,relogios_presentes,229.0
47f4c1c7335bd22493bf6f376ee9fa6b,beleza_saude,229.0
3fcd8dfe610c62edfb51de2630cd9ef4,bebes,229.0
2e690251b259bda3d61476c67d7b70a3,casa_conforto,229.0
275bbd43a9fdb71853216091565522ac,moveis_cozinha_area_de_servico_jantar_e_jardim,229.0
18fe664c1fb46f0c237ac8f434697d07,bebes,229.0
10853770629fe365086f9522cb540549,eletroportateis,229.0
0ddb2f7b7b817ea4239bfab24f67f742,eletronicos,229.0
0a27cbaaeacef635e4aa37885a1e5e93,consoles_games,229.0
08ba0b9a5d17ce718c503eee72338e98,relogios_presentes,229.0
073f139ce5bceceb73c9f287e2540eb3,moveis_decoracao,229.0
045e41f597e72ebfe5e9de50788fbf03,esporte_lazer,229.0
004ffcbfa5aac82212a95bc972ea8a85,moveis_quarto,229.0
0009406fd7479715e4bef61dd91f2462,cama_mesa_banho,229.0
eb58d9eb4488178a84d9df65e7a42ad4,utilidades_domesticas,228.99
0f679de41005ce40722b43993df839e0,eletronicos,228.95
668c1d83312f239e50994fbb06aeb4dd,relogios_presentes,228.67
679c97b6819e657c506237438cacf60f,relogios_presentes,228.13
2ff17002562478fb03cd44f09e7ca51a,relogios_presentes,228.1
a51c38eaa07a858fd8b49766d02c7bcd,perfumaria,228.09
98a940d42d3ac029e40441023676ddfe,esporte_lazer,228.06
e89428b51b3909340163d4185dae3610,relogios_presentes,228.0
e7dffcd8a3257cf9f6644b7d30eaf727,relogios_presentes,228.0
e00994390ccf605aec4a0389c80e0ba7,esporte_lazer,228.0
b316bc5e17977e45daeede53257820d8,informatica_acessorios,228.0
ab6894479165254fa26f0fbb31c53ce4,cama_mesa_banho,228.0
972c34115d851ba523bc16ec0ab2b098,beleza_saude,228.0
87e6cf7eb3e4996b725323a1d704fb8b,cool_stuff,228.0
72b1dd0754a71db3f7b7dd8f776cd84a,perfumaria,228.0
66a9f2ae5f95525f72f964819b0ea84c,relogios_presentes,228.0
3d4e6c456d3ec15021dd8b42b9ce7ffc,esporte_lazer,228.0
2eb3c639a21ca3eeabf2ec13bf7bc46d,cama_mesa_banho,228.0
0c002598a0876501a172ffcea9496008,cama_mesa_banho,228.0
09690382191f134e947200ccfe32f7c0,relogios_presentes,228.0
e47eff9f97c9536c9f768f86e13252f6,,227.88
d322eb25f02924adba73e58dbc36b29c,relogios_presentes,227.84
55403fdc84a027ae6565b360af50e1ee,perfumaria,227.73
3758055ab2434bd36ac78e00b15b5cf6,beleza_saude,227.49
56d7faef0f7d847eea91b3302698bcc4,cama_mesa_banho,227.4
21b1c2f67a9aafb5af0eb06c13b9dbda,esporte_lazer,227.4
549356446db225e7f67b22ceaf66d159,climatizacao,227.3
1b9c9c11fdac157197ea45527ffabae2,esporte_lazer,227.23
3cb883c745ef0016bbfc89e032b5a853,beleza_saude,227.17
d6dc2dcbb3ef25e47ef82f3c013ab820,casa_construcao,227.1
dd927d4f29ebb0702657ffc71c17c2d4,moveis_decoracao,227.07
fc5428e8e3dbc80bf96f681ed2e95026,perfumaria,227.0
db297075296bd5cfd0aebe008781a46b,esporte_lazer,227.0
afc3541eb2b7d457d08b0b8f4526b350,cama_mesa_banho,227.0
7fe2ac55c3a8e1eb6cffdec46c37ef20,esporte_lazer,227.0
216414cd4aad908188257071249e0cc3,cama_mesa_banho,227.0
b07c5f16cf1691a1b4b959a974929c9d,moveis_decoracao,226.97
0708f901aa249af77d79c3d14328b3fd,moveis_decoracao,226.97
e6ebef1aa6feb022f534f7c73de98b01,construcao_ferramentas_construcao,226.9
06fe3302412088c32997cf915fced4da,beleza_saude,226.9
90c9742c178ef9389b82fcb1bd9ae2b6,beleza_saude,226.88
a5dfd9bdc6f4462aea09d20a26904f1b,moveis_decoracao,226.77
6961fec72a8f56ba5eff6d01b51f4d39,moveis_decoracao,226.77
4fb209073dc2ab6a6d3c259a7c285501,moveis_decoracao,226.77
4444290d1f0ec9579d5b21dc589251c0,automotivo,226.6
140820b3618107caaee76c5433aa4a95,brinquedos,226.5
eb31436580a610f202c859463d8c7415,construcao_ferramentas_seguranca,226.18
af16be44d0fa73e0411e0cab2f4a637b,construcao_ferramentas_seguranca,226.18
b9142260cefbbd5688748061179bb7fe,cama_mesa_banho,226.0
9effb20dca634f869835e52c4d9b619b,relogios_presentes,226.0
381a0b846affd6aa7e80a863bcda52b7,papelaria,226.0
dd5a5e7b2b76089d6415070e8d6d5456,utilidades_domesticas,225.99
9095cc132e4b4b51fc6c86fd7ba352b1,moveis_decoracao,225.99
4d176a016a49d75b92aab5ebf0373d66,automotivo,225.99
cb2fde4bf22091cf7f7fb9c1944f45bf,informatica_acessorios,225.91
c88eaf4f6701e48546ea2e580ef76c62,artigos_de_natal,225.9
365ddcacd1174891f2b0b6820a7a4fae,moveis_cozinha_area_de_servico_jantar_e_jardim,225.9
181f62ad3d1d8b78fa2695f30613b444,beleza_saude,225.9
f2844deda444d0208297c6d614d1493f,eletrodomesticos,225.75
047b85649c33e9cbf34b2ccf8d41d622,papelaria,225.67
568c923625669145cc9a644856fccd14,fashion_bolsas_e_acessorios,225.61
7859f528174ebd0467278f357d67833e,esporte_lazer,225.5
2ae49b2b174231324f42d783f93d0edc,relogios_presentes,225.38
d2a6a1234a2a54138b50cfea40992d78,relogios_presentes,225.0
d0ebd9098ec2b2b0c93cc1dfdb4865cf,casa_construcao,225.0
c7f24eedab65851cf5b6c25a10816ea0,utilidades_domesticas,225.0
8f182b62914de7e1eac12f09b125e9a6,casa_construcao,225.0
8032bb148ff355a9d402573fbd6c4b89,fashion_bolsas_e_acessorios,225.0
795ed92f8a2263bd778b90a008ee32fc,fashion_esporte,225.0
5875399e51bcc0cee61e4a28b648b786,bebes,225.0
52f7bc73b7afc86c2b4a318c19671e2e,moveis_decoracao,225.0
51d4c5626abb1963d3cba78871cce415,cool_stuff,225.0
4d94f51353a058d28468a03ebe1aae33,brinquedos,225.0
462c87a3fc71bedec932e8fbadf1a9d5,livros_interesse_geral,225.0
3aaf169c291f3a9e57cae0428e82e545,ferramentas_jardim,225.0
d442547d29ffa7f96220b65fac2d8db3,informatica_acessorios,224.99
5d978726f875efd5fc81fcd39174d18c,esporte_lazer,224.99
14e95770921ccb6caef2e6134c182d78,cool_stuff,224.99
b12ba6fb4716c6732dc00c5f84466dc8,utilidades_domesticas,224.9
9c4a4597e2a9508d9e9f329fb27650b8,relogios_presentes,224.9
9823e38ee143a67b94ca6c264e2c91e6,papelaria,224.9
94dfe961f86c1f33e5387b6c59201fc7,ferramentas_jardim,224.9
8acd8ece7ba9e8888891b824289509e4,esporte_lazer,224.9
7c7588d9c0e7596f400f129e8bfecb03,esporte_lazer,224.9
7353d65237c6a5d28f5781889cc58fee,moveis_decoracao,224.9
46ecee6884bec6bffc7e5cea0ef7aecb,casa_construcao,224.9
3e224d87f9ed6e9ac1b36889371dfe49,moveis_decoracao,224.9
33ca6f53f303d370a64975dc0e2c86e9,brinquedos,224.89
73f904226d62f004bbd49c022e686999,perfumaria,224.5
078482c5821678267aeb55b8edcdcb29,market_place,224.16
c3b74fec36efec92f2c1b2d46c8cb316,perfumaria,224.0
728c17e07a160fed8b31f419de75f2c4,casa_conforto,224.0
0f0d29cc7928e6e5d01afaa32e77c1e0,utilidades_domesticas,224.0
b77ae16cc8f67cd1c0ec781d5bf4da2b,cool_stuff,223.99
7d88ffedac5a08939ab9b5fbbc6b61ba,bebes,223.99
d435c3fa55cfd37fa04032168ed59cf8,eletrodomesticos_2,223.9
c3f8ee7e05c01c61ab863e336b0f2e5e,informatica_acessorios,223.9
5bfcd193eb29c1c8332e2d4ca804d54f,consoles_games,223.9
3a4db42aea95097b7a616b36f21d143f,papelaria,223.83
9defbbbbd3c270b0c41dfcbf70582147,artigos_de_natal,223.67
f1ca789b4694dd683c4cb0c2ed74768e,consoles_games,223.64
e6d3e381889aa6e9d222ad50cb30ac43,relogios_presentes,223.57
d221b0b65668b701135753c952b7a5f5,eletrodomesticos_2,223.45
a46875fb5b8d19ac3cff18deb9bae57e,informatica_acessorios,223.41
c8f47078677998140708abd3c0aa15ec,cool_stuff,223.32
2267f81f3634e3fdd5d27151ddad3c26,cool_stuff,223.27
b5adf7b72a7eb667aafd446581c35f3f,relogios_presentes,223.22
43e09fcb6175856e87a4d9b91321addb,brinquedos,223.07
d9c32c8680c2426cade754f10d61e5d8,relogios_presentes,223.0
52e8598530d1015c00613dbb14c307f8,bebidas,223.0
3efd399c5d016b9e6a5ad3196eade44f,bebes,223.0
33506b5bbfffb69d787a9ecaa1222a5a,informatica_acessorios,222.98
888c130b9cddd7f400c25e1cecdf6b19,perfumaria,222.97
1a1d458cb32036ef1bfdc7896e3a63ce,automotivo,222.9
658bcede7062d5688cfc91d0e81f570e,automotivo,222.7
6ae38d49db7fc65ad1779828542aecba,ferramentas_jardim,222.57
4148d4f36653927e8641a9d6afbfc5e2,cool_stuff,222.57
2604055d4992311bc72b115b6d5adda9,esporte_lazer,222.53
62dbbad1385feb9b27edf72b31bc46e1,esporte_lazer,222.5
bfa0e398bef2d28bb421d42997982cab,,222.49
6ff2272628904adc50a60b0d755e9526,relogios_presentes,222.4
13c68a908e3ec61b48544be41a74e8cd,,222.3
1d6c23a5f953103a8870695fab4db4a9,relogios_presentes,222.0
003a31970fea14fffe92ac856b8a9b97,casa_construcao,222.0
e3c46f9bda3b7060a8d3b9515bffc639,perfumaria,221.99
bc7cf3d66f149d2e85e57f93106201f9,cama_mesa_banho,221.99
18f97605e88c76affcbfa78ba4e52293,bebes,221.99
93d2aa0c31c4bdfe9d71ae5b1df30287,informatica_acessorios,221.91
fb19ac22e32dfecea21afbdde4b97b5f,telefonia,221.82
1a77eed8713a452e3cbcb548cccdb96a,construcao_ferramentas_construcao,221.6
b944a925e8a27be5de9850445766deb1,relogios_presentes,221.59
7c197490eb450e4ef0453e2ac0af9f30,informatica_acessorios,221.5
c703016c346bcd06bfe444465d3998ed,ferramentas_jardim,221.0
f6129fe69e08f8a94a3ab1e72d9394b6,beleza_saude,220.99
7adaa0b5d993f7bb16b13d385d131929,automotivo,220.98
1e8d46e0cdc62c1ffa69cc04a6f2660f,beleza_saude,220.81
a75b732b129c2fe3d8e371dd8333cd00,moveis_cozinha_area_de_servico_jantar_e_jardim,220.79
3e44b19563ef5a25f4b7e0fdfc3657c3,brinquedos,220.74
6d377b5a340a90e525d388010b3062cc,fashion_calcados,220.7
ff4c1a248a5110d784de5c67a9106d67,pet_shop,220.63
eba7488e1c67729f045ab43fac426f2e,perfumaria,220.36
bc74f63361c15c1a5baa5b97ac432e62,beleza_saude,220.31
917e3505d83fe52297f80ea916b42ed0,moveis_decoracao,220.13
c777b9591e90c49e0745efb1051789ca,esporte_lazer,220.02
f41b320ee2aceb9f8aed915e294e6b4c,relogios_presentes,220.0
dd66beca916c169c2a77e40ae2858623,cama_mesa_banho,220.0
db886bd83f6a076a2caeb7fd02722c35,informatica_acessorios,220.0
cc31a2f3eb3df109e2e7dba6b15da5d5,eletrodomesticos_2,220.0
c5e19a898511a0e8b60bd98fbc1d72eb,eletroportateis,220.0
c4036b07aeb315973d843c5bb1fc267f,beleza_saude,220.0
bac454a7993cf166c5bcfddba6462a02,utilidades_domesticas,220.0
b39f078aea47425a6a27417828a011a2,telefonia,220.0
9806189f9cb679bcd5326b460c2b9073,portateis_casa_forno_e_cafe,220.0
8b5551fceac21ae3ba546f410bb642d0,casa_conforto,220.0
8268f227748ea57889478c74ca12d151,cama_mesa_banho,220.0
75dffc4de999c1c28630b084e58beee4,automotivo,220.0
703be52823d96209cb055709ac70e5a6,relogios_presentes,220.0
6e9d34c0cf438c5a29a9a0232ffe54b6,beleza_saude,220.0
629397d35e30e4a0b7d3da8bf69be7ca,ferramentas_jardim,220.0
615cdd12d2db03b570f68c5ac19ab026,eletrodomesticos,220.0
5fb3ff04cc8ff9f140b028d867a6b0f4,musica,220.0
573aa554222fd2492482fd6b91c7aa3c,automotivo,220.0
54f4b6d719759dc811ee18cc95104ed2,cama_mesa_banho,220.0
33bdebc0eb4a1862d1c9a9c4dc9d3010,moveis_cozinha_area_de_servico_jantar_e_jardim,220.0
2f8074adf7fe41641ddf0df320e6a7bb,esporte_lazer,220.0
2848023ffcfb063bb7aa0d0c447bd116,musica,220.0
281886d5650643134700ec611ac33532,esporte_lazer,220.0
26459570e7be02e4861603614f8043c3,utilidades_domesticas,220.0
2328b70112728ace35ac8d11bf4d90f6,automotivo,220.0
ff3ec972ebd16eb98d55e8ea2fa255ee,esporte_lazer,219.99
fcffe8b68efdfe24c139e44753dc505e,cool_stuff,219.99
e0fb7b66c3ac0b1e5b49a218a065e816,perfumaria,219.99
daa3da30305b9336cef3c41816ff74a8,automotivo,219.99
c1848f7c08dcca8335a8e18f2d3f0ff7,automotivo,219.99
bf59082c832c1a67b92ee5ca73971f4e,utilidades_domesticas,219.99
7833fb4b2feb3e20e17156f38f042182,bebes,219.99
664fa109c2fdc2f1c8f1ec2b6863fe5c,brinquedos,219.99
57c8519e414546bcd4311294c2eb4d85,moveis_escritorio,219.99
4f94048af0c7f18f55a5ea8d09d88ef3,cool_stuff,219.99
4aab09f985ad828b2733c0c0defc7911,cool_stuff,219.99
4a16a14bc51cda6c35221b3beb01c037,esporte_lazer,219.99
3d48b2b7a184718911dca52c955055e3,informatica_acessorios,219.99
393ea9b030c3a8f7c14958a0b13dfc46,cool_stuff,219.99
3385a47f5a1309eb44c03904a027faf2,cool_stuff,219.99
216fc7d2fe90eccd658f30cab5bafa83,brinquedos,219.99
1cb4e06ac5f21ccde771561d17ec0afb,cama_mesa_banho,219.99
19de58ea609a59ce31f93672af50c09a,casa_conforto_2,219.99
0f80705139ce16ea35bb489987399b55,brinquedos,219.99
01593b27eef404f592e6a3f1174493bf,cool_stuff,219.99
b835d69ca6a226be6960b90d5b477bf2,moveis_escritorio,219.98
7aa95fc2760624a5770b5ae65a429605,moveis_escritorio,219.98
101c51628f18e013a1b2900a8f275fd2,moveis_escritorio,219.98
0cc96a3f64ff4585c941ab9aaf043f18,moveis_escritorio,219.98
26ec5d5716487af6ccbe85d4e01bc7f0,utilidades_domesticas,219.97
f849624adffb78b4cd40066ecf73aaeb,,219.9
f72ddd64b808244cb34e9e02e9bd92fb,automotivo,219.9
eede3ead395a8bdfb3ca7cbf6e0cb421,construcao_ferramentas_iluminacao,219.9
e8fd6f481db77b847e7ab93fa1510e7e,eletroportateis,219.9
e22a9f25f31fca1777a128c2655bbdda,cama_mesa_banho,219.9
dff088846d1141979916ce5c7a4c1d52,utilidades_domesticas,219.9
dac2266808127da6f3226f7502ac00b3,cama_mesa_banho,219.9
d7a0d43b22866d7a8c1c22532daff378,cama_mesa_banho,219.9
d59c0d70d5a3ca1414b6798c7d939d30,relogios_presentes,219.9
d3f90867737a01e4df1ff8879e235a9a,utilidades_domesticas,219.9
ce795d93828b601d26e3188a77eeaf0e,moveis_decoracao,219.9
ca8eff1e1ee4eddf87ed932497c40c0a,casa_construcao,219.9
c397f1164e9f4e6e47328af65a5e485c,automotivo,219.9
c2f914f366f5fd371453590b140e929d,beleza_saude,219.9
be70253973dbb353054c814633a5d4e4,relogios_presentes,219.9
bbc74a748306b105fb908c780551457a,instrumentos_musicais,219.9
bb192bc461e65d645d26fa3a97866f2f,moveis_escritorio,219.9
b91a91c07533369ef426985f93170068,cama_mesa_banho,219.9
b0456bed910862a9189f7db732e7a2ff,beleza_saude,219.9
afa29d87f14911e7ddf199438b208e37,moveis_escritorio,219.9
acc4fbb4362b73447d673cb3a4da716c,fashion_bolsas_e_acessorios,219.9
a96a0642a479ed47a0ee2cf1da54d08f,moveis_escritorio,219.9
a7d454bed93698b6ddb23f865e69f111,moveis_escritorio,219.9
a48138f7de6ebfed36f91a440fcadb64,esporte_lazer,219.9
a290d14df28cfebaa8e74935525de682,relogios_presentes,219.9
9f7b1850ae0063307163fd32f6d543f8,esporte_lazer,219.9
9ecfbbfd26a92d596e5f4f7dfead98e3,cama_mesa_banho,219.9
9e91c1a0603362cd90caa2e9f6580bb7,eletroportateis,219.9
9e8a8f0d5433b6dd46b98108d9ea27f0,relogios_presentes,219.9
9bde344a67494559d37249506076d638,papelaria,219.9
965ed8ce606fae58ee076e77023d9a0b,relogios_presentes,219.9
94147506059b815e058b7ffeb6b671b9,beleza_saude,219.9
9393358ebcb4f182f4e42d0c3b863cea,bebes,219.9
927ee5ecddd59672ed4e40f96df68238,eletroportateis,219.9
927ab43b52f8e2af38e2ab92fdd25637,automotivo,219.9
80a28a92c0530e6838d3f35cae419d34,pet_shop,219.9
78e4f0bfb0f64274be5b054164c602ed,beleza_saude,219.9
6e1c2008dea1929b9b6c27fa01381e90,moveis_decoracao,219.9
6b1b29dd58c0342e04f9063e070bd6ac,cool_stuff,219.9
667b61f3396804596ee56677af687d3c,utilidades_domesticas,219.9
5c2696e18040dd69ca61f8f7c4207114,cama_mesa_banho,219.9
5a74bb05d1381c7cee14babac7161cf8,perfumaria,219.9
566d57dc88c7ca3fb90725bef1498b51,perfumaria,219.9
55552e80f046fafe13e130e6a07745e2,esporte_lazer,219.9
5059d375bec8f42bb1638f120d5a1e55,informatica_acessorios,219.9
4cbccd77b25ad10677a460380987eaf3,moveis_escritorio,219.9
4621f88827b983332c2a833d49c2ae35,malas_acessorios,219.9
39af958c865cffb372490d50c207d776,cama_mesa_banho,219.9
2ca60755e8412ac0269bc8f7ee7994e9,brinquedos,219.9
292339442aafc77526bf025a199db898,cama_mesa_banho,219.9
262747acee8ddfe7752c076b899c323f,bebes,219.9
240735529a8d46a6878d8c99fc648867,esporte_lazer,219.9
2368785994f057897f1ae269bb9743ef,brinquedos,219.9
22f799df8d5495f40f6ed3cc8b18b712,utilidades_domesticas,219.9
1e96e085361f3bf21a06c876982b64f2,consoles_games,219.9
12d03720e39cc210547b854d2132c2e3,papelaria,219.9
10d13c18c631962fdc16cf4bbe67c730,esporte_lazer,219.9
0ec09d10ef472b982d230612dbd5bd16,cama_mesa_banho,219.9
0c3305267c17b542aecbc2385f5f0794,perfumaria,219.9
0bf49628a5637192ddbad12be4c921ee,papelaria,219.9
0a27be3536127164b11173c57f14a2da,perfumaria,219.9
09b72772aef83d207e149857fc22dbd3,papelaria,219.9
0992e0d1ee0fefb9a73e3b1bb829f396,cama_mesa_banho,219.9
06de2a2e4731091ff794ab6240951b7d,cama_mesa_banho,219.9
06cef71c232a9f86d77f004878df253c,beleza_saude,219.9
06398d4e8885390c99322d5e4aedcc16,moveis_escritorio,219.9
05431e0dd637e910dd67d7ad823e8437,moveis_escritorio,219.9
cfd6c873a8d86ecd3a2cc3b96fc63729,bebes,219.89
0e2d52789a024cfd6f9204778320a8e5,moveis_quarto,219.75
d63cafc542dd1b06a7c0965231ff940e,relogios_presentes,219.54
26fc231be6849fcec97af7afec0bb083,relogios_presentes,219.54
f3ea2d1b49592d576d19a27fc400392a,beleza_saude,219.49
72ba1b1e37ca92467fe787728625c76a,utilidades_domesticas,219.3
404a57563d487aecbc2b1a01d9b89aab,cama_mesa_banho,219.26
4d7bb00ae05b63575484f113503baf21,casa_construcao,219.22
fb92dc4602bd9224e0e267496748afc5,relogios_presentes,219.0
fb1e2262cc73f7ab23c5dc5cf8d78693,malas_acessorios,219.0
f5631d616c09c9460e248cb5d27909b0,utilidades_domesticas,219.0
f18b93fa1044028aa85eb5a0b3ac236a,moveis_decoracao,219.0
f11c4213fbb2d511dc25037a3c31117b,bebes,219.0
e74c906e50417096a9c1fb2c5860b010,utilidades_domesticas,219.0
e3db46616e0d26551a86377bab9b0308,perfumaria,219.0
e2a0cbe7edb791b26eb99b535e8ab0e0,construcao_ferramentas_ferramentas,219.0
e116f9f26f694ce10fec2f4e93fce4f6,malas_acessorios,219.0
db10315b99cdff7ca831c2a44ed5b601,casa_conforto,219.0
d87ee5661dc46c5bc7bc19780f6f8360,instrumentos_musicais,219.0
c91906227d5fd5c07a47510e1651e46c,bebes,219.0
c8fe6d20891a028383071e2e0902bd05,relogios_presentes,219.0
c2f7953b36a941befe89795854fa2c48,esporte_lazer,219.0
bffaf1f457823d803fd2df7bacfe08dc,automotivo,219.0
a8626e1c9d4273aa4bb5065747148d30,construcao_ferramentas_construcao,219.0
96bcd2d5266412b1a43593fe5b904536,ferramentas_jardim,219.0
95d7eeaab4bd14c7ea4b2b95e415d8e0,esporte_lazer,219.0
7e600046d3d96275f37f05d94b8c7821,relogios_presentes,219.0
7295743cfc88049c951d73b337225d01,market_place,219.0
69d980b4120a76616d7b237d731d6156,relogios_presentes,219.0
6727051471a0fc4a0e7737b57bff2549,pc_gamer,219.0
6668e2c5a29f47a016858f28a3673e4a,cama_mesa_banho,219.0
652b078a8a6450ae6bf0823f150c7ede,esporte_lazer,219.0
63bf9538f62d875db59d948ceaa80bbf,esporte_lazer,219.0
618c65cb5359281b2c830b9f3f2e1f36,alimentos,219.0
6030758c474a231c434e17cfa97f951b,automotivo,219.0
5def61e8757e0dd68a807be19a120516,casa_conforto,219.0
5379d3a11f5e58c31f2de3ea3330777b,relogios_presentes,219.0
4ecb94d07e0dc53677b5227fea02cd5b,construcao_ferramentas_construcao,219.0
421890faa615c929339e62ace8ef69c7,construcao_ferramentas_construcao,219.0
40c6bf0ca8c0c5dfe779fd8c08a1f326,casa_conforto,219.0
3a9c4070ee3d8325be46ec77b483c6e7,bebes,219.0
31f818fab5ba17c1c2f9b25b33630145,relogios_presentes,219.0
30f07d8c84ca80de0248a40587de7d32,artigos_de_festas,219.0
2ce3fdcd111447e6190399ff4b7eb499,relogios_presentes,219.0
223d59a37896c34a98384dcbaefc322c,casa_conforto,219.0
0606451146029c2f85c958b9cce49735,relogios_presentes,219.0
05890763390aff71105dd223c0b9b225,esporte_lazer,219.0
7d9269aa5c0aedb407d9be64512722be,bebes,218.99
0b035ff3ab8827ae8c56022c16712e9c,relogios_presentes,218.99
d9ea8b9304d5ce0662a97af9337ee871,bebidas,218.9
c56bf3984c2d59f53233c4bd82e8a5d1,moveis_decoracao,218.9
32e390b4e48d09326cac6e93679160aa,brinquedos,218.9
0b2ffdc19b87d97231a1bbd7bb979013,relogios_presentes,218.9
3fadfe202fc3ad333cdd51870f1ddb03,utilidades_domesticas,218.67
95320d70592f898880af9c3d5394728c,cama_mesa_banho,218.6
68e1b58c49059e266502773ceb45c249,informatica_acessorios,218.2
1978f38f6cbdcaf326ecbb4732f9f748,informatica_acessorios,218.16
bf2748a809c70af53394e915c95c9963,cama_mesa_banho,218.0
b0ff378136f25567d2913b3bf7fd7ea1,esporte_lazer,218.0
116a8f521211c179741c051816f2b898,cama_mesa_banho,218.0
0bcea5a4f4ff3bac5da77d1563e846d0,automotivo,218.0
eea1d0033f3735c72d0501fdc2be0437,moveis_escritorio,217.99
cdb2152dbfd2aba4877dec3532c819e7,cine_foto,217.99
92c1eb75a887a500d9689fbad65e27e3,moveis_escritorio,217.98
cef9d587c2c31442c9b95eef617db1f4,telefonia,217.91
b811b7a802d2bc88a918a9b785a6c18a,informatica_acessorios,217.9
7c88ed4fc8c3ae3a1e08a074cbfc9a88,beleza_saude,217.9
49d05515656ae5bacab920395f834244,informatica_acessorios,217.9
482c25dc8512547962854dfff5ac057b,casa_construcao,217.85
97fd40ea17a0e785880ce09373b2900a,moveis_decoracao,217.8
d6def90f2db6db438426d0434ba7c190,esporte_lazer,217.56
8ba0118a487ec8671aed57e5ef846574,papelaria,217.54
f32941d7c00c56b8d7a3723c8ebb4be5,esporte_lazer,217.45
30e010e9df8943899f267097d49b5c1a,beleza_saude,217.45
06ae026e430189633c2fbd0288c86257,relogios_presentes,217.36
b72569983090c8bcd75fe577f5be5934,eletrodomesticos,217.35
08462528607b71ea62cbc019d91b001e,beleza_saude,217.35
81a5a7c8d9fea70f51d08af7a874e950,informatica_acessorios,217.34
d79269e0532dd1d04403600e14565046,cama_mesa_banho,217.32
5e5528de114de0ff35f89b2d9f493c7c,esporte_lazer,217.0
389c9ee4cb69aba5aad6e8087a4982b1,esporte_lazer,217.0
165deaf73f29fe5f4e6c607b40d93d26,bebes,216.99
290fe6a59ac3768d3e263654cf43a3ef,casa_construcao,216.9
9e3cd8c8eaad7f37cfcb439d309ec905,pet_shop,216.79
059dce566827cd3b3274f2b986d5c0db,ferramentas_jardim,216.76
c22eb1f87996d0da0b60271a9806cd59,utilidades_domesticas,216.66
07133eebda0768a2ad3d68ef4d95b597,brinquedos,216.5
ffa4027b0effa4df0d5f5a9ce2788b6d,cool_stuff,216.17
fd40f3ef9c7fb9c550619a88af47a5de,sinalizacao_e_seguranca,216.0
5496a07083e7727282eb3d1c97d5c054,cama_mesa_banho,216.0
546c7560260f60e3e086d0d106ced4e5,sinalizacao_e_seguranca,216.0
4bef81d2cb50510aad6c671195a82151,relogios_presentes,216.0
14887e028cbb3d23280fe0aedf6631a3,moveis_decoracao,216.0
c10524227a6e64172e6eddcc91279aab,esporte_lazer,215.99
b6ae63c5f2b226331d069831d5b1f570,cool_stuff,215.9
b40bd352960044e281fa405937aac605,relogios_presentes,215.9
062364f1fb1943481de879618fc37cdb,beleza_saude,215.9
992197904e1d4f0bf3994652373188e4,alimentos_bebidas,215.56
671446e8e3aa3df1eca47b6c354a2921,,215.55
8b4fce794ecf29ba27991bca325c5e2b,informatica_acessorios,215.5
633610a66bd9c0ecd11d46bf42c4ea80,automotivo,215.15
f72c56e46adf2ef4cf84a708f8644f89,moveis_sala,215.0
ced8603db04f6be58509e9019dee29fd,informatica_acessorios,215.0
bffd0cca190f7b0acd504ac212996f4d,moveis_decoracao,215.0
a2a4579215fcf47abf5d55f7b2cc3d1b,esporte_lazer,215.0
6cd94c0fee122c8f6733f6de2bdbab97,automotivo,215.0
6bbec39677851d73c72b2e8f256f34ad,automotivo,215.0
6b445dc3a4183f17e1a90307edbf0b1e,cama_mesa_banho,215.0
669998ba8fa6ff5fe25cd38c8f77b368,esporte_lazer,215.0
60aee8f4bd3599ab0fcd1dcf285c9852,relogios_presentes,215.0
3b423ed68870672cbc6aabeb1dbbc074,perfumaria,215.0
33ac1956f1f647da03cb796870feddfe,utilidades_domesticas,215.0
24aaea2bb541cc5d78141f2bc053cd37,relogios_presentes,215.0
0b8750fa58fefe42cf03a9e2e4b8fce6,relogios_presentes,215.0
711032db75fae9c76c17020aa359a99d,telefonia,214.99
92d5ae8e42c4599266f210bf0469ae9b,relogios_presentes,214.95
f0fd2799d9eb02ccb6efa890519a6c4d,moveis_decoracao,214.9
e68e475e0e1fa8744c2aef0f9864d679,papelaria,214.9
cb9cc307a215ac435ec87b0f799e8dab,ferramentas_jardim,214.9
4afc77312aa956b54d72a22c7170157e,consoles_games,214.9
3ece0f08943c87ee3e0f6bfb045250f3,utilidades_domesticas,214.9
206ee9f28d05f04f891e3cef4b220dd1,portateis_casa_forno_e_cafe,214.9
b5c9804aab5c4cfd555ebfbc609de43d,esporte_lazer,214.66
adb4c0f91ab4eb667fed71c378a54fef,informatica_acessorios,214.6
9d4ba0f6da482eab474c47de79c2afcc,informatica_acessorios,214.5
332f784cac57e18f1194e8156ad5bd9d,beleza_saude,214.5
5cde85235c4ae7747e9b48de95178a14,informatica_acessorios,214.49
1556a0ea84fd60589afa0d9618c47505,beleza_saude,214.49
c88cad677da134defff6855386125e28,automotivo,214.0
7fa79f73326e6b9b13b79f60a435d4a5,esporte_lazer,214.0
59617a7c706291d0b7df5b380aa3e583,cool_stuff,214.0
55aec8e90307dc2a7233549837c12299,utilidades_domesticas,214.0
18290697e1929309b3195d2931c91b09,automotivo,214.0
23a0496bb472d6854617a7cc173ff21e,cool_stuff,213.99
ee54bc9ad38ada9c4692f91362601c9e,construcao_ferramentas_seguranca,213.9
4b5e26931a0b0d3a690a3f520329a975,esporte_lazer,213.89
a6f2ba5bb6d6d36ac92ed1faf4d123f2,beleza_saude,213.83
d359ac1975cd09111b28c63352a88e18,informatica_acessorios,213.75
08a7edee09bde7cfc9504bc369e64cb1,beleza_saude,213.65
0226c9207aea0b16076a27ca65cb4929,perfumaria,213.5
159ea658243f5e5c4a18fa69d80adc16,informatica_acessorios,213.33
b80910977a37536adeddd63663f916ad,eletrodomesticos_2,213.32
b95ce147ff20af1909bd69a2901e39b2,beleza_saude,213.29
1fb2c1a0d7f863e0644077cb5d8f80df,moveis_escritorio,213.23
3f994ee4a0b20760d1b173aa65037c95,cool_stuff,213.07
7a10781637204d8d10485c71a6108a2e,relogios_presentes,213.06
4a85b07765a341b846c963da0381db96,beleza_saude,213.0
9bd556e1c4a7917679b89ec2075e9cba,utilidades_domesticas,212.99
ec03b7c4f40b96139d2ce2ef0b798284,cama_mesa_banho,212.5
55782ee5db5083e1e3bb2dbb054fdf49,cool_stuff,212.5
88f723b1cc87199862c31b071276b0f5,informatica_acessorios,212.49
ddceb6eef6af67e9fbbd4c148dbe5fd9,cool_stuff,212.4
5008f57a319af1670091cd1d64656910,cool_stuff,212.4
06ad93d66e91d09df5ce746906d9658b,cama_mesa_banho,212.4
823193e4168a61989f856c9bea47060d,moveis_decoracao,212.33
9da950e8c8c482441f1b93955b21c827,cool_stuff,212.3
ea4f6504cf603bc9b3233999c4ba4ff8,beleza_saude,212.15
8f79239910bb0bf15488ef9abd9e6593,cool_stuff,212.0
2f282449dadb2e59ff2afcde0bd9f393,,212.0
0e87ff05afa3ddd73b7920ff4587e0a4,cool_stuff,212.0
3de88091a3ed3699a8e32f77898c6368,moveis_escritorio,211.9
ef9ae4fb9a9005e8e463cc2616084276,esporte_lazer,211.88
4ae6bbbe40edd8689f356e7d822c6dd3,cool_stuff,211.75
2cd21984c5d25eacc22b5b6d9e6396e3,relogios_presentes,211.72
3ae3ff1822dea42b242b5902e605c1bd,cama_mesa_banho,211.67
4e0afd86a9a0dc22b20d920808613b19,brinquedos,211.4
32bb152336c896d906a6344cdbe1993c,moveis_decoracao,211.25
d011223de539cd224b5c5c8082313d46,moveis_decoracao,211.2
7b94353bef4c3e78ed02f8cdf33d407d,beleza_saude,211.0
f9417fcaab540423270d3f693b9944c2,sinalizacao_e_seguranca,210.99
b8b743faa0c9c15594a70b1bc2e78d8e,beleza_saude,210.9
613221d716be89edd3bb436c8060cd05,moveis_escritorio,210.9
310fb273d383efab30a7599552f3bfe8,moveis_escritorio,210.9
8814548104f71bb92ca911ffbe3fcfca,instrumentos_musicais,210.82
9cfb95272c4cd1e98619d3bdea888a7c,cool_stuff,210.7
37d0fe92df113ffff0dd68d39a6e05b7,utilidades_domesticas,210.66
f65464750198350b78735037a9b35dd2,cama_mesa_banho,210.0
e96bb423a08a118a05936e98e8278034,eletronicos,210.0
e10793be4658322d3d7e4c9910199f93,instrumentos_musicais,210.0
dbda643f8da1758793ef0dab19c18688,moveis_decoracao,210.0
d19c5ff1a4d4e8b0558536d57cf43cf7,construcao_ferramentas_ferramentas,210.0
cfaace0475fb31c60cb29ff8abd131fe,moveis_decoracao,210.0
ced26c2a308260f9e9e34004ed509901,brinquedos,210.0
c8aa3a6754ab1ad362858eca26f58c8b,cama_mesa_banho,210.0
c81cd71a00c2928c93e3f91cabd99582,esporte_lazer,210.0
c53d00b085ccb1d5efc1dd36c755e736,casa_construcao,210.0
a58d73d571793d350bfd31a624416f2d,cama_mesa_banho,210.0
a4275459104a31ba114508b8709860d1,automotivo,210.0
a3b68fbd8f68d8fdff1dd36cf1336b6b,utilidades_domesticas,210.0
97c2f81082289198f18c18dd5d936971,cama_mesa_banho,210.0
946b20e2799c73ad1f8f95440f723ce4,cama_mesa_banho,210.0
92cba5857ead78ea248ac2f9ada31594,automotivo,210.0
832755a0ea738bb04907c1558ef43e40,ferramentas_jardim,210.0
7977b70dccf5fb91ef5787ea38c36c45,cool_stuff,210.0
76f3a48853690a1aacb7c3adc9831ccc,esporte_lazer,210.0
741f691f78a534cefbddcc7887f1c3d1,casa_construcao,210.0
7242835dfa9321bbbc31ce5f605603d8,esporte_lazer,210.0
6b3e612bee768d758d981f0d7992e07e,perfumaria,210.0
62e4ff589b6e84c797971a89d7e55eea,utilidades_domesticas,210.0
576787fafc333d1cc0ed0be68a39d001,esporte_lazer,210.0
546ec29050b44fb370bb27656052faae,utilidades_domesticas,210.0
4d687600c495f2049542171633cf1f77,cama_mesa_banho,210.0
39342c8e5e512bb1757779a3821a450f,cama_mesa_banho,210.0
31fa8a1e88207a7ca942495d88e590c2,beleza_saude,210.0
2ea6c18e8b58c184e41ce11fd5dddb4c,sinalizacao_e_seguranca,210.0
2480cf865df7d91234cf0ea77e8bd68c,brinquedos,210.0
17455fdde89549b744a53cffa8eb67f9,construcao_ferramentas_construcao,210.0
1201cfbb572a190305bbefabcec7e7eb,consoles_games,210.0
e7e0728e9e488b0a67ef4d95e98ee4c8,eletrodomesticos_2,209.99
e0061301a67d7a14f5f4871da66589a4,informatica_acessorios,209.99
c9996076c21558c4878c8d2fed12c45a,brinquedos,209.99
b0a8a49ada74c34192709d0c9490d915,pet_shop,209.99
a24198acc2d0e8240c40d914bd18df04,esporte_lazer,209.99
99e022fa8fd0641f13dea6d16ef46afc,moveis_quarto,209.99
8cf9973ba86ba4067dc5de39d247c47d,automotivo,209.99
8516ee98a593fbd30f6ab57f3d3477bd,moveis_escritorio,209.99
65d7a1724c5c7fd77ac36c80f241ba6a,automotivo,209.99
6004cefa8473b7ccbaf181bbf633541f,moveis_escritorio,209.99
4d882bfbe6d83c0671d5b2776d46c248,moveis_sala,209.99
3471ed8114d798dfbb0ed5f85349f695,cool_stuff,209.99
32f48d8080ba3d1d0cf00475f68cdb07,moveis_decoracao,209.99
2bcade3be09c837c06332d0aac506d23,esporte_lazer,209.99
15a581e2cae15fe40ac430f07dc6aa12,casa_construcao,209.99
a226729b96bbb6962f9f8fc6a14db590,moveis_escritorio,209.98
2d07cb5238b8e2ba12a4b2ac8b6f100a,moveis_escritorio,209.98
e24a34c90250672efcd6100a9c367b50,construcao_ferramentas_seguranca,209.96
2ffdf10e724b958c0f7ea69e97d32f64,relogios_presentes,209.93
ff37b24bee4345bc69d11fae0e6cd3da,moveis_escritorio,209.9
f908df99196805b5bc4ada9ef510b11b,esporte_lazer,209.9
efeaa7462b9fac16b6684016efd28fd2,pet_shop,209.9
e6fd836ffd3fc4276f6f3f2c7d8cfde0,construcao_ferramentas_construcao,209.9
cfba4923dc05bdeee56a049ae75d078a,cool_stuff,209.9
94ecc3aaf1c1a63135ba686ac00264c0,fashion_roupa_masculina,209.9
927b37c91523c5d12a6082746feadd09,informatica_acessorios,209.9
8e0aa05a387182c8ef3cd13b6131e60f,moveis_decoracao,209.9
7d6ff8668892b298e80202cbb7099272,telefonia,209.9
767fca648c29a96b61038a0768d31a42,automotivo,209.9
765c417cdc38443aaa558a0159a98591,malas_acessorios,209.9
72331bc45c5e8665ee12999363bc9186,brinquedos,209.9
72146711a2b027f714feab6d05476b25,utilidades_domesticas,209.9
6f6c5da6ce68f0b7150daee08677ca79,cama_mesa_banho,209.9
5b488b474a4f2519b7826390b1873a58,utilidades_domesticas,209.9
54c6e073a97ecff74a31e51d53c600ae,brinquedos,209.9
541ebe8c106e6b65e3861b679d455d4f,relogios_presentes,209.9
4652e11aee23d86203400f6094fbe8bf,automotivo,209.9
44c7b1d3b75cc4a14d4eba0f83f19e77,pet_shop,209.9
41d506be95a4196a805249d2a21d5a1d,informatica_acessorios,209.9
2b733cf37ff9af2258751a5a508d3e69,pet_shop,209.9
2b5c35cbb60bd98cf07a4cd51e95783e,climatizacao,209.9
1585769f68320ec146a93097b0a1ab18,esporte_lazer,209.9
13e65d9bd03f262702372ddb6b22e34b,informatica_acessorios,209.9
0d6a874a30783dcb6a96d4a245a8f6d2,esporte_lazer,209.9
0368744ea61d6163219e3bcbbbac3680,beleza_saude,209.89
7b951373f6045db69ff7a2e4d8c40071,relogios_presentes,209.86
449686d8083aaada627cbd307f0feed3,brinquedos,209.6
139a8ba50a931c4055ff072ef1817b06,relogios_presentes,209.56
ea3214a6eab15e1e4c9c21932e74b607,relogios_presentes,209.5
3e824028352cd013af85473283f832ce,beleza_saude,209.5
32808768776c3aa459e4a6e143644cd6,pet_shop,209.5
bdca5879b3afce0e138e71a68ad26d04,cama_mesa_banho,209.45
fdcd8c17805ad801a924cf11272a2834,esporte_lazer,209.4
fa3bc8d73fe3b0ec061190651433a417,esporte_lazer,209.0
f4135cbdece8245560f7be179533797a,eletronicos,209.0
f0737b524fe6b57f2ad4f174ce23a62c,esporte_lazer,209.0
ed5666106b8fb47b57c4b2c5f67a755b,informatica_acessorios,209.0
e0e2e29a516b06947e388d20aa7bf7a6,cama_mesa_banho,209.0
dbd5107cd9a31627000efe028e81a5aa,brinquedos,209.0
dac8681a7a366f747f42546e4922ad41,bebes,209.0
d2a78df414eaed74b1aba1bdb777673a,esporte_lazer,209.0
ce195678bb5445bf68a272e3aeb5bb69,esporte_lazer,209.0
c093ba6c37ca8fed7c9149c5b87cf405,relogios_presentes,209.0
be1e5f5f774bd9ff91582239f038600e,esporte_lazer,209.0
bac7424a0fcd4e9803853a39685555ec,relogios_presentes,209.0
b05d2b2b1c20296cf580164a3c6e173b,beleza_saude,209.0
ac59913424838af366eb7b8cd73a4bcc,utilidades_domesticas,209.0
95a7d5ca0408f97bdf54c821b173684b,ferramentas_jardim,209.0
8a5bdb0edeb5e2664a2f147198a52b9b,ferramentas_jardim,209.0
7e714054e1e6cae6dc91cff8ce0bb99f,relogios_presentes,209.0
75c859dbba6358947a27d204801125a6,eletrodomesticos,209.0
5cd974d57ad85f7d1dfa45acba5e2028,utilidades_domesticas,209.0
41fe836a60674d3d25645e3698651f6b,ferramentas_jardim,209.0
40940f4039980878d9798bcc63d8b11e,automotivo,209.0
3d2083882f7be28ab6c8d9c807e3026c,esporte_lazer,209.0
351358ab05b8025c4314bcf20f851701,esporte_lazer,209.0
2b4472df15512a2825ae86fd9ae79335,moveis_cozinha_area_de_servico_jantar_e_jardim,209.0
2a9f8018ff134855b170aaa51a5bfd77,eletronicos,209.0
126abb319a746b23254ef06ddf10181d,relogios_presentes,209.0
0ece029097324dceb8b637673ca7e519,informatica_acessorios,209.0
0ec26c826d2fb3863640b6a8cfdc42c1,pet_shop,209.0
8fc5538423eb3bd3c73721c7cafcadd7,eletrodomesticos,208.95
21e72a490cbe93ed7aa675d2b1ae105a,informatica_acessorios,208.95
b748ca0c5ca9a1def2099de76c53d68d,moveis_decoracao,208.9
0160785b697a5ea87d52949bd097ce05,malas_acessorios,208.9
00e62bcf9337ca4c5d5b4c5c8188f8d2,beleza_saude,208.69
fcdb929c70287379ce31deed3f733d72,cama_mesa_banho,208.65
d06466afa11453b6450b70992c90ece7,beleza_saude,208.46
41376d63d4c45fe6c7407e838a2befa3,brinquedos,208.25
d67212d63e76d57ee86cec463681f842,automotivo,208.1
d979289e78afc0a6bee40e1f9dabe520,casa_construcao,208.0
a0253d43394dd4da9a5d7b1f546f1a32,informatica_acessorios,208.0
90016d83b9e19d66e40e2c65ae5b31e2,eletrodomesticos,208.0
2be7c0f7dd57742c970f856ec64bc25e,informatica_acessorios,208.0
beeafa4f5701078b09aa0f517fdfe05e,informatica_acessorios,207.91
a1ea5e26e19ed2e16b30866fb40735a7,informatica_acessorios,207.91
eee02ac99af9217137a2ef5eaad20376,cool_stuff,207.9
d8cbd23e48a0683dba2f7a7b3e51110c,eletrodomesticos_2,207.9
9e9bcd34c15bc1bc1e9472a8e351b526,moveis_decoracao,207.9
12087840651e83b48206b82c213b76fd,esporte_lazer,207.89
243c2fed5e34044dff827373bd65e9b9,moveis_decoracao,207.83
ffc9caf33e2d1e9f44e3e06da19085f7,beleza_saude,207.77
70501750103046be6103489889ccb96e,ferramentas_jardim,207.5
dad27486af34282fef3bef995d0fda7b,cool_stuff,207.49
e70b02b0b99965f2ff4341de50a35c5d,moveis_decoracao,207.4
99a5870492a7bc363e2098a4bca9d49d,moveis_decoracao,207.33
cf55509ea8edaaac1d28fdb16e48fc22,instrumentos_musicais,207.25
7d6494080672e94faf8aaf1dbfaf6999,esporte_lazer,207.23
e11b7abd9eb82a586a144e97594bc05f,moveis_decoracao,207.06
a8064cfa6c30d7e838f80ecc9e5e5abf,relogios_presentes,207.0
440cb991a95f6a9c8918c112433f4d69,cama_mesa_banho,207.0
0f6aa686ebf2fa68554cc24d4d29db5a,utilidades_domesticas,207.0
0ab00b4598ff704c2ab1de75c123092d,industria_comercio_e_negocios,207.0
008686d56f4c85b987a4c24a286834c1,cama_mesa_banho,207.0
495bddc7440e227dcf4af56f47749587,beleza_saude,206.96
1873d47fb47e167da1520bd9ffbb8f79,beleza_saude,206.9
7aac5971b0560a816c14f6b6e9185bcc,beleza_saude,206.8
f80214fd7d681d1dcf12b3acaf4f0da7,moveis_escritorio,206.79
652cee66eaed09b444b43463eee56cc7,fashion_calcados,206.7
43a24e051b37c8e88accdfdeecddb71b,informatica_acessorios,206.57
198f4a07b346797ac244a9fe3486d17a,automotivo,206.57
0442663b51251c398df7f53c29e29812,esporte_lazer,206.57
e5d860a0fff2e94bd1a406456cc6c4b3,eletrodomesticos_2,206.53
53d71d8d9d6878f6f0b9fe0ed79445d5,alimentos,206.33
f63729cf4441fe64282cd1b82281792d,esporte_lazer,206.3
b50cc06153acb2f39386140f1d675ad2,eletronicos,206.0
0afc71d24fa8b225307f8794e157204a,eletronicos,206.0
f9b4f8ef12259efd919fbaf21f8f66a4,cama_mesa_banho,205.97
54c9eeb3eec23150e817e2048c9c4c31,informatica_acessorios,205.96
6336e61e06e1a49c55f632beab8217f2,moveis_escritorio,205.9
b72a070441e70976c37e27df8a2a664e,utilidades_domesticas,205.7
486cebbfac430b06cf0aa980b89a3543,brinquedos,205.7
c10d7c70907ad6d09ada0581ef6bf839,relogios_presentes,205.19
7851efb8bb0ad47b04465d6794c57814,papelaria,205.09
e9896cd67d67e394cc2d3b0ecfd11eb2,malas_acessorios,205.0
d9a5a0aa013c348c28ff4626ed6dba71,esporte_lazer,205.0
c4ccc1c24eca33f056b233bb1d73a536,ferramentas_jardim,205.0
694ef7517a535b054fddea9154d3e627,esporte_lazer,205.0
67d50eb97553912ac6bd1584ff04c73c,informatica_acessorios,205.0
47b8c79d616369fd222f0bb68ea0293b,beleza_saude,205.0
461c7fdbb5a6a7fe3bc51bf7f4e3677d,esporte_lazer,205.0
28703461662b53348b5e21716f02bcc0,eletrodomesticos_2,205.0
24aba57735be13fd785bc04d1a8812e4,,205.0
091e1ab4eb3b6b2eab091cfd2cd002f2,industria_comercio_e_negocios,205.0
7942dc4e2a8873cc25cf1c5dc6036390,esporte_lazer,204.99
2aef77073a11c1bb21ae9eabbc7a97e7,moveis_escritorio,204.98
7583d9a579408cb84bbc7b0e4548ec18,cama_mesa_banho,204.97
3b473a6b1c280e0345e876648a61a032,construcao_ferramentas_seguranca,204.95
e7e460583f2b78939dee0f8cd9a619ed,utilidades_domesticas,204.9
dab9c91ff81f632aff81bb4cb671cd18,cool_stuff,204.9
addd109cd809043dce31d9d023f51ed2,beleza_saude,204.9
afeeea6271148ee1bb15173b8187c431,telefonia,204.79
71da6d6632902431cdca2b3a8e681b80,beleza_saude,204.64
e61c78a7343d82c0539d27df0f7dfc31,cama_mesa_banho,204.61
5ad2c4859aad6ecebd816a300d34f326,cool_stuff,204.57
51ce083cd2b9078656a94655ab45b8a4,cama_mesa_banho,204.52
3ce7358fb633d033a700464c6a82e0bb,eletronicos,204.5
f82d1ebd3649e6b83c2d0f611cb5c540,cama_mesa_banho,204.18
bfe05de8c1ac3259ae43ada77182d840,beleza_saude,204.0
a35b7b13c63effc7f014f141826f3186,esporte_lazer,204.0
7666acd3cb60e97bf02449e36be0c02a,esporte_lazer,204.0
680fb1be80c45666f3735cab0e1e5c30,malas_acessorios,204.0
053bc43c110771a8ade43dd4462c3fa0,moveis_quarto,204.0
952547036d7de7ce635a81704cd290cd,utilidades_domesticas,203.99
4dda033e39cdc37ce2932b7ba6e8a0f7,cama_mesa_banho,203.99
3bf87d2001b8176e6a3ad804b80774b4,moveis_escritorio,203.99
6dde44b4172999f35f08654d06bad633,moveis_escritorio,203.98
6fa96cbd1d917acb1ef4bc8040116105,fashion_calcados,203.9
0176bf7839ab4e611dc01cdc3ef6f4e4,cool_stuff,203.88
70aaba5ccf6aac45a3a7917f3a79c7e4,cool_stuff,203.8
1491a8ff192d4b5c369b0eaa2fe33ee5,cama_mesa_banho,203.59
08a20557431a9fcad3a08aed08811e14,pet_shop,203.45
e2b9252181ddde232e0bfb68df262610,beleza_saude,203.4
686c91d509cb70a2148ac3ecbb8a4f75,cool_stuff,203.32
34eb0685663d60e57a9ca086c8e33423,fashion_calcados,203.2
02ee0862685e90b57cc241b7c9885f95,perfumaria,203.07
e8c2065927de366ef9622dbee0bb7b63,informatica_acessorios,203.0
d6693a8a60b625f2c5eff7f475b5ed22,cama_mesa_banho,203.0
27e3854e1414d1775e2cf19047da0c55,moveis_quarto,203.0
230aa1590e1e7bc88252d8f1649109c2,cama_mesa_banho,203.0
362e37b5c8826ef516a607cb5f99b8f1,esporte_lazer,202.9
94fb2ab4419d523ecce8e5d56676788d,consoles_games,202.66
cbc5b9bf8ef22d5d2fdc8aab94b47212,relogios_presentes,202.55
58a96ae04b90563cde5becdf0ee2e823,moveis_decoracao,202.5
3938defa878985e56e22db94bbdea2ff,esporte_lazer,202.5
ac6c3623068f30de03045865e4e10089,ferramentas_jardim,202.4
429e7401fafb76436f15e86498bd7364,cama_mesa_banho,202.4
002159fe700ed3521f46cfcf6e941c76,fashion_calcados,202.33
e5d446c4355d56bf6c3b7be469a66a42,eletroportateis,202.3
952670bc019a73f0933157ec82ff6e4f,cama_mesa_banho,202.2
31b8e7c2a22f3dba5183cc110bdd72f7,eletronicos,202.15
6df27920464e957f2b897ce928f1b556,utilidades_domesticas,202.0
05fb84a7689847058e6b9e9dbd7a6c06,automotivo,202.0
c91c24a6ec3aa0059e69656c4677e84d,ferramentas_jardim,201.99
1d4de03a6141ce2a2ae5a97f51cabb37,cama_mesa_banho,201.99
0b910ddd6185e20c016c2113fc864eb4,livros_tecnicos,201.99
9ddd762ee8a13576a809dc66f22aa2b5,cama_mesa_banho,201.98
09278667a33779be5996a7df729db8ae,informatica_acessorios,201.95
efa00ca4229c1a9fa813fd0a872cbb1e,perfumaria,201.9
4e52d603138fe095d25d2c44eb9f7c42,utilidades_domesticas,201.9
0364c36f8e845e4d309c0a3accc04b1c,moveis_escritorio,201.88
c76ce8f19e21cfc8226f0551ed5da750,cool_stuff,201.66
11d5f8f3c96fff33d7e8bcbb54c8c79e,brinquedos,201.6
49196a215bd6514843cebf65ebbe52c0,perfumaria,201.59
28e6a89f22da7a12c26de9eaac8631a2,moveis_decoracao,201.55
e68a5a5626c4b1bfc5ca78202f898300,cool_stuff,201.42
bb9b0c89e9d58f5cd33126ab223de642,cama_mesa_banho,201.4
ef928092a3fdfd856fe65902aff46e46,utilidades_domesticas,201.38
ba01cebc5a3c2494d0a97d4713ec8938,beleza_saude,201.34
56568aac139eb6a4adcbabb5fbbf8e6c,informatica_acessorios,201.3
fe8b0ea4a95d3a6488d8e23b41720e46,bebes,201.29
5af7ade8876b4548b766b99b151c2dd4,esporte_lazer,200.99
d2b0f9cd5e31ed47dbf92b157c0cda96,esporte_lazer,200.82
07f381c65e8e66460c07781b9b1b8834,moveis_escritorio,200.75
30de9bc2bc110c6a584cacba9c17d88a,moveis_escritorio,200.74
6ae3f85f46a37844372252496c77b4d8,telefonia,200.72
b69eb25e3a4def8e9cddee18712e0c5e,cool_stuff,200.67
6b75ce117b8fcc75289cb6cbe589de6c,telefonia_fixa,200.5
34b61264ecf24043cc09e6f4dbf6c0f4,bebes,200.4
141a1bbd15437e6ce4765f29d126ef67,esporte_lazer,200.36
5328338cfaa16ba10561cd970c73ca11,cool_stuff,200.11
c6ea63369936552872ae890c82175b4b,cama_mesa_banho,200.04
ec47fd0f78acfea66534a4f3180d09fe,esporte_lazer,200.0
db3976dc7cb7fe1be02a47a873ece9a9,casa_construcao,200.0
d66efed659bfd2df454da7f4c4dac4dd,ferramentas_jardim,200.0
d48a01cab4f058610681e5547305d98d,informatica_acessorios,200.0
d063fc697e5aa468ad1e689d5e6028fd,automotivo,200.0
c744b9538213403285c97c9f7a53776f,beleza_saude,200.0
c0b318d62dadfce564faab54fd7cc953,relogios_presentes,200.0
bf4538d88321d0fd4412a93c974510e6,construcao_ferramentas_iluminacao,200.0
b019860899267d0fac1c4f9da4301bc5,automotivo,200.0
9bf39940ea9c92c0036e06c6cd577cbd,esporte_lazer,200.0
8eadcea593a48a928f1e2d702e816d60,brinquedos,200.0
888e11f9e6f882701220d1139c58d462,instrumentos_musicais,200.0
837643365f350dac5b859c5c65ba9b4c,utilidades_domesticas,200.0
83081dc6244771b9cc1ab17b14fb5f31,brinquedos,200.0
81fa3a54b696e8510a2f5cd69b29337d,relogios_presentes,200.0
7b2a6e3216a405943fc9e3acbff18cae,portateis_casa_forno_e_cafe,200.0
787d8c174c475a72f50428197ca5bf49,brinquedos,200.0
736ed89df6a505a0bc3136d2402cc0b1,eletronicos,200.0
705895ae466f145b942a941a8474c3f6,automotivo,200.0
7013c4044b589394a00c46db7354ddf0,relogios_presentes,200.0
5b9a2774e9da2ae3ba355e6c3a2bf37c,relogios_presentes,200.0
5a4491fb73ef5c6689be17bfb30642eb,esporte_lazer,200.0
4f5ebefc2bff02e685e4cf546c88f9b3,moveis_decoracao,200.0
40c15dd86886c8e9cedabb4dadcece62,informatica_acessorios,200.0
3fce2ec89543bd1ecbc0a87d599bf4f7,moveis_decoracao,200.0
32ff30bce9752963c889b69a33b0e84a,perfumaria,200.0
293539d4864917190e242c5c5372016d,moveis_decoracao,200.0
23f52db82a2a0f55b0a1c1ae5b696013,beleza_saude,200.0
0c5bb07e9638a9c1f2616db08eb0318f,consoles_games,200.0
f74ed500ab93d12ce3fbc611474d89af,papelaria,199.99
ee1bdee36babaf588660e8cfcb330199,automotivo,199.99
ed71b39fde2f884a620dedc2053dcf86,automotivo,199.99
eced39e6c33db4b865ea46d12dde67d8,brinquedos,199.99
e9ac2b2354311e87d669d5b722995010,automotivo,199.99
e6a4a19d87a5ea827c2da90f28433450,brinquedos,199.99
e011ddef14b4251d2375dcf060a2e2c5,brinquedos,199.99
de7d3a484ee73d0be8b0b3518f910201,esporte_lazer,199.99
de62b43aa8f2f2becaa227a4132b2aef,cool_stuff,199.99
de01db017586d557505e72625f9f49d4,cama_mesa_banho,199.99
ddea12cd17c60cff8865c207cf696cf7,relogios_presentes,199.99
d061d81f407dcbadbe325a56a93d80a3,consoles_games,199.99
cedca54b861ec6e18cffbef54701b139,utilidades_domesticas,199.99
cc4c16052222d5347726b1af1bfe7462,relogios_presentes,199.99
cc47c0863559499f01b4cad750929d10,cool_stuff,199.99
c824a04d73390d152e4a9f0f97717cfa,automotivo,199.99
c70b245be241b2912373e109362c56c2,cama_mesa_banho,199.99
c5e9b73e5f4c644885862ba3e1137b57,brinquedos,199.99
c2f3c9eafccd7ee6ea11f24d3e3b7366,automotivo,199.99
c10b1461f47aa6d9c8aeddb05b239c4d,brinquedos,199.99
bfa3d6cdc62f90365c2a895263e371a0,cama_mesa_banho,199.99
bdf4090aad270b83a2ce5eaac92032cc,automotivo,199.99
b2b3503e675abbc07e278151da072ed2,moveis_decoracao,199.99
b0498e44190727b728ae4490f2e9b6a5,malas_acessorios,199.99
ae21e20e39807ffbb4b976fd106b937c,brinquedos,199.99
a2abc65fbaa1761f0c6a88512db4719f,moveis_decoracao,199.99
9bf49e13f79afe62919c79d125d81cf8,ferramentas_jardim,199.99
9a9a9db03d984059e843b4f3cb5688d0,brinquedos,199.99
9a20e324f5e442222a85d335f77b39c3,automotivo,199.99
99a9a8fc2d8c8a57d46b5a50536f544b,cool_stuff,199.99
9963a54f50b2db19fb8ad3297d087f03,relogios_presentes,199.99
966123de13ad29f76b83d5f9752405f5,automotivo,199.99
9373355c0da0bbda1d469b3504731ccb,beleza_saude,199.99
9047a9fe0b7e4175af012bfa793890cd,automotivo,199.99
8d7824fad74013f01b11d646e9b94729,esporte_lazer,199.99
8ca6ebfd6293a5b03f104d27c4945718,beleza_saude,199.99
89a533915d1f4f365c123a333e7b0d53,beleza_saude,199.99
85164bed8643cab6d655ed0643bd9613,automotivo,199.99
82ff6972ccf4255e24cd470d8fd8b539,automotivo,199.99
81effc3dd4e4875690858fca347c76c7,brinquedos,199.99
81c57baf4689d8d58fc4d8ff51ebb210,papelaria,199.99
7bc1718ece4c3bbedfc272ebb0c3114a,relogios_presentes,199.99
7ac6cda1ec564b21b2daa9dc0973c1df,brinquedos,199.99
7a6aebc4c1205818e64f9275475a73e9,moveis_decoracao,199.99
746d236f81b4ae9d259030ace2833590,beleza_saude,199.99
6f66cd4cccc35d354547bca296581197,relogios_presentes,199.99
6ca11e79ed1acb748ccbb8e6b821967d,perfumaria,199.99
68baff1f2dbcb2df8581897b10150905,utilidades_domesticas,199.99
5f993fcf6ce45202932c40c51466dcfe,informatica_acessorios,199.99
5f7403b0168eeb77bd69d462d1150222,cool_stuff,199.99
5861173d9af66445f070078cfc29a597,beleza_saude,199.99
56ed53afb0d6ef2c843df74a4c1b573e,construcao_ferramentas_construcao,199.99
557281eded333607ebffd2e626f96101,esporte_lazer,199.99
52ae46963f0cd4c1497fe26a0f50fa6f,automotivo,199.99
4c2c252ccca76d23a1ebdb3aa61e69d6,cool_stuff,199.99
4c1402c34f16afeb4c737aeaaf23fd0b,automotivo,199.99
3d73c88390adac7dd50fffe6c00f1022,automotivo,199.99
3c37a8a5d5ef2eca9d5e6ccf39673031,bebes,199.99
37f16294a0035a70b970ee3365bb1382,automotivo,199.99
37c871f73c08339b2ee4b6c03337837d,automotivo,199.99
2d99b68429ab6c82014dc3ceb9a9501c,automotivo,199.99
2b8d2d937f84136de5b941aba77d4bcc,perfumaria,199.99
28e9bae875be608d290966c72d2d7f73,automotivo,199.99
289362177723f2505d906c104bb67de4,automotivo,199.99
288355bec90ef746899dca8aba646bae,brinquedos,199.99
27156b97658943acbc27073b5e3a3e9b,automotivo,199.99
26e3b00d7184f12c31e955199660692d,moveis_decoracao,199.99
22c051b01971f34702857840a0e03fab,instrumentos_musicais,199.99
1e1bd97639fea164c61d7f2260cb4033,moveis_escritorio,199.99
19d1f95608edf8246e8891c90d9b211a,cool_stuff,199.99
13ccab6df565f4b742fcd81031be9aaa,brinquedos,199.99
12828c53540ca6046aa0cef33957631a,automotivo,199.99
1162c818d0d0f9f4887164cd636bd760,utilidades_domesticas,199.99
0f9a07df17934769a978a9b2917ba8a3,automotivo,199.99
0f8016710ce920034150241f0b8b5def,cama_mesa_banho,199.99
0dcbc0d012d42719216ea7dff6b90a6f,brinquedos,199.99
0c574708dc913b3fa69635e044892864,relogios_presentes,199.99
098c8d862a494bb5926e558a87687768,cool_stuff,199.99
063d96e7b9190a8da0b8920906578383,moveis_decoracao,199.99
03973c594aba6474ba73ab090dcdc4e2,relogios_presentes,199.99
de20d958de7cf841ac6558a6d467a13c,utilidades_domesticas,199.97
3a33c980b62eb1ef3b8ae61b6fc6fe55,brinquedos,199.96
b4a006be2cfa0a5ee4c36fe0b2e3d359,brinquedos,199.95
a47b91f0ff85b3a24108985252501e12,moveis_sala,199.94
99a7f15d914ad5f7432f6ccb18f95292,moveis_escritorio,199.94
10cdbbacd25110d10f8cbe925ea7853f,moveis_decoracao,199.94
fed7ed9a2c9239558d696bfb40fc96a9,telefonia,199.9
fe8f341b1e20d2b1135245c3400a6e53,automotivo,199.9
fc7d2de677b4aec44e4c6c900d3f8b79,cama_mesa_banho,199.9
f834c914dc444ad2b175ff2a6f1ee1c7,automotivo,199.9
f7b0ee6d481a76a7bed4f0a7d574a6e2,esporte_lazer,199.9
f5307d7c949134b78e68c51c13cc426e,esporte_lazer,199.9
f4b915a1ffcc06f7c282fe1958bfccfa,brinquedos,199.9
ecd5ed7617a3120fd8951a701c93f9bf,utilidades_domesticas,199.9
ecd15c67f7a723b7de79f4346911e122,informatica_acessorios,199.9
e966f10c28b89ceb60d3c2dfb7144b12,moveis_decoracao,199.9
e6fc61fe224249bd106fec6e1751a586,relogios_presentes,199.9
e6407038bf83e03733094f3d6e3f92f6,esporte_lazer,199.9
de68fdc66141ead95fd569f01245e523,cama_mesa_banho,199.9
de5bf668dfa4391ee96a5fd5c9fa4f06,cama_mesa_banho,199.9
ddd089de76da9c400545c6fbf80e2ccb,papelaria,199.9
daef14e7336419f51236c2765332b13f,beleza_saude,199.9
d9c379ab5377be590da568f41cd3c49d,climatizacao,199.9
d899300bb0834fde956e80ce7ca0c958,relogios_presentes,199.9
d426c52017387e708aa9e72eb90797b2,eletronicos,199.9
d38b73f9519632415b56acb83abc77fa,utilidades_domesticas,199.9
cdd63834cc3da0f9225cc20f494dc137,,199.9
c95e9ae597964b2c2e37ed5c5fc378fc,informatica_acessorios,199.9
c7c27b5cbae5f0689560d8d154af7724,automotivo,199.9
c5cc16e72344194c359106a8061c83f5,automotivo,199.9
c46f8283658bc4bd2e7aeb1c854adeb4,cama_mesa_banho,199.9
c3e94fdf206628685c30b680cf222ca7,climatizacao,199.9
c0654cc48163d87a12f1088eb133db68,moveis_decoracao,199.9
bff381f7e26b290f53b9f5669eb7dfd5,beleza_saude,199.9
bb95985d24346356f988502bec69af0a,esporte_lazer,199.9
b88eb82a396197f720eee0aef2f7dfed,automotivo,199.9
b834ec50d00416ab0968b61763ae7700,automotivo,199.9
b6b4e4b461579340605841c0af800dc4,fashion_bolsas_e_acessorios,199.9
b64f2210138a8d97888314420d066b5e,utilidades_domesticas,199.9
b5841e1059b5b0513b7f03b6646e7229,automotivo,199.9
b414928d2f8bfbea1bf625562b6fffc2,perfumaria,199.9
b2045685af214c671f348b163996dc93,perfumaria,199.9
b1bef728f668a4117c1129694b7f4bec,moveis_escritorio,199.9
af39520e0fe7c2703117ddcf3026bfd4,esporte_lazer,199.9
ad1810f996eee7a0049c7f1e7e74a62f,cama_mesa_banho,199.9
a81e6e4ca394f33cd5a0c89188baecb8,automotivo,199.9
a233e06dacf6de1293acf72ab6e9fe52,utilidades_domesticas,199.9
9f1c81345a82b501fef3164ba8c937ef,beleza_saude,199.9
9f0599e0b0d3f41749a3288e0043f21e,cama_mesa_banho,199.9
9ee0701e1be943cb92d9cd9305fdd026,malas_acessorios,199.9
9cc68866bc5d718be3ed87d84e92cc87,fashion_bolsas_e_acessorios,199.9
9c453ac5a53eb31c15f608f2ab49d2a3,cama_mesa_banho,199.9
9bf9c88e31e33139f919bb013cb3fb7f,casa_conforto,199.9
9818832859d572545cee5a86ff7f4a3b,beleza_saude,199.9
9472a43e0457615f2742ac021d769197,fashion_roupa_masculina,199.9
93201ae32ea7725876739ba9f0d2c851,construcao_ferramentas_ferramentas,199.9
8e3e3059aabb0c13679db43619590ad5,fashion_bolsas_e_acessorios,199.9
8963eba2629ee030c4de83703c0ae020,casa_conforto,199.9
8904945d082f72652bf4a89f155c83bb,relogios_presentes,199.9
8852eb03b04ec3268a66e9b696e25f6f,papelaria,199.9
85fa36e792c259f4f0022c6966c50c1c,utilidades_domesticas,199.9
84bc1370758fa98d08afd0180818217a,fashion_roupa_masculina,199.9
7e42f7c4405ac2fdec454c0497facd83,fashion_bolsas_e_acessorios,199.9
7dda94d5b1861c308661fedb3944df60,moveis_escritorio,199.9
782d995a1fa812332e893151d983f902,construcao_ferramentas_construcao,199.9
77c85114b82935ec7619f75cdf072a48,moveis_sala,199.9
77ae02eaaa26f680c28c257388c2e1f9,automotivo,199.9
74d7448191f6e492834de7fe6dd952c2,beleza_saude,199.9
7137dd34a614f3fb4eb7b734ea5320a3,moveis_escritorio,199.9
6f7a8ba0af4207c1312825a95b63478e,brinquedos,199.9
6f5a84d79bc9f79ecd9095e91fc47a2d,esporte_lazer,199.9
6d800ae414430675b77d2ed17a4e404c,moveis_decoracao,199.9
6d1a636d0dfad7437edea256c20c8c79,cama_mesa_banho,199.9
6cd0d08f09a8b32450fd32de16265a74,relogios_presentes,199.9
6c58b4fa44aeffc444c5f0f178029cc6,relogios_presentes,199.9
6a9a583a5a3b8b97ab2839b4ad543bb6,esporte_lazer,199.9
66e2abb080c6383458347f1e6d47ed4a,livros_interesse_geral,199.9
62bf07cdb14270c48cf42ca0312986aa,esporte_lazer,199.9
62a6991adbb1e60f5c03a77fae5568ff,automotivo,199.9
60f560fe3dd8adc165becf182ec8f834,esporte_lazer,199.9
5f6b99538b396c18e5e310c2c187dc8d,beleza_saude,199.9
5ed39c3cfec7336d6b641fd71befc491,automotivo,199.9
5e24c1972fa0093e3ea96de1107ac733,relogios_presentes,199.9
5ca414808a1673669317d56dd0fd6b1b,beleza_saude,199.9
55103cbbe0851d3a303a022cc4140628,malas_acessorios,199.9
51c6445e30f155ba9dcbca79b13edf36,cama_mesa_banho,199.9
4fa2410cf10d733adc25a98d23a33975,moveis_escritorio,199.9
4f4009c6b6d83dfe5fc98059fa4975f1,fashion_bolsas_e_acessorios,199.9
4ef9e7430e9943ddad2f1b194480ecc8,telefonia_fixa,199.9
4da4a4fac1a443d1faea4555fae954eb,esporte_lazer,199.9
462b89aad33e9b762cff8fd20db1fdcb,informatica_acessorios,199.9
4060f51503152bf2d7592cec5b03fc4f,relogios_presentes,199.9
3fbd1a96fca26cfab52984da93349a4b,fashion_roupa_masculina,199.9
3dcb77af8b9587985d046b195e105475,cama_mesa_banho,199.9
38e24e4d6dbde6523f2ffdfe01ea09ec,informatica_acessorios,199.9
369440882015b4d57e6f077771c3411e,relogios_presentes,199.9
32d16d374657488a491cf67b33d5fac5,eletronicos,199.9
32442bee23baee10041f5a964cfcbd15,papelaria,199.9
2bc21a82809d1558515e2962e53cc4bb,ferramentas_jardim,199.9
2a65f5c6c203f2e5079da9ac55814c61,malas_acessorios,199.9
2a55bbbba62db632421607d23042a393,beleza_saude,199.9
2a0cbfbf0006e0d28dee8a5f20e1ebf2,cama_mesa_banho,199.9
299f6d537aa695fad79a42bcf3fdd3a2,cama_mesa_banho,199.9
286bcf62e47dfc1e51cf0d525bd4d1bf,cama_mesa_banho,199.9
266cb817d01b77ace5dc383d8cfd0540,cama_mesa_banho,199.9
24b73bfbbae23b718cea4e1efb2a76af,brinquedos,199.9
2480fca3af4f5221cf3596c257be308b,construcao_ferramentas_seguranca,199.9
2068e3435a38f6a3cc95ba89a96378ab,automotivo,199.9
1fa0405a3e10af836278d7667629623e,relogios_presentes,199.9
1e7d94ec384eb160b91eb277f13ba1ff,esporte_lazer,199.9
1cc7fc7841f9dacfbb9ec2a43276bf5f,relogios_presentes,199.9
1c9a944d6bfe1ff027b2836e96277f2c,informatica_acessorios,199.9
196908bf446216a714bf739c09522dcd,brinquedos,199.9
1938ab47ef011dae9e4ced458166432e,bebes,199.9
1729a1b7ec6947d5c878e70e80172790,cama_mesa_banho,199.9
13412655d22f10591e584156686ca50b,informatica_acessorios,199.9
0c64fefac4191aa99cb7007bb10c6c77,esporte_lazer,199.9
098d2dad07d012b54e469c5ba2cedbe7,cama_mesa_banho,199.9
07fd41c7a725529fe1213508557e0f4b,perfumaria,199.9
01d40fca05c4227b987ee069be837b49,construcao_ferramentas_iluminacao,199.9
01af6a4592d74b6d41ceeede0bd8b417,esporte_lazer,199.9
014d94f219fbff1166b9cf700eee36b2,relogios_presentes,199.9
afe60f026d04f54945ecf4c085eff7f5,informatica_acessorios,199.89
05317e90a20f490f4749cd92d33e0fbb,moveis_decoracao,199.88
01c3486b189d16ad1b35270d5881e5a4,bebes,199.75
f1e258360f5eb6a99119bb6febde40fd,fashion_calcados,199.7
c0a6b2284e36418ab8e75c1fedca24d4,fashion_calcados,199.7
988b2a648a563f61225c02b494487eab,fashion_calcados,199.7
f110ebb80f170dbfc737459f401902b8,beleza_saude,199.65
2d5f1b5369818632405b5fa5dd8f657f,beleza_saude,199.65
282606dd11c6108bfa47f0e4b0918cfc,eletrodomesticos,199.6
5026f48060b51abce464cb03e1d92847,audio,199.5
4082e07ccc62fff9dfaf275a81804952,beleza_saude,199.5
281905b21f01db1009fd7c01b10dd1d4,moveis_decoracao,199.5
1df69fad86c3fedbddd8b65fe13dc8db,informatica_acessorios,199.5
ff469d5a015226354ab92a85c8c46537,informatica_acessorios,199.4
828097693199c9c0da94cf532dd2427d,eletrodomesticos,199.4
1bbf3c5abc34eb8f1d884a7503b7764f,beleza_saude,199.39
0e34187d4312b97b5e698836d28ed040,climatizacao,199.36
98aaaedf37ab737ac27a285b011f42cb,construcao_ferramentas_construcao,199.23
9711e523a681d75526ae8a1e98c8b2b8,beleza_saude,199.08
5b75bff143600c85dd1fe69b7055982b,beleza_saude,199.08
5f315c482ee138f3766f5a9169f16ba6,relogios_presentes,199.04
ffd259a48b9b073c942884d0f3659566,fashion_roupa_masculina,199.0
fd1446e03cb63518fdc2d2e91f6208b2,papelaria,199.0
fcc27d197f2e7be2b9a8ecedfd1a1730,cool_stuff,199.0
fc49395ccfb1f65ab0d1352684772112,,199.0
fbe581b34ee461c334f769e1422eb1de,cool_stuff,199.0
fb64af82ca185390e8d6fa6bd3a6ada6,cama_mesa_banho,199.0
fadced14c797b6382fe83c56c85f7eb0,construcao_ferramentas_seguranca,199.0
f69c0a81b54c02376872d8bab620c55c,cool_stuff,199.0
f66b9de04ca29b4039377a323e949dc0,moveis_cozinha_area_de_servico_jantar_e_jardim,199.0
f5c0451a8329bdf130172a733eb5d60e,cool_stuff,199.0
f4fb1fcc46bdd61b314fe0292175e5db,cool_stuff,199.0
f37d4bcbd21078ef36fd59518e99f045,informatica_acessorios,199.0
f196248e8b5d060cca414a664ea9a76f,automotivo,199.0
ef79ec374ba852bbced7662285946619,relogios_presentes,199.0
eef7436637ac87cad6bf5108284c3413,relogios_presentes,199.0
ee6cf0274e75706751ecd4cd5e353db6,cool_stuff,199.0
ec538f9435c2c6da3874121d51c5c556,beleza_saude,199.0
e8ac63e69971f9cf0bd7a7f78b8841ab,relogios_presentes,199.0
e855d18497949fc298407b39639ee1cc,eletroportateis,199.0
e53efdeb68fadf8c0cfcd1734bc62d13,relogios_presentes,199.0
e1d1d22e9f8122a4ec1533b032c12562,ferramentas_jardim,199.0
dfbeadbb1840417400f0c7683889a585,relogios_presentes,199.0
de9c7592ce4a5f5ac77c2f360698d44e,beleza_saude,199.0
de984954e2e130136bcf8988bc973d90,instrumentos_musicais,199.0
dc29bdbc4333f8825bb17ed7834e54f2,beleza_saude,199.0
db6b576f5ccc24add9999afe03841cf3,esporte_lazer,199.0
db56f6d2b04c89eae4daba188842fd7b,malas_acessorios,199.0
d911283e9e087d5526ee83bb5150544d,cool_stuff,199.0
d81d3da04eaeaf9608d87763815d7885,utilidades_domesticas,199.0
d6ae8069e4a78b1dc1bfafc891a5c164,cool_stuff,199.0
d4b5a373a1760ab3e5b3abfbf78d654c,informatica_acessorios,199.0
d3abd6fb1e0f4add4d6f466dc32accc8,esporte_lazer,199.0
d399dfc93e30e60fce539861202763af,casa_conforto,199.0
d016a1a4d0898c213be8443b0c99c784,informatica_acessorios,199.0
cbc7a92fc315194a3965b32acc10fc1c,automotivo,199.0
c8f3af40bfb84b26b7d88c30a0760b27,telefonia,199.0
c777355d18b72b67abbeef9df44fd0fd,moveis_decoracao,199.0
c114a4721cfa58d98265d2074e53de44,climatizacao,199.0
bfc59c5d8a26d129f82fbc5207fcd676,cool_stuff,199.0
bb8f914d581c74f2ce85ce38ee07e3f4,relogios_presentes,199.0
b9038f30e77388317c3b78f6619e11b1,esporte_lazer,199.0
b8eaf98e383cfed806bdedba40f84f21,esporte_lazer,199.0
b7e5e565cf760233e922ed01e122ca8b,relogios_presentes,199.0
b4882f0e38fb340c102d225f85b446df,informatica_acessorios,199.0
b047c3de5919c05d6aa9e3ba5494b993,relogios_presentes,199.0
af5dce27d2097e3cbfeb25ad9eac092c,cool_stuff,199.0
acd9803fca3010f5ad0f3ebefb53e5e6,cama_mesa_banho,199.0
ac5bae85a895724330c4acddd581b02b,telefonia,199.0
a9418952bd0aee716d44d25d706561b0,moveis_decoracao,199.0
a5a7c5c2be6edf0b10ce28ba5c6b4a69,cool_stuff,199.0
a5927cb6142b2d814318939b3a283256,relogios_presentes,199.0
a3bd84c2a6d25ea7bc0e55c64d0760ae,beleza_saude,199.0
9d91da41ef1f568f2a03332a42ca5fa8,utilidades_domesticas,199.0
9d72e48d483b01cd07024793995aa30b,cool_stuff,199.0
9205b5d133187385ee26d75b2d1d3bc6,construcao_ferramentas_construcao,199.0
91e27b33eee803b0d1f97e4d3910b75d,construcao_ferramentas_construcao,199.0
8f5501bc2a52a32cb42e220c855cd589,pet_shop,199.0
885767551f6e62036547d2ec333f1daf,informatica_acessorios,199.0
8805dd9f1994bee68f2e1351c5e64f26,relogios_presentes,199.0
873ecb2fd02d35f52e5820550e538e72,esporte_lazer,199.0
8108bd323f83c37e82b2f8ff9263da19,cool_stuff,199.0
8068fc569a07dc765b9620783787233c,climatizacao,199.0
7ea98051d29fdd0f6c015c6cdb4cb79f,cama_mesa_banho,199.0
7e31015e42f00d4170f63e2c37d55818,casa_conforto,199.0
7de84fd574b291fd6dc71f84c8c5120c,papelaria,199.0
7ddc9c0c8d8ff59c19050d36d2bdcb2a,casa_conforto,199.0
7d40b684cc830baa8f7760f6fb1528c0,moveis_escritorio,199.0
7d19da97298dfc1d2e254146559095f3,esporte_lazer,199.0
79bcd1f7f00535c801244eb999d8d290,telefonia_fixa,199.0
78a52f7c3f1fc50373949f57052397ad,esporte_lazer,199.0
756da661a7659df6134fe752288db3b4,papelaria,199.0
7433da5280ebb188b26a2c47b2955cb7,moveis_decoracao,199.0
723ab68453652dae58066eda82a8547e,cool_stuff,199.0
7220c6a818067f0a916279b9a207f299,cool_stuff,199.0
6fd27cf8e62ea370a010743ce145f802,bebes,199.0
6a9678c02c9aaec51699e995ab18e48f,relogios_presentes,199.0
6a614599fc79123b71a5dd22cbb6eab5,esporte_lazer,199.0
69bad3501e439434005e16bfcb98968e,cool_stuff,199.0
68e8aa2107082a035abf076c50bff4fa,bebes,199.0
68da30fecb501eacf0de129b2a56d0cb,esporte_lazer,199.0
6456fdf43df7d711b98d91fe574e43d4,informatica_acessorios,199.0
5fb0031ce4395d307321919f71ffbdf7,beleza_saude,199.0
5aadb280135a6132d14d3d93b5724b69,utilidades_domesticas,199.0
5a6f7431b52d1c349ddfe94dc43ae35a,instrumentos_musicais,199.0
586767b4866eb690de111248e18d3909,papelaria,199.0
5838a44de26ad6bec79e134324dca7b6,papelaria,199.0
5783b6239d05ef4a58dee574f752ac62,relogios_presentes,199.0
576260585d9d4d112b129048750cf18e,automotivo,199.0
562cc818d2fced5e90afc6c220636bff,instrumentos_musicais,199.0
54e423e4e4f906d5ec17e9449dda489d,moveis_decoracao,199.0
54860a1533edf6c65d974441713ead8e,beleza_saude,199.0
5317ab3252cac4ab9097bcf38a826663,informatica_acessorios,199.0
5197d46c6bc54f44ffacac72c9864161,construcao_ferramentas_construcao,199.0
4945f34d8df378693f6b84c437b414dc,moveis_decoracao,199.0
45008a48815255d904cacbfb01303b0e,beleza_saude,199.0
41150780d8eb1857e9575c5e3c23c0f0,casa_conforto,199.0
410f854e2b9c85fc6295ab19b1a2ef2d,construcao_ferramentas_construcao,199.0
305a8467a383809ecce974a852d55ae3,relogios_presentes,199.0
2f1507d615de7f4f0e73e3be811ee6bc,perfumaria,199.0
2bc88b31190908684ebece09e5358592,cool_stuff,199.0
299a30066c04cbcaa68a1c4271c87aaf,sinalizacao_e_seguranca,199.0
28e84464cd1bbb430b6394a555573df8,cool_stuff,199.0
277e5a33059abc0cda00fa1db8a8dc2e,utilidades_domesticas,199.0
25179680ecacb54a036e9cdd27459da3,instrumentos_musicais,199.0
235b4ddb049ab79478e058d0d3609bae,relogios_presentes,199.0
227ae51127a60b162b1696de1cc8a10b,bebes,199.0
209d347513cb03998c962964dc046f93,brinquedos,199.0
1e9da397f7a02c90947b44bfa4a8d0b0,papelaria,199.0
1b0fb6d6a05121d4b76a49f44c2c427b,moveis_quarto,199.0
1a2a204d5ef11c75f78d34ab0456c9ed,livros_tecnicos,199.0
18ca3438371b0b52c505b34d768b7fb4,papelaria,199.0
15804bf9d24b0ff5a052ef9280ad6e63,moveis_decoracao,199.0
14c6b9fe1b59f7ac6bd12e243d859461,relogios_presentes,199.0
13e64813e400c6b383297c388eb38688,cool_stuff,199.0
1118c2ea35cd20b94fe2a16c483cd1a4,telefonia,199.0
0e56431285bc62af798b89f6650d23f9,beleza_saude,199.0
0dc7ffb1ae1ce3ad090cd7c467d09230,beleza_saude,199.0
0db608cb372db7e5f00b9f8c572b6ff6,cool_stuff,199.0
0cb61dc7daa0bf5e31e9ac3ba8fba86e,informatica_acessorios,199.0
0b2c18d8e73e17348a011241525cb089,relogios_presentes,199.0
07abca077ba83f4feab7d89db0b74df1,cama_mesa_banho,199.0
03dc797f6faaa324fb633c518ff3f326,beleza_saude,199.0
02a93c4e95263ca545e9f46ca2b59833,cool_stuff,199.0
0182796b487918d688ba48cf3a0d1bf4,cool_stuff,199.0
0141f5b2fc5389a8b247ae23b58482ef,relogios_presentes,199.0
000d9be29b5207b54e86aa1b1ac54872,relogios_presentes,199.0
b5e25515cf9731c33a3d7287fe66f98f,automotivo,198.99
8f5bd114ef009fccfa3fd221b6bf7465,relogios_presentes,198.99
e61812136e9f12e9f4359132b1b82870,informatica_acessorios,198.9
c686d4fd1e845efd1b98db8220f0af3b,cama_mesa_banho,198.9
ab71466511b5e49de73454353d49a2ba,bebes,198.9
97b5158053e671771fe7c85ec69ee043,moveis_decoracao,198.9
969a102d83f0c52f2da59c65bfeb173c,beleza_saude,198.9
7aa53bb43cb5b12d70be2a69d1e3c364,malas_acessorios,198.9
7810b42c3450a044431d95c59c00b600,relogios_presentes,198.9
6a09ecc3113cbbf409d21369dd82f854,informatica_acessorios,198.9
42af75da4dff5f8f6be029c5bdd5f08f,malas_acessorios,198.9
29d6d16a90eb88618b243dc8cf30822a,malas_acessorios,198.9
1603fa7aafd20f7aff7f05bf4616355b,brinquedos,198.9
11acb40fe03811a7bc40babe5d11c752,relogios_presentes,198.9
0906585a53ae0d9e9d848e83b8f2ea88,fashion_roupa_feminina,198.9
3b4d34dcf6c8a7fd6733db2a5fadf5e5,cama_mesa_banho,198.89
f3c2c2578c46d659b7940e784319413e,fashion_roupa_masculina,198.8
12e3d9b67368b8d1563127a8b3407f79,automotivo,198.8
d6fe3b4ddecd4a8393c6a1385de3bfb6,moveis_escritorio,198.72
ee5329ffbe604bebcf84b2fd7792024e,beleza_saude,198.71
87290188bdd2822babc1331bb6bca5e2,utilidades_domesticas,198.67
db9640150707535e9dcddb8a78c87104,moveis_decoracao,198.5
7dfced4c66ef7bd85f2e30eec92e1b34,moveis_decoracao,198.5
330144665b875c2b4555f88d9f4ed7c1,beleza_saude,198.38
2e810f124ff7668bc1ea0d1953aaacd2,relogios_presentes,198.3
eab1309765ca0c3ba5c2ae2b85b28b00,esporte_lazer,198.28
58b0b0b3e6b7f8ecd3874db9c141250d,brinquedos,198.28
294d41c2e68c3452a16c269c5a969537,perfumaria,198.18
ad00a218e16f65efb3dfebe514994ca1,brinquedos,198.14
364db9e9154fdb4355992287afa4f774,moveis_escritorio,198.14
fdc7b4c1ee3b0ba0c649a3147d039983,relogios_presentes,198.0
edb5629baae4be4447033a2d14b1d2d3,cama_mesa_banho,198.0
e0b18098e84fa7ea163be5fcdd1b239c,esporte_lazer,198.0
d3a735e40a3d006beb83b9b0594d3765,relogios_presentes,198.0
d01c8040e9da57814b24757884d840db,relogios_presentes,198.0
cc7ab11ca8cd1a04b25d30609458ab48,moveis_decoracao,198.0
c2a5a6287738cda59406d1f595207d7b,relogios_presentes,198.0
b4c2b69bbc589dd1bcb0860261000bd5,automotivo,198.0
ac99022a225e4eada5377fc101a4f68c,moveis_decoracao,198.0
a77aadc991c8f31b9b553fcbb8975ab8,beleza_saude,198.0
9b6a64c03d07faddf8a5c905e61d608c,automotivo,198.0
97e867dc91da58c5fd89d77372c9dfa4,relogios_presentes,198.0
956d19f9b8366d1675cc4ffd0bf10d87,relogios_presentes,198.0
9539cddd99ab3f8ca77b6cad0a0899ea,esporte_lazer,198.0
90c6f8e7eb269e93626beb64379a8df9,moveis_decoracao,198.0
874662e6b58fb0dcde2888d40046c6e6,relogios_presentes,198.0
773ea88f7b9332e4531d0295279f5f34,esporte_lazer,198.0
6097eebec473cdb11826ddc1b331058e,automotivo,198.0
5cd47d379b62715339c690e8ffe65df4,relogios_presentes,198.0
556f5f6c941fc24540f7602d7079d1e6,beleza_saude,198.0
49ef750dc5bf23e3788d4f614bc6dbe9,cama_mesa_banho,198.0
4664618690073e2ceb889d9d8c465a93,utilidades_domesticas,198.0
42749c525c90994bd3d4c74edf047172,construcao_ferramentas_jardim,198.0
3b4db17ce4f2c8731f83b093db7aa0b1,market_place,198.0
2d478f93299ce7b39c010314f6ea8dbe,relogios_presentes,198.0
2b28903240e8ae0f0c45a14e769d9431,relogios_presentes,198.0
1d65224f1873af4a773096f47b5f6727,relogios_presentes,198.0
0daaaee8a33938591e1d5b980e65046e,cool_stuff,198.0
0c1d4f1cb61aefcfa34ff848581eebcd,relogios_presentes,198.0
05ac001cdcd6e4a3cc1563efbc5a25fc,automotivo,198.0
35255921c732e0e9319097469d856cd5,relogios_presentes,197.99
7b1f2b12d9bcca133f8df7a53b55db6e,beleza_saude,197.9
62892a47bea324c325a4556b66baef9d,utilidades_domesticas,197.9
32272e8a9336baf4548671ac811f4f14,beleza_saude,197.9
9331902511470e97acfdbe2c30db3551,relogios_presentes,197.8
244811270c7c86b6cec6e934c059e086,moveis_decoracao,197.8
fa126ff62aae83e37857ad495641c878,informatica_acessorios,197.72
3b426c5ff23dab0e12ab32063375550e,moveis_decoracao,197.7
0db4869ac8a908414823d44d742f5ba3,moveis_escritorio,197.66
e14158cd492e57786ac19f9032be3607,eletroportateis,197.5
df8951356a3ac20689379dffca179561,informatica_acessorios,197.5
ddb9d7913729b57995fa4b279dc0dcf3,moveis_decoracao,197.5
785c2986ce8232a718aaad761ac2a321,utilidades_domesticas,197.5
74dcf7b8d987fab2353ea92930186e0c,perfumaria,197.49
b81d727e1853b754c14cc6856612af02,cama_mesa_banho,197.43
7b8617aa0d6db3af504337cc7a88e460,cama_mesa_banho,197.43
ff96895c6b1d31f34b2d82f86670fa85,cama_mesa_banho,197.4
12f3396e4e36112d4155e0c51ee35ed9,telefonia,197.4
b21edc5440d0a05522fa8d1bc1a4a26d,relogios_presentes,197.35
baa16c2f327731647aa72e8dc564eddc,esporte_lazer,197.13
3488d2ce36e718097c1509444289ef7f,perfumaria,197.12
bfc2a099685060215484bf116fc6471c,moveis_decoracao,197.0
9c1acc2ea8ce833bd5ef42aff75cfb24,relogios_presentes,197.0
93cbda98bb66aaaae2ab0a7789dfc87b,cool_stuff,197.0
6473836fcba4675677ffc426c98db787,automotivo,197.0
72656ebe275ad87be8ac519170e4556b,esporte_lazer,196.99
2ca431a4c4a04c65e66c345e282d0a54,eletroportateis,196.95
f9624194634737145e6066d831213df8,beleza_saude,196.9
e8ac111f2d0b0e9a43d2980d387d0e7c,beleza_saude,196.9
db99498f1d7048253b27cbb54916ec1d,moveis_escritorio,196.9
d836b3e9c0eeb39311934db68a0878db,brinquedos,196.9
418d480693f2f01e9cf4568db0346d28,cool_stuff,196.84
de533fe5b9448ea9792195806938dbf5,moveis_decoracao,196.8
391ae69031bcca826279a84f5c4034e8,utilidades_domesticas,196.8
1dc7685f4fdb9622d84ae2ec658d5bbf,informatica_acessorios,196.78
d839c79a48d4a34a404b96085446aaa7,brinquedos,196.75
3552627a68384dc559f0fd4cce173269,fashion_bolsas_e_acessorios,196.57
06f18114503e7543d81252fd61a53df8,utilidades_domesticas,196.57
927c2a01437aaec44d9b67f277b55eab,moveis_escritorio,196.49
74c45f01e6d11ff78ab287eb985f7343,industria_comercio_e_negocios,196.49
db5efde3ad0cc579b130d71c4b2db522,audio,196.37
be0711db7f99b4443f68c8b9f13235af,beleza_saude,196.36
03c526c6224e8b74620b3b1ff4d0f3ad,moveis_decoracao,196.36
d47821b10559fffaefcf3e57d2b5ff76,beleza_saude,196.23
7983db6d188350c1bd47183bb7fb0049,moveis_decoracao,196.2
99b89f140f651db441848081814dd1a1,informatica_acessorios,196.09
53db18171eeeead5f0a7ea398054c298,informatica_acessorios,196.0
f2b525fa6f0346d64e4efcf1b2302d31,consoles_games,195.99
a3d7c3deb27013525667b8dfee3aa788,relogios_presentes,195.99
a0d6306a9ed921a7d9aa1feed0550c82,cama_mesa_banho,195.99
541bc0bf3c3255ee2d44f3863336095e,,195.99
8d2acb5eb701be18bccec69a070fd23d,informatica_acessorios,195.95
71b9332f591fc9453e40c97586968ef4,papelaria,195.92
dcf382c499d890ea8ca4d7e08fcb3abf,bebes,195.91
29f5540c79dd4bb8f156df4e1166b9f4,informatica_acessorios,195.91
f1de94230ae234a2f348835b969eeab1,beleza_saude,195.9
deb523ac578bc09b1b3ef13e66dc295f,perfumaria,195.9
d8a95ecf1c05b391d216669a9652bcfb,esporte_lazer,195.9
aafff0a607f7a35ec845b6def642057c,esporte_lazer,195.9
84cdff92b3a55fc67a2b0bbdae9b57bf,moveis_decoracao,195.9
7059637593d1eda31cef9582eba6a170,informatica_acessorios,195.9
5c1edf5ddada2c189588fd0a21130e36,cool_stuff,195.9
42ef2bdec0493fd90852352fcfbf2c24,informatica_acessorios,195.9
0b8d94b0bcf4e22c9bf886c98bb994d3,bebes,195.9
0b6a32b32a7dc68b12e8a0e0805c44d5,relogios_presentes,195.9
fdf37ff6a4ff39ac973343a01c1f91ef,beleza_saude,195.65
fc6f75aed00a45312365ba4a37adb3f6,beleza_saude,195.65
47ca911aa7f3febfc2478f63fc1aed07,cama_mesa_banho,195.63
76603a4bccfedb23ac477d3cf1f69ce1,construcao_ferramentas_construcao,195.54
9f5a2290fe27f9c70ca8424e98229b62,artigos_de_natal,195.5
6d01fb6c593d9afd887262570b656f9e,market_place,195.49
1d2d3b19f5c3d093d4dbccd3cd963a8f,esporte_lazer,195.49
5c087f345e870429ec3ea20a49a79735,moveis_escritorio,195.28
d86408ff5f272d41f18d18f8cbefa1a3,pet_shop,195.2
09d934535911e9af88dda1e31735379d,,195.2
fd925ce72399e23cbc5d75e224fc2b57,informatica_acessorios,195.0
f6691c7e7a0c12d28003c97608dfe605,fashion_roupa_masculina,195.0
f548f7c6223594379d2301a187f3a9e2,utilidades_domesticas,195.0
e4fe462cce9f36e312b869418a86bc3a,automotivo,195.0
df64236f60ba2eb87cfd76fd7cc73198,brinquedos,195.0
a4a8ee739d3d5afba72490f748dcd0da,esporte_lazer,195.0
9b75f322a00c894b1c6eb124251bd2c8,informatica_acessorios,195.0
884fa3cd42986ba480ea2f8ae4e25ff7,informatica_acessorios,195.0
8618f5bddf94cc09ba92024471fc86b2,utilidades_domesticas,195.0
64a8306c4d2a3c8ae7290168c0424243,informatica_acessorios,195.0
60aa11b81de4e2fed1ba0961cbfc97e3,esporte_lazer,195.0
5900bded018b6ea12771f169967122d2,sinalizacao_e_seguranca,195.0
57b5726e43d656e99611c432b3a7b1ea,pet_shop,195.0
4e2fa5131fc9956bb6a6b9e84b39e798,pet_shop,195.0
403c463d8502623e3b991a04948a4dbe,perfumaria,195.0
34194988e78bc60417003c8a235b8083,informatica_acessorios,195.0
257452f5af0c5b1bda43fecc770f335c,relogios_presentes,195.0
0f3f3612d3a594da318f0f7b175a9c14,relogios_presentes,195.0
0347f9daa0a33f82b4c9c0821450cc8a,malas_acessorios,195.0
cd5f3705d31440675796beb0ee641fa8,brinquedos,194.99
74a47de1d29e6b5c5b0135dbce365e67,moveis_escritorio,194.99
62934ff6ef7f25516705459fedd35d20,ferramentas_jardim,194.99
57a0cb306bbd11620b9bbb927748b043,fashion_bolsas_e_acessorios,194.99
152fb81ee80836f3a26b06fa79a6749d,automotivo,194.99
e3968a0d1e607b271be1b000ee1a2d8d,esporte_lazer,194.9
d920f22cf9a7dbb8e09ce4a2f5391b25,papelaria,194.9
c64343b6e8d5be28f6564c6959cdfa7c,moveis_decoracao,194.9
c24d97e07dcb8f32a8bfbe755731950a,cama_mesa_banho,194.9
a5c36ddbcb3dae3f3f2e60c141b6b650,ferramentas_jardim,194.9
8d70502661e6c3f5012407bff1c36a5d,relogios_presentes,194.9
8bf396e81a19dffbbae80100aa14aa0c,consoles_games,194.9
85fcf0af8941e2a6d93bb2df970c1650,esporte_lazer,194.9
7cbc7b22d10bdd8f5e3d668c3c3ab45f,construcao_ferramentas_jardim,194.9
73e3a34b5edba4b4b715a0fc46024230,cama_mesa_banho,194.9
5e211f15646acded537a9d1646f6a268,automotivo,194.9
5aeece828f56fe1d486e1c5e6a7cb61c,relogios_presentes,194.9
3d4aa956a54f2ab83acf747c6dfaf428,papelaria,194.9
3b8c4349c3256c61f1c1d7181267fe76,beleza_saude,194.9
e28a83b76a4ef29f90a34d134961e22f,esporte_lazer,194.89
d66d9dba1b0d3aab8f3b6b02e4cd3f8e,utilidades_domesticas,194.87
f5e585e188891ed071253bacfad60820,informatica_acessorios,194.8
db553c9b5cb2f9b4c3f2f7b32a237ec2,relogios_presentes,194.8
f1c7f353075ce59d8a6f3cf58f419c9c,cama_mesa_banho,194.79
94edefbf96e14b332fdb1f57f5935734,esporte_lazer,194.68
fad5712458efaf9fff0c29431c558b07,relogios_presentes,194.6
6539512c6f2fa68ca44dbfac42dc1f70,automotivo,194.49
0c66624528bd676dbe410f6f07ec32b0,papelaria,194.45
3879913e3a462abe3be99c14310898b5,relogios_presentes,194.42
12679a5fde22662b441abe4f754345ae,utilidades_domesticas,194.4
78119fbfa709d07b86f5ccf15043c6d6,cool_stuff,194.34
9afaad66aca8b0c79e4f084a89c9c92b,telefonia,194.33
4630317645c09161b7409edb2448a828,moveis_escritorio,194.32
c58674d8eb9e41cef68b0d62be2cf843,eletrodomesticos,194.25
ff62ab4c255754dd5cfbd1822cd97b40,moveis_decoracao,194.0
f114a4c35d2bb55ae4ad3c35975fc5e5,esporte_lazer,194.0
c3f395b8242415289ed70b34eaf0a3be,beleza_saude,194.0
b59b3f2a8ef323e661a925415545ed98,esporte_lazer,194.0
aefae62335aa97901109f0c0f08ff0bd,esporte_lazer,194.0
97fb4a5f48af31ad401b266215d84336,esporte_lazer,194.0
5c2d95f6437143d8605761b736b03c15,papelaria,194.0
58a60c7961bc8fb3a05841dc6d594658,moveis_decoracao,194.0
16b5adf7a7890633a2642ea9bd8a9ea5,eletrodomesticos,194.0
e9ceb9123d3103b7ad293c168dd3a547,cama_mesa_banho,193.99
d9d2b0bf83edf2fe776c707efe5d0b41,cama_mesa_banho,193.99
13de26d4d66e20b9262c0ddd00cf5cd8,livros_tecnicos,193.99
a9bd39d11fe4d2d378c44eee9b11d9ce,cama_mesa_banho,193.9
7741aeb3317b850cda6eec4627821fad,cama_mesa_banho,193.9
5c2fc243b33c2c7c211fd9e09beb7cab,esporte_lazer,193.9
0ff06f670421802f36a7082dc962c6fb,cama_mesa_banho,193.9
0ab3b52bba153ddfc7857b11c900fdea,,193.87
eb46bd8f6499638557d2daf6874d14db,informatica_acessorios,193.8
4c72e6d081c8a1b5430351d015eb86ba,moveis_decoracao,193.8
06afd0d01616e40441e7f743cdc03a2e,automotivo,193.75
97db532f755c1c66eab401e27f687295,informatica_acessorios,193.7
49f17b59ebac14a6497df46ba7c23c5c,cine_foto,193.65
b482227c47a1f1b99911d7760d17d8b8,perfumaria,193.5
740867136b4bf7605e36c5913b91eb99,alimentos_bebidas,193.5
ecb4c7c604905689ed8075d75c012acc,moveis_escritorio,193.49
700a315aa104dcf3ea345a850f746ec1,fashion_esporte,193.4
905434463b9e660873f4c2833b75ae07,pet_shop,193.35
15050d3aa6e44bc924642e38dc255677,eletrodomesticos,193.25
0e429613002a4b7dfa4554005e2ab8d2,eletrodomesticos,193.2
f5f0e64686adaf487590fbb8a75a1d2c,esporte_lazer,193.0
ea9b0b855335919945731f9368f83dc9,la_cuisine,193.0
b5e20ff50c12113580158883f5a86edc,papelaria,193.0
79366d6a24de9351b7ca6e3cf75a68ec,eletroportateis,193.0
6f3b33646150fc4dc2fbc7b2ba144348,brinquedos,193.0
44e64a128c258ce579cca498e05b614a,esporte_lazer,193.0
15d44826d5399e2de342314886ff0e05,esporte_lazer,193.0
18870238fd023ef96e834a59dbd4405f,perfumaria,192.98
6e2e6746f4200ebbb71dfaa3c6ba31dc,brinquedos,192.9
5691dd4a53d260fffdfff8bb0b24d626,utilidades_domesticas,192.9
1d33febb6ca114fb1b9490005ee49de6,cama_mesa_banho,192.9
88794547776aa78fdd4b28bfd90c6469,informatica_acessorios,192.66
90aaf7f993470e411207adabf5b998b6,informatica_acessorios,192.64
3c3d244942b424b931c33f1ddc122b80,pet_shop,192.55
ef4f89f8ee26b84496a7f8e7dc76029d,casa_construcao,192.5
5d7bf79f02a4c8c10ee0731f7e7430d6,bebidas,192.5
9c60b810e32e14c3a278742567720634,moveis_escritorio,192.49
d7e446a8f36339b1a9d059d1237159c1,utilidades_domesticas,192.32
5bd3ba44eb990450377a2cd863821cca,utilidades_domesticas,192.18
b8c91645bd166cdc9feb8795a186cef7,fashion_underwear_e_moda_praia,192.0
b86d1f2c052bc4749ee88bb74688d814,ferramentas_jardim,192.0
9db568ce8bf5e2e652d9f70edd5a0712,eletroportateis,192.0
8a2fde854a6f41aae89ce99303a847e8,esporte_lazer,192.0
759f2746cbd8fc01367864eccec63d46,esporte_lazer,192.0
30011d8ee44c9842921cbc7c1445544e,fashion_underwear_e_moda_praia,192.0
185c58d7437197ced6450e5cada41d35,automotivo,191.99
900c2341f3b48dcc07b37f6e9e080b9d,cama_mesa_banho,191.9
045c0f3faa3d81ff1af071e0811b2711,relogios_presentes,191.9
14bc0f89b7126bb00dfa6432d85340de,relogios_presentes,191.67
46737a24b6230ab90d6df497df0a2b43,utilidades_domesticas,191.6
ed7090839f8e749840a20f1c1cc78717,informatica_acessorios,191.56
228f57b1acb5bdce9401c58653c8cc14,relogios_presentes,191.48
e9ba3ec00ccd563b43e5de69a74a43d7,relogios_presentes,191.43
4308439e0d80d5fe03f17ba83b57c493,beleza_saude,191.41
4949bc7693f27596ca18cfe03c5a83b2,moveis_decoracao,191.4
be4cd8597e81008f1372c387f620e0a9,relogios_presentes,191.25
189c49b159a847050e52afe5ec8d42c5,cama_mesa_banho,191.11
d41d8cd98f00b204e9800998ecf8427e,automotivo,191.09
de3460da13c27adbaa8efcf1bb83cd62,eletrodomesticos,191.0
88e87ec91352824cfaf3fb1bdcfe0508,utilidades_domesticas,191.0
284f40734f93fd1e46430a7365d571a3,esporte_lazer,191.0
0ec6e7e13e4987eee4e1081a3472f5b6,moveis_decoracao,191.0
4db7441d0d2cf3d22cb4d95f87d8bf63,eletronicos,190.9
77d9c106d2e0bc6122c9f7b991f795b4,relogios_presentes,190.5
c2363f555558eefafc1fb2767571cc57,informatica_acessorios,190.32
411fad26ce07a5a611883f05fb5798cd,informatica_acessorios,190.32
389c2351d11b4f543c93ceb7e966315d,informatica_acessorios,190.32
1ae2f20ff728b72bc2d6359978de7328,informatica_acessorios,190.32
18bbc803715ffa8ec1b58bd3f737fdca,informatica_acessorios,190.32
e3d080fd5b3ce383ec62cf67d4cb8238,beleza_saude,190.23
44dc6124432da8482da2977dbfa88f59,beleza_saude,190.23
63bfa27a0cee21fd896dc27f58b6d656,eletronicos,190.07
a2ba5bcfe3ee03832bf8f324caa32dad,cama_mesa_banho,190.06
c5b72065154ec27c2d1ed8a654c3348f,relogios_presentes,190.04
f2a1b32f85cad59ff2a8444154ac25f0,climatizacao,190.0
f1400c967582a8158aec676d0116b884,informatica_acessorios,190.0
e8f625d123fb9e3cdf3e99bda7db0db1,esporte_lazer,190.0
d32a2781668246350c2a5cfc1459771c,fashion_underwear_e_moda_praia,190.0
d16a25f576e1296fd955eb4136323f21,esporte_lazer,190.0
d013430a166249e4ec5bd775dc4f38a4,automotivo,190.0
c40b12e92be6aee40cc2adab6693820c,beleza_saude,190.0
ba4f075aeb56726d1cf52b7ca557ca70,esporte_lazer,190.0
b5cc4a8daa5a8b1a4832c03bf74be255,automotivo,190.0
84fa04b89f708a4fdfa1d828a277a150,fashion_bolsas_e_acessorios,190.0
833b7baca432a26ccfc3e3eaa8271519,fashion_bolsas_e_acessorios,190.0
70b8127a4ee86d4b37b3eaf5e337e91b,bebes,190.0
6c222e25e3d3c28a643590b836585b4e,bebes,190.0
6ac07b1f9ec61291948108bae2f1d4fa,informatica_acessorios,190.0
6a622dda60b04364ef5d8b59644b8afc,utilidades_domesticas,190.0
601d52789faa7ded8408d63ccfcb4800,esporte_lazer,190.0
54919ddb6aa3bf5bf5901d504a8b7f18,eletrodomesticos,190.0
50a3cafc73d5530ef9a4f1a5a5cc194f,eletrodomesticos,190.0
500909059ad72b36b2554150cc327edb,cama_mesa_banho,190.0
4bae12e58c9b828e1302a2cad437b80a,consoles_games,190.0
49e25af5dc73ad7ac3fefae03aea3e61,esporte_lazer,190.0
2feb7008fdbbf5e65a885a1e5fbd49d1,esporte_lazer,190.0
21b9b9a3c79c6ced9c182a18e95aa159,livros_interesse_geral,190.0
fe2f0ff75805728378c6a8fdc5be7724,fashion_bolsas_e_acessorios,189.99
fd4269ef0b64a4ef82eb098107665158,informatica_acessorios,189.99
f745d12feec8eda8a2a4cd70bbb9a067,brinquedos,189.99
eb2b562ff5f5dd3af46e13264146f0c0,cama_mesa_banho,189.99
e2c329a4516937ef4828102690ae669a,esporte_lazer,189.99
d6b80738418fd3491b89c8d2cf5f8256,cama_mesa_banho,189.99
d538285bd15e067ff40beb6f988b794d,pet_shop,189.99
c7084bc72369a57c93c6edaf0b60b235,beleza_saude,189.99
c347e9e3e30d35fff96379aef21c40d4,cama_mesa_banho,189.99
c154ff1c4c87fe2e76bf46db6cd29d59,brinquedos,189.99
b1c9363781fe50f33136564c9671c17e,esporte_lazer,189.99
a5b601f57c1fe288e77100429a1f1b7a,automotivo,189.99
a1e8d472af4a2704d41604cff9eeaaa5,portateis_casa_forno_e_cafe,189.99
9cd17b1cc8db0de6b175f213e9054c01,brinquedos,189.99
9b51d10170f788eda1e19bd4e8d2d06e,beleza_saude,189.99
8dfb264673631eed595f12828b0ff2c6,automotivo,189.99
86766d5e84f560b949d8a4582e9fdbdb,cama_mesa_banho,189.99
7e53a61dd91122cf3f80674ab5068403,beleza_saude,189.99
7c5514c269002959274a50b996f04e82,papelaria,189.99
7a1ea9e2e4d3d489e8f3ff502a7f8458,automotivo,189.99
78526258991c49156197d9e0e14a214a,automotivo,189.99
77a5f8bbf0093ff1724692679af6e0a4,cama_mesa_banho,189.99
72bc7a3072eb84fd69d8e220fb7dbfaf,pet_shop,189.99
6ffccc089c964ffc65eb623f5acf4a1a,moveis_escritorio,189.99
69ff1e4ad10ccba4d0e1ffc0aa771380,relogios_presentes,189.99
6917f21a7df770ef60ec45dd4714abaf,utilidades_domesticas,189.99
60d60857503b0e721781320f4fa28acf,moveis_cozinha_area_de_servico_jantar_e_jardim,189.99
3bfd406881ee395530b18ca51670161e,pet_shop,189.99
39d111da3ecf6cae8cca1d6d2946585f,ferramentas_jardim,189.99
2d4114b81581f8c123e9d78743d9221a,brinquedos,189.99
25e48b750d3cf285f85f7e605d13dc6d,moveis_quarto,189.99
213875479a90df7b399cee17003be95c,telefonia_fixa,189.99
2001ae82f374f0f76db97ad0b37231da,papelaria,189.99
1c590de8370cd15e869999037e92fea2,fashion_bolsas_e_acessorios,189.99
1a2ece70966710dec441aa587993b5b4,,189.99
13e144085fe0add29464aa5571df855d,pet_shop,189.99
127de0ebca0eb694783d75d96fbf7109,automotivo,189.99
126289ccc36b3b564a105f620f48747e,automotivo,189.99
0c9452f6a812935c0615faee8bf8646b,moveis_escritorio,189.99
adf9f866f766f402a19e34b5be2bec09,utilidades_domesticas,189.98
8aaeae26573fd33a2512d3fb0d8bea6f,pet_shop,189.98
c7671984ff3e8376c2998f75bf1447d9,construcao_ferramentas_seguranca,189.96
75aabf28c2ab4533f72b84fb5b061354,beleza_saude,189.95
262e7c8eaed86e7aca83dcdaadc5a115,industria_comercio_e_negocios,189.95
02965440ee186dd4f7f6e8f962a75c60,moveis_escritorio,189.94
21c7ae0df2196c656289e946024f9224,papelaria,189.92
feb18700015c20ef4ca5098a6288f6f7,moveis_escritorio,189.9
fb8e60e1a3c247d3a2e17f6986e71a40,moveis_decoracao,189.9
fa11ecd35f999783e96ac500532d9d45,cool_stuff,189.9
f7c72fa5d77c897b79b13a5f86f27b02,brinquedos,189.9
f77a346fdfdf07e4818efc84d3c084a9,ferramentas_jardim,189.9
f74fae536818c7dea74d1e3d629fbbc7,esporte_lazer,189.9
f691cdacdf6ea42e5cde08d10928f90b,esporte_lazer,189.9
f4351f9cf9973a12b18474a9c44238a5,utilidades_domesticas,189.9
f38b966670d58abe147f913bbf9a7ad1,cama_mesa_banho,189.9
ec2f95440d5e5376e3a25c8106f5ba76,audio,189.9
ebd511983fe912346e316667a05c5cf9,consoles_games,189.9
eb122b90105653349d119d8307ef5f22,eletroportateis,189.9
e9d5d95031539a8b32c057e158db4977,brinquedos,189.9
e785fc8bd8514e440e2d11f014c68c67,pet_shop,189.9
e09b8cac0ce917d36559ef40c1d17a37,cama_mesa_banho,189.9
d79868fbfc500d54ebab71dca6ebe5b2,instrumentos_musicais,189.9
d6f3bd7b1fc04fb1a2effb51ae44ab17,consoles_games,189.9
d332776387e352fbd83df0136cf05db1,esporte_lazer,189.9
d1f8238b6028d483af2329cb63cc9bfd,moveis_sala,189.9
d0c51ac8e8c69abdcdddfd2ce66ffe3f,telefonia,189.9
cd1615dec63f54ce1d2f0b4ad00d741b,utilidades_domesticas,189.9
cbfe76ab27b6cb27aaafcc2199f9dab9,esporte_lazer,189.9
cb9a231b86e78edf9802645824e0b2c1,moveis_decoracao,189.9
c747d118db61a1c79977309b0ca33ddc,brinquedos,189.9
c2a9f8aeb7a51580fccc2d1c4f8bceaf,bebes,189.9
bff67489d3a21dba020609ae1cbd65c7,moveis_decoracao,189.9
bb191b58fe5bc5a220db96fd387655c2,cool_stuff,189.9
b82d5f6663839dfbac5ce278a4b6b5d9,utilidades_domesticas,189.9
b5ac08b2bc73bc36eecc6107b78247d3,perfumaria,189.9
b046862b2553fe4962392cdc93a2ae93,malas_acessorios,189.9
a9561ee69e9f8808eb4add53d720a447,cama_mesa_banho,189.9
a72d9b5dc60e2abd5063eba3b18d1e86,utilidades_domesticas,189.9
a291cc846d74d97f01611894f983073b,cool_stuff,189.9
99d2542c137ffd3cea8e2867d95546c4,construcao_ferramentas_ferramentas,189.9
919f371545037a68a1585ef9f0b9494a,climatizacao,189.9
90b7c42b2aff33b8f12c37d4c6588f99,esporte_lazer,189.9
907578486a0740d13bf3a595047b3549,brinquedos,189.9
8c70c4455a59267e8e2ddf800792d77b,informatica_acessorios,189.9
8bce28781999184ac2a46c7c83ba0ed6,esporte_lazer,189.9
8a34e97a5098e93f13e0573591fcab5e,ferramentas_jardim,189.9
88f608e85fd33226d6fa5e15d9748d92,eletronicos,189.9
8470bac0f1a7439fe183013eab283534,cama_mesa_banho,189.9
7e5fd19172dd777a98503a8fbb66fa04,malas_acessorios,189.9
79afa72908a4818cf6fda742a5dc4afd,climatizacao,189.9
774e2ab4466ae169c99921fb8c12a390,alimentos,189.9
7724696de32f44179514a643987d416d,esporte_lazer,189.9
750e3a9d8289e451a68398b2c697f119,malas_acessorios,189.9
73d38721d4a56eced049801da9d00ddf,moveis_decoracao,189.9
73554174c2dccb01cade8d0ce976b791,perfumaria,189.9
6c1d133db7e26f35b03876c7f4c0177b,construcao_ferramentas_construcao,189.9
6bb8a2ca133656eeb56c714b61e744f0,informatica_acessorios,189.9
68de8d992d087d6b480879f43b178c98,moveis_decoracao,189.9
6709ad51bf96cce02fa49c31f3d12724,informatica_acessorios,189.9
663cce5b111af36144b6aad932e5a4ab,consoles_games,189.9
6464a70bdd9b0f0dd41a7ceee51c9c7e,cama_mesa_banho,189.9
622a3f08e882eef68dd982a5d0feee69,eletrodomesticos_2,189.9
5fb16f8f2e12b5272baecf3b79914523,cama_mesa_banho,189.9
5bc5205ae68bc0e9997e05fa59b06194,informatica_acessorios,189.9
57de1d67d6badffc863b651c74e59dd0,papelaria,189.9
4e30cdede55788e1239044e270c60229,beleza_saude,189.9
4d68f0bb076a44142f1d1725ba3b3bc8,fashion_bolsas_e_acessorios,189.9
4a1ccd2d546bbea7809a0cf98863eb50,malas_acessorios,189.9
4803f125e17a7b5fc363202349fbf14f,utilidades_domesticas,189.9
45dcebc4f3d844e116f01e3f191711dc,utilidades_domesticas,189.9
439da204990600ea973a60cfb05fc71f,cool_stuff,189.9
4247b4b7b6026cb234f47c0b95193997,cama_mesa_banho,189.9
3fea39f18b756acc072ecde595f7f8fa,bebes,189.9
3fd95674ddba6b30c42b8f62fe543c6b,ferramentas_jardim,189.9
3efe696e322f9139e3d2b894cb1f7a09,moveis_decoracao,189.9
3eeb9c7bc48cbf70ee22b1b1361bd0c3,moveis_decoracao,189.9
3a9d55dadd7f45b28659b20a81c48cb2,fashion_bolsas_e_acessorios,189.9
37f1683632915589a5622c5e7db4c0d0,telefonia,189.9
367e3cfe13596a0efb512e235e40e754,cool_stuff,189.9
3572a945e47ca64e7796603040878145,moveis_decoracao,189.9
3248ca0065f209c49450baf404c47795,instrumentos_musicais,189.9
309418595516e14bc2e98487ee4267d1,esporte_lazer,189.9
30360c8b0b2ac6918f53ab66bc3c306f,relogios_presentes,189.9
2e80de39baa315ca5657caf93b47593b,fashion_bolsas_e_acessorios,189.9
2c2d16b60daef1f9ffb0eaec89527624,cama_mesa_banho,189.9
2adbf3f442344a158c04cb59b8db107a,fashion_bolsas_e_acessorios,189.9
291c4eedfc6f236325724d88bb03101e,eletronicos,189.9
1f7164d40ac0579d08c5b77af30f8dd0,cama_mesa_banho,189.9
1b947042ada4bafeaeb8714e1584d5b1,moveis_decoracao,189.9
1860b96949f9ff0adcd5e2c340d32e12,automotivo,189.9
134e9349b6b54e115f640c6df85fd3bf,malas_acessorios,189.9
12f0e759d76acd32755add1bf8d583ea,esporte_lazer,189.9
12a3dba07d03c2dedf0c40d6499b55d3,moveis_decoracao,189.9
11a8af1af041fa2d890e7922566feadb,fashion_bolsas_e_acessorios,189.9
07a6879526099e7f3483481e5bd60b77,esporte_lazer,189.9
063d6951f9aa6a9c2122a9492480d9ef,moveis_decoracao,189.9
0449db5eede617c5fd413071d582f038,ferramentas_jardim,189.9
ece3f9ce600905d426c4a029517f0635,perfumaria,189.89
b09695c98d949d39cea25c5abb049fa8,informatica_acessorios,189.89
376dbd64a8f0b17e74d40183e12f2f8e,automotivo,189.88
e57e360b85e2ef90b804521ee8e16909,eletrodomesticos_2,189.8
b6043ee21e4366052419dc419b85a029,cama_mesa_banho,189.8
10230be3f50a9367f8220d6c126f0dc6,,189.75
e2372fa4eec7531e44bb43844876e25b,beleza_saude,189.71
dddb4a3fd16bdf4c09003466f7e910cd,eletronicos,189.7
43e9543be42b2a2db9d44f3ab4ddd8b7,informatica_acessorios,189.59
5919b992cefc81ed9074411c99401add,instrumentos_musicais,189.49
90467a0531183f8fd2cc76ca735df8a5,moveis_decoracao,189.45
52d5dde0ddeb4e7544b584c92a38fef8,moveis_decoracao,189.45
d140e9c5f63339fe27f7ee4d48c383e0,moveis_decoracao,189.42
305edcc7b46afd87ca6979ed0409fb09,informatica_acessorios,189.4
9e7b30aadfe27e354bd8252050eb94a1,moveis_decoracao,189.2
de80c37c338574091896b7fdc81dc376,beleza_saude,189.15
bd988548c4a31b6c4fe5571e3cea8f8a,perfumaria,189.08
79706e79825f7409ef032653a271fba2,moveis_escritorio,189.08
b0694770dbbfebe2d48cd288cfce2f85,artes,189.05
ff7aa48b8bc68495866b40c4010d58c9,cama_mesa_banho,189.0
fa928ac86f42e63887184bc28cb452fc,fashion_bolsas_e_acessorios,189.0
f93abb853eee25cbbce73bbc1c10667d,relogios_presentes,189.0
ee4329a32508827791e17cd8daeadb6b,construcao_ferramentas_construcao,189.0
ec3fafb13c7b9f49df72c75171046cb0,automotivo,189.0
eb05c950151de27dafff354e4a7fcc9b,relogios_presentes,189.0
e868c0f77a736432fd2f4f905858ef26,informatica_acessorios,189.0
e56dc998b3577854c0a62f2cfe328b3d,brinquedos,189.0
e0b5cfe78d53b28a2f5e9c2145bfd30e,construcao_ferramentas_construcao,189.0
de3f078dec217fe7b864a4bb912fef7b,relogios_presentes,189.0
dd662a1d30a8b044dac12d0a296fcb70,beleza_saude,189.0
d8cabd83757ecf48a7d2628dee9135c1,perfumaria,189.0
d62fefb3c6d0e49ff0c93e48d4445b95,beleza_saude,189.0
d1e88df8a078e4c427128a12f4f45844,cama_mesa_banho,189.0
d104587c550fe86cd47e55d8f1b3ca72,utilidades_domesticas,189.0
c6ac3472e33913332e3f394ed2ebec24,brinquedos,189.0
c4394cb87a2e8f53e522fb1ea3afd0a5,moveis_decoracao,189.0
c18399e510fd09e3186d34f4206109d7,relogios_presentes,189.0
bcb8826a092a057aedd93bb71d67c24d,beleza_saude,189.0
bb09b0b5f3668effd704b1b2a83cae9b,relogios_presentes,189.0
b9a90f1fc4d536d191445c068ef514c4,construcao_ferramentas_seguranca,189.0
b866fe084d7e99808baee58e21015c31,relogios_presentes,189.0
b0c47ddf0194c9903eef0de06072e058,bebes,189.0
a3f487d2926f4af42e86454a8ec474c1,informatica_acessorios,189.0
a00722035cea70bbf671b758459cde42,moveis_cozinha_area_de_servico_jantar_e_jardim,189.0
98d472f20cae77b0c09f282210da5082,esporte_lazer,189.0
9787e1a082d59d798172f4a7567e93af,fashion_bolsas_e_acessorios,189.0
90846606739f4063e6092aa0fadd78a9,perfumaria,189.0
8effae0c3be3eab7870860070ca5e51a,relogios_presentes,189.0
8a8e4166f51f98d56dfe007218a11a0e,esporte_lazer,189.0
89c5f56df4c7712aa9b0aefb21743989,esporte_lazer,189.0
8896b8c893a3dc9e5a6d10e00bada716,esporte_lazer,189.0
851e00fe0c1176f5bfc7ddddb3c8021f,papelaria,189.0
82cef15a4bafa854c7a2a2c9854b7e44,perfumaria,189.0
821989139f3c663402b835436a9d5639,bebes,189.0
7f8b42a3cbe617b6112e0623f0d32fa2,esporte_lazer,189.0
7f6f8bdeee8ab42b5b4873b754f22a15,papelaria,189.0
79eeb2d2e2c707454215fe450a5602b5,relogios_presentes,189.0
7961bed5641b99f02af87f81764f44bc,relogios_presentes,189.0
7600ad0c8b6aec897862eb7944ae0856,papelaria,189.0
6fd98945d378fd5d76031095b1ba6523,beleza_saude,189.0
6dadaa59ab994917024e4774316a840c,moveis_decoracao,189.0
6ca54e191592a843087a042b0665d7ef,moveis_decoracao,189.0
6a1495163425aad8ea11fcc9882193e0,fashion_bolsas_e_acessorios,189.0
63b6b1707cbd2e60baa30b4ec66265bf,beleza_saude,189.0
5cb599e545ef7edd1495b2ebde57e03b,moveis_cozinha_area_de_servico_jantar_e_jardim,189.0
5c5378e8476e24c149e5b2e678ff4212,cama_mesa_banho,189.0
57f68d17b05e574df89591b08dab6f6a,cama_mesa_banho,189.0
54904bdd42a096ba337670dcc1b68a95,bebes,189.0
52f07ac86d3153309c1695744f846ee1,automotivo,189.0
48f9072e368f7d7a924a4290c84121a5,relogios_presentes,189.0
4732ecf5e4abee8f7ff4d1b8df0f7af5,automotivo,189.0
45986044725e448e85eb0d81251a8892,cama_mesa_banho,189.0
4542ee50e2e43c74599b815a181efe83,eletronicos,189.0
425a12d4dd8e5e7ba3be5c4157f1fafc,relogios_presentes,189.0
3d1d7aa3dfc91ac9490303d6c7342e83,cama_mesa_banho,189.0
3b53b6b3ce85cb52f521117e354480db,relogios_presentes,189.0
387db3d5d5b6b826e84c8bf648f371e5,relogios_presentes,189.0
344cf40b4cf885e32de129b0917e4a33,construcao_ferramentas_construcao,189.0
31e3a259123f3ba71c572f0bc08d9e5b,relogios_presentes,189.0
30ab498424a05754d445336acbcf05d5,relogios_presentes,189.0
2e735404817b030c247617f5716feadd,esporte_lazer,189.0
2dbb788b447f7a145b04e805555d89eb,esporte_lazer,189.0
2a1ac54a9b67c036945d5572a4300887,telefonia,189.0
28fd1639ff52d870a3d2c38090d2d902,climatizacao,189.0
1e2d91422457309faff377cfb67db149,utilidades_domesticas,189.0
180a3dd286404dc8a9154904eadaec99,cama_mesa_banho,189.0
140a6dabf1644704fc0d592be0be59d1,beleza_saude,189.0
140048a7ca8c50c44a58532471837660,relogios_presentes,189.0
11165ade430c6cc010bb0042fe88d150,brinquedos,189.0
10f2f7707444b16ab90c38797c095336,relogios_presentes,189.0
0d944ade388f4db684ab7578aadcc0ad,fashion_bolsas_e_acessorios,189.0
0a39e413aabaa89275742e9707f60f86,moveis_decoracao,189.0
05c2523e08c5262f1ee172b332c3ea44,informatica_acessorios,189.0
02b7929be620a2f05bb13d0c0e2cbd48,informatica_acessorios,189.0
ec165cd31c50585786ffda6feff5d0a6,brinquedos,188.99
d886830f276eaa72305b18639bc4cfce,,188.99
ca26080d8f0fa848c329fe732f5e34e8,,188.99
3e591cbf1cec40074c24a2ce372a5b62,,188.99
24c002cf6aa7f3c184a964064e2a2e5c,utilidades_domesticas,188.9
136b005b69367b661e552c94cd28a37e,beleza_saude,188.9
29b85c2f1ec5f4d02b03737a8fd3698b,moveis_decoracao,188.84
dfe123265435bbc08b40fc418f66d9a3,esporte_lazer,188.81
11fb5797b3ae9cf31bc0fcb8d907979a,ferramentas_jardim,188.8
6ab6d9589ae19abcee458918d4779fae,eletronicos,188.72
93e6c730cc84ef7cfdd20cdfb2269144,moveis_decoracao,188.48
7bbe91ccbf899dc40a38d012a4dc411f,eletroportateis,188.4
aef95f9d9e323e61a5caecdc41907c79,moveis_escritorio,188.31
2653c1a28e65f36161bcc73f0ca52727,bebes,188.26
bd1aace4fad5609f005fd721b45dcec4,cama_mesa_banho,188.23
c9e3b986ab953f3b1f4028bee505deea,construcao_ferramentas_construcao,188.16
ffb97eb64c6fe1baada2410288c04457,perfumaria,188.15
5b706747080dcd34b3ebd803c25ccd65,relogios_presentes,188.03
e3d17fa3c240d8614ea0d89d249b2a92,beleza_saude,188.0
e1bbf2ca01cd51ee3d72ed663136cfd6,relogios_presentes,188.0
d500c64ef3ac31087d21f93faacec268,livros_tecnicos,188.0
d1f3ec866eaedeeeae5b3c7f61559290,esporte_lazer,188.0
a0cd083b8a1be0f8c310806e72bf47f3,beleza_saude,188.0
63c6d5d1d4b7b62eeac562b995ce4bbb,relogios_presentes,188.0
5479f02af4cde2ebe8801cf2b05cd49b,construcao_ferramentas_construcao,188.0
541e61e8b040cedf91222bb991955748,relogios_presentes,188.0
53c3fcae1475fdd6b315e8e6ff690fb3,relogios_presentes,188.0
3ab309bbd24c697b9a493fc9545361c7,beleza_saude,188.0
2e91e5644d8da04d17ade8d59c0990ca,beleza_saude,188.0
29d7696e65020b6cf7846bc4d7668f65,telefonia,188.0
115f1b22fcff1674f62e4e4dea4aea1a,relogios_presentes,188.0
91dbbc0bb2edadd00ccfd122d2212760,brinquedos,187.99
4df66ac9aab3086c57a1cc409b06fed6,eletrodomesticos,187.95
d433ccd6963b166039d9d943a9015edc,industria_comercio_e_negocios,187.9
a448325c57fbf792a2f6ac7d1b730917,climatizacao,187.9
683f5eb77d76cc28e35f087731199974,utilidades_domesticas,187.85
afd22faefd9584467a374bf7a50f0996,esporte_lazer,187.6
07ae32b18ffbde7c6c928721e8b956fb,esporte_lazer,187.43
e5cac955339b48ea3b9773f034623e29,relogios_presentes,187.37
564f6ff7ae760d6eda6d32c551724036,cama_mesa_banho,187.23
1b474c650cb9407d32a1e066937b68fd,relogios_presentes,187.22
f8c6a76085bd3b4341cccb774b554c82,fashion_roupa_masculina,187.2
dea9b88ceaceff342424e0a74ae36af7,cama_mesa_banho,187.2
245d6fd93f56b9e997881f397fbca833,fashion_roupa_masculina,187.2
18692fdc7adb29c885d8cb84eb68a97e,fashion_roupa_masculina,187.2
0afcde02bc6b3c33e6d2dc2a90c7e3eb,eletrodomesticos,187.2
0f3777229e40207d248acfd6e1f716b6,esporte_lazer,187.04
ebe4b53f756dfcecfc539faf8ec0df9f,informatica_acessorios,187.0
ce5960e28657158637346e434013071c,bebes,187.0
a4feaaaf220690fe86cad96217774d0e,eletroportateis,187.0
8b199a0f183f8011403f53356c564d80,moveis_decoracao,187.0
6bc8dadd7731eae110fe2d177361784c,informatica_acessorios,187.0
04caadc7ea07eadcaa8513b4f6ecd8ec,relogios_presentes,187.0
6cf14dbbc3b753384a72cf9c57119063,brinquedos,186.99
a8a24b2139731e4be5246104224f0633,informatica_acessorios,186.98
b192be433004cc1f10b467c0e9ea309b,informatica_acessorios,186.94
bdc32991fd65235de59b26e8992e9b03,utilidades_domesticas,186.9
6ec3c050cedb96661c07a891ee359146,casa_construcao,186.9
2d8f2be4f08788ee3bf5356af2b2ee6c,climatizacao,186.9
8a68c060dbab4ae66aa885e13e1ef7b3,informatica_acessorios,186.81
72cb4380c5a90c64048cafdf60d31f88,instrumentos_musicais,186.7
ee6e15447094b902e95fa175c5695cee,brinquedos,186.66
a6dfe3ac4d3a7c8dcce74a95ba58c27e,moveis_escritorio,186.62
976738868bdcc86e959ba2a7b726d4d5,cama_mesa_banho,186.59
ba17f75fc8d843241e6ebb54c5077fc5,papelaria,186.57
b07d4d53510cb94a50f0088119134afe,ferramentas_jardim,186.5
81f063a76f382b3665b2b1fd0dd0aad0,bebes,186.5
c85ef665dddff9ed38e6545814f24a0d,construcao_ferramentas_construcao,186.4
cc82434eb4afd2f81d3c2525e54cbfce,instrumentos_musicais,186.23
f07c891a5d581691d77863eed1743dd1,papelaria,186.0
8d84ee7261f8b9cf3e852ad3e099e524,beleza_saude,186.0
56fd30e18420cb9a5a50c718168fa660,ferramentas_jardim,186.0
4b63219873a41d0f93899f71f7a80a60,,186.0
39ac440ab059438fe111c13c78aa46f9,fashion_bolsas_e_acessorios,186.0
3207a174f3e42a042883848bbbf6fdf8,informatica_acessorios,186.0
267916420e3477d543e8db15decad252,pet_shop,186.0
15c30c08ae39469fbf52befff9569adb,eletronicos,186.0
dd1391f8da0f3ec40ba009eabfbffb7a,beleza_saude,185.99
d23f2f3a0d52d3cb9effc0e11bae4bff,moveis_sala,185.99
c556dfe03a2efef617497a3de58cb44d,relogios_presentes,185.99
9d364fec2ac9a80f64bae58b5c034832,utilidades_domesticas,185.94
d86936d170828ee19b4bac2befe8ab1e,esporte_lazer,185.9
d6d759f5b4285a0cc72404efa8c19632,esporte_lazer,185.9
bae0b638e494d65220866e1ae813f18b,eletrodomesticos,185.9
4ac218f276a40201c282dd01401e9bd8,informatica_acessorios,185.9
481a7cf644601696cd8f12e1efaf8547,construcao_ferramentas_construcao,185.9
1aa290cdf7d94d625562f35575218444,beleza_saude,185.85
87cc2aef12eddf0b170234138b0946e0,informatica_acessorios,185.81
70275b3042e4c4b6f18637720387bc0c,beleza_saude,185.6
e932008cf0ea7c93a077dd8d7e5f49eb,climatizacao,185.5
90efe66f56959c0750c866fd59f9f92e,automotivo,185.5
bc14412610aee0e67600fc300c46226e,esporte_lazer,185.49
581de99ffa609d5f7b841f0d81df3f2f,bebes,185.49
19b75a8a23f10ec7a6af4e4644c4d71a,automotivo,185.16
62298e8302e154172f8904c0c2fc620d,moveis_decoracao,185.08
fd25ab760bfbba13c198fa3b4f1a0cd3,esporte_lazer,185.0
e8ce8d12c0a9e255475c8098260d3ca2,automotivo,185.0
e15f2eb4bd9c94996e56cc76c1394361,informatica_acessorios,185.0
9b07e5a3113ca2345341e0cda29e4eb7,moveis_decoracao,185.0
7c467bb2783193fce00e68a53bf05fbd,moveis_quarto,185.0
79161ecc0839d5d58374918d289ee6c7,beleza_saude,185.0
77049be2845b00694201083dce7e1f2b,market_place,185.0
6ca99f05e9c1952a6597264e87f01378,informatica_acessorios,185.0
5f8c8e55a203357be71e318167b70a0c,telefonia_fixa,185.0
5357939c29929b47a0e3923da9155fbd,eletrodomesticos,185.0
4e9c78909e68601b5bf58e5797a789c7,climatizacao,185.0
3cfbc83ded5aa170816cc18cdb5d4188,relogios_presentes,185.0
2873da054c3a30189c5aac7b87d3b6e9,,185.0
1f459c80ec206dc814560de10182cdaf,relogios_presentes,185.0
13f7fc9df5f3c16d2757b7421bc40ba7,informatica_acessorios,185.0
10c0e80fdc9bcd975fe45e75af61b256,utilidades_domesticas,185.0
0432203d03868bfe5fdbb86fb2148474,bebes,185.0
af041e55b9882e8263bde0a886b360be,ferramentas_jardim,184.99
a1f36b00f1b14c2f4a0b816e592a94a4,ferramentas_jardim,184.99
a0c39dee6817bb443090f9248eeafa4c,moveis_escritorio,184.99
711f03c825e58b95be1c0b429f7dda1b,informatica_acessorios,184.99
80e9d618cc71f5eed806b81bd62c38e4,utilidades_domesticas,184.97
8ed094bfe076c568f6bb10feada3f75d,moveis_escritorio,184.96
bb90206fa281c20f0b4c42a2393b54dd,informatica_acessorios,184.94
562cc921a8887a6be5832fc2db1c3dc8,esporte_lazer,184.92
da501879ed2eaf908ff2efd3e8535abc,moveis_escritorio,184.9
cfebc59cb2b67aa6a8c005c53c875616,moveis_decoracao,184.9
be7815756efd025355c3e09139c3f2ac,moveis_decoracao,184.9
b48ac8fbef9f889656ccef21bd7ca87b,cama_mesa_banho,184.9
a743efb3ff4bf4f56e265e73e5c23a6c,moveis_decoracao,184.9
7c4bc321009f51cefbb3877de6b98bae,cama_mesa_banho,184.9
65baa03ed325a23536e96fd66b3244c8,cama_mesa_banho,184.9
5d345f462eb17adfd93612708672afb7,moveis_decoracao,184.9
4e83195accfb3316528acc16d754fdb1,cama_mesa_banho,184.9
42fffc68ff7e8176f11baaf4a4227557,beleza_saude,184.9
404e1dcaff65deb2f65466f9bda53117,moveis_decoracao,184.9
2bab55f6233b0221e968b4b5283ba064,industria_comercio_e_negocios,184.9
0c53752695db72c0c10c14f6b89322b9,cama_mesa_banho,184.9
99d44aea5e49748da9f941f1f35d1cf4,eletrodomesticos,184.8
27e83703cdd809616f51c1d456314ed7,informatica_acessorios,184.8
c4787eeb6ad12f7e301f8a9349404443,informatica_acessorios,184.79
4f288e27579d68e616d2712ad669f99e,cool_stuff,184.75
5849aea6eb5573c99c98e52682bd94eb,eletrodomesticos,184.65
bfae0d55eef43da69474aadac456cbe4,esporte_lazer,184.63
a4fdd00347db855f614a18bf51606df5,esporte_lazer,184.45
f1d3e7a4605f6cd5f2a3cf9bde5c7845,market_place,184.19
ca38c039b717207dec906f4fa9a21db7,beleza_saude,184.19
b182ae89270d77dd4a99aa1c72e40480,cama_mesa_banho,184.1
4828a218442ec2f75d8f75f4c0552781,cama_mesa_banho,184.1
3a2c32450609ca9f17e919385cc2c943,cama_mesa_banho,184.1
91237381e41ca4a1a25d28cc10e72204,papelaria,184.0
82d93a866d059bc63b08da7f955a13f7,relogios_presentes,184.0
6c902acc397f02b1193c57085f1ead52,esporte_lazer,184.0
071e6d5971d28c9cbbf618b5123f8284,moveis_decoracao,184.0
187408f6a6f2681f13fe6337c3c5d1ac,informatica_acessorios,183.99
f6c0bce2838cf1bdab4958c4cb8b946e,relogios_presentes,183.92
555dec7f4c47f1d985310349938fc0ad,eletrodomesticos,183.75
369dfa384d5ad2a0cb97cb4cda846c47,esporte_lazer,183.73
bb611cf1352bf9b347e0a3ea5e70fc46,utilidades_domesticas,183.7
e187f69b85487c86a0da79e18ee51982,relogios_presentes,183.64
91c82ace62e0ca1b69b1a45bcc214b45,relogios_presentes,183.39
41bdbb38ef223fae4cae15d6ffb0ce5b,eletrodomesticos_2,183.38
1eb0f26a0aa59535c7bee3e2c02093d7,beleza_saude,183.37
c638e232871cb1e760eaa7e724bc3eb2,,183.33
05f9d035b92494874148f32f940b0f4f,moveis_decoracao,183.33
b18e0067418085fab0785606c86d875c,esporte_lazer,183.3
ac9b6cd9849570634224a1175befc1be,beleza_saude,183.3
6c7a0a349ad11817745e3ad58abd5c79,seguros_e_servicos,183.29
2f26beac326b9a10741b8c59f00a59ab,bebes,183.27
e1a7aca09e5fc1209c44ef72571265b9,fashion_underwear_e_moda_praia,183.0
c14d410aea63d378e1934e00f20924cc,beleza_saude,183.0
aee6a26e6b45a1c262018c8bb3125848,esporte_lazer,183.0
acaed0b9a136ac6408c37731b72f1f35,fashion_underwear_e_moda_praia,183.0
91a3881d2f8b6a993db6ba07284637f5,esporte_lazer,183.0
85095e161b46d68305c1293b02c27d23,informatica_acessorios,183.0
b6c0dab3208ff1a4b29721889b878b81,beleza_saude,182.99
308e5ad92ea784e15a8f632465837c4b,construcao_ferramentas_construcao,182.95
df10a782c44fcfb00afa5bba65777d74,brinquedos,182.9
60b8232efc6b30822171dff08d6c439f,automotivo,182.9
419538c5c0c21d892928586bee1ea16a,cama_mesa_banho,182.9
c3b9c5a3a88d5cd18800fb865741d9ad,cama_mesa_banho,182.85
6642e66f26b6e23817ada36eeae229bc,informatica_acessorios,182.76
8365b258a7ca21a31b8c972495efd2f7,construcao_ferramentas_iluminacao,182.72
697bc524f3fdfaef7c92b56e8cc16aef,utilidades_domesticas,182.53
72aa1e49a803b462fd0a83071c894e7b,beleza_saude,182.45
61e10f3719455e41bd5956ef8dc29092,beleza_saude,182.4
90b58782fdd04cb829667fcc41fb65f5,moveis_escritorio,182.34
b93ce2bec0961862bd811f643e704566,eletrodomesticos_2,182.33
d84e43351df6812fc8bf1c70405fb42e,esporte_lazer,182.32
feeed1b9f26cce6eb3cb81af65eddd9e,relogios_presentes,182.0
eee06252189d5bb575a31c9672cd67ed,automotivo,182.0
eaf3ca98b28c4329251a46380c8473c5,papelaria,182.0
a98657f6c266c87a5477b593aa1b7a80,esporte_lazer,182.0
a0951eca8e874597dc3abaefc1940679,cama_mesa_banho,182.0
544ffb995c65fbbe68f36f36e388dede,informatica_acessorios,182.0
3af9d305a8389f5badc664382683a532,moveis_decoracao,182.0
04a67e69edfb208f784da30294f69c5b,esporte_lazer,182.0
ee667ef9c46d1444ebde2f0ea9c6b4c3,cama_mesa_banho,181.99
24c66f106f642621e524291a895c9032,beleza_saude,181.9
0c3d6918621fbc7eb3c1dbb40d36b746,eletrodomesticos,181.9
d4548e7ab697993ec51d864766a8ea4f,relogios_presentes,181.89
83428935683b0e51254e4deb99d53fa3,perfumaria,181.82
de6d0adf871d95106b89b444a2481fe9,automotivo,181.67
70b9fad17d9a6e0fc5cb1f056f9c871d,moveis_decoracao,181.62
39efe0f8c8ddad17dd5430c500fb0b0f,moveis_decoracao,181.62
d15768e35ed029db22ccd67cb15ec8eb,construcao_ferramentas_seguranca,181.56
92d68e4fc956bc1c90a3aa37916b212f,brinquedos,181.55
42a437e306c8020b829fa2a5c55d3b62,eletrodomesticos,181.55
5194b6f4fa50ae9404bfd3e48ebe3911,informatica_acessorios,181.5
f3720bc68555b1bff49b9ffd41b017ac,informatica_acessorios,181.38
20f160a9cf2e856ee5eba259e9ae33f9,perfumaria,181.28
120fa011365fc39efe382cba4e50999e,cama_mesa_banho,181.15
173d5a1b6c4ea4f41aafca840646d240,informatica_acessorios,181.01
c8ab4e1fd53092c488c0a1777d522b41,brinquedos,181.0
65a6462e42e05ab3b8dc613566736825,malas_acessorios,181.0
4c6aa9277223385c021f01b84ccd3356,esporte_lazer,181.0
2bba3a44641e194c111c2907c17ab7f5,esporte_lazer,181.0
05fa3b5ecdf7f54e97fe25127db0ee7c,esporte_lazer,181.0
b5b7b02332726bc71ed7ad7899bc3b58,cama_mesa_banho,180.99
a069fc741ff92fd8af8270a66f35fcbd,moveis_sala,180.99
17f05cc6ef5563b5e096ab059ca926b4,cama_mesa_banho,180.99
b96665121d5d14f5da703d30f116a56c,informatica_acessorios,180.97
c0eeedfd383f32ae9524a15a8898b129,relogios_presentes,180.95
1db1301d6b2401401a26dd1aabcb809e,agro_industria_e_comercio,180.95
b188dcf56044f0301917cd129630fd14,bebes,180.92
aed4b8c10ee4d129b9db14174ca6f4d9,sinalizacao_e_seguranca,180.9
5a8f056272cbc4ea04c72f989fcb85f8,fashion_calcados,180.9
5a7e53f5efbae183c7b21a52fb83d6f8,informatica_acessorios,180.9
8317b177579dd27ff068b83205e2169b,cool_stuff,180.74
aff39c649de8c4e36d325880de8f4338,moveis_quarto,180.71
df4495e4ea59aae2f22d349cf4b9ab19,relogios_presentes,180.54
7c6ae4d12d2754ca0826ad17792c554e,esporte_lazer,180.49
fa723c2295c02577738691a61d56a94e,ferramentas_jardim,180.48
62984ea1bba7fcea1f5b57084d3bf885,esporte_lazer,180.45
740c0ddee707e6ed16e436d2358f5860,bebes,180.4
3a8023f6ae79b6b7da36d630f2ee1658,bebes,180.4
34ca28e1d0a2055f325d4275bad02073,utilidades_domesticas,180.4
3ce943997ff85cad84ec6770b35d6bcd,informatica_acessorios,180.35
b807683e40e7ea6ec8d74d34f2e02247,bebes,180.25
f5a7d79f27ac4b76ffb13c8ee63d4f07,automotivo,180.0
f5678a0bf5120c7471890a28e7ec5189,esporte_lazer,180.0
e4835fa9d35d4226f23380c4a7cf12ec,casa_construcao,180.0
d88d2f4938825da4771d7972d76c5da7,esporte_lazer,180.0
cdf516ee3c66d21bf05ed94c812a2642,beleza_saude,180.0
c72e18b3fe2739b8d24ebf3102450f37,telefonia,180.0
ba52dec9207d2066d783571524614078,brinquedos,180.0
b89d5de215883aede36ee1988dd754ab,automotivo,180.0
a47c211bcc05f4f96184df606678a7a8,casa_construcao,180.0
a3c95dc653d9a279b160bc0179385ed1,cama_mesa_banho,180.0
a0cfac9273b59efabf0a7d047382c450,utilidades_domesticas,180.0
9b4166d38008a4d6c8efd4af05c0a4c1,moveis_decoracao,180.0
99b4367cf2228c8a86922a0649bee6b8,informatica_acessorios,180.0
94dc79036088835c91a1608825b3207d,utilidades_domesticas,180.0
8f19c4fa78ba4a8d037bc977eef22927,beleza_saude,180.0
8e4a6078c62896ce6e1bde5d53762578,utilidades_domesticas,180.0
8abe436e6720087517880868bee69fab,esporte_lazer,180.0
8133993c7a2e443974f9c5509b09b0fd,fashion_bolsas_e_acessorios,180.0
802b8430511a39ecdad069cf6c7dd812,utilidades_domesticas,180.0
7be98a47ebb9ce48dfa91163428bb9d9,livros_tecnicos,180.0
7946cc9288ba7328ba3f7ef55c146d70,pet_shop,180.0
5f6ebc88683dcfc794febc8d8a8aeb0c,,180.0
5cd5c2ddc5e34238df2b53739013c255,esporte_lazer,180.0
5886e73bff96ae18d2fe525021ac4563,telefonia,180.0
4de1da8993b44fb4a460de990da86db8,brinquedos,180.0
30d1842be9c62546d3fb853119602ac2,eletrodomesticos_2,180.0
2ec3bf1b93f25ee7d82b0f49c5d5927f,esporte_lazer,180.0
26cb1187a1582777242a5907bdaae664,esporte_lazer,180.0
1fb5f3130b9f5c67e7dc57e0f5df6e6d,instrumentos_musicais,180.0
162c1a60e671a6632c2a03243557d549,esporte_lazer,180.0
0a540d39a147c5937238e5126403c892,automotivo,180.0
094102aa6f9acae48f92eec22c02180a,beleza_saude,180.0
06b6d4805b3659e45575c03e57cef6fb,fashion_bolsas_e_acessorios,180.0
e79cd83f9050b980118e3e3a5930b577,cama_mesa_banho,179.99
e6aa64e6ca59df52c7bd02829516f6e4,esporte_lazer,179.99
def19e614797eefc0a11face884c50ba,esporte_lazer,179.99
db7b4e39ca0f4246549e7f3034c2a125,moveis_escritorio,179.99
dafc178b7166ee2eedeb1fccc31ad432,moveis_escritorio,179.99
d54a454ab7bb07b89d29f0b9714c9d2c,moveis_sala,179.99
d3b162a5b147714e8b99909d0f6132b7,brinquedos,179.99
d34e60a899ba1091792aa4bbac4cc1df,eletroportateis,179.99
d24c7932a5182750c209db9a91d209a0,cool_stuff,179.99
d102ed54656bd3eaf5bd365494e08bf6,esporte_lazer,179.99
cd01322dc5017823eaa0744292c193cf,relogios_presentes,179.99
a734287b931bd7a03b9e30261ddc08ef,relogios_presentes,179.99
9df2b21ec85378d71df4404712e17478,bebes,179.99
9a075ce513162a3fb49c28aa1b6be52a,relogios_presentes,179.99
98bf9f3941be6afbca9ea37f8eb0c466,pet_shop,179.99
92fc46ca7d96704d71f84ed65943a0c1,bebes,179.99
8f73613d06e3a557da0249015cbae6b6,moveis_escritorio,179.99
80d3aeff2ab6c9d795010c029dbd5ddd,moveis_sala,179.99
7d96d1abbde52bb350c688d0d049df07,moveis_escritorio,179.99
788cfeffa94621a51f76df9232c26b3a,moveis_decoracao,179.99
728b05c29f6264ed83982354d261654a,moveis_escritorio,179.99
66f1a8d90992af09e58ab4e0496054ea,relogios_presentes,179.99
6698f23d5d6f5815239e55660f30a0b1,cama_mesa_banho,179.99
64bdd5618789d2a145ddc94409a07579,telefonia,179.99
62487ad072596c457fd65db240a755b8,moveis_sala,179.99
5e0d3b97fa004233902791dba775bfb6,cool_stuff,179.99
5cb678a06e40c3a2e49564fd664dac70,automotivo,179.99
5b7266a9c1cfa2df264b8d703258fc38,moveis_sala,179.99
4f9a85a01a3a49b2760aed83cf3d78e1,moveis_sala,179.99
47920da896bbd89e851429c78a7a7a8b,moveis_escritorio,179.99
37274552ed878a9f6279f30be24b1473,moveis_decoracao,179.99
348b10ae8463b0ee175ad03103e59f83,brinquedos,179.99
2d12dfe2cf5a6677b26067f2ddb55844,brinquedos,179.99
2ae327a1dadf4e4dfe0bea38c423e3b7,relogios_presentes,179.99
26320e4682c6a0f297d07f3c74155666,moveis_escritorio,179.99
21a6e49e01d1ee93aadbd8cdf776308f,relogios_presentes,179.99
1ab301df9ab26fc25842366a7c68fb96,papelaria,179.99
186f6f0ad7928097faf963de4b3e67bf,moveis_escritorio,179.99
11fe97e9c97411c66289ebbf9ddbd789,ferramentas_jardim,179.99
0fbe487106cf1d260fa38c000eaa0dbd,moveis_escritorio,179.99
063595b8c2acd495d650be922916fbff,moveis_decoracao,179.99
d3669f49f9303d54bb780e7401365366,utilidades_domesticas,179.98
d13014be74a15d878b1b681b779f3215,brinquedos,179.98
740c2a837de513cc020ad90c1a6cb779,utilidades_domesticas,179.98
5d0b0b39cb1a1afc63583475015c43ee,utilidades_domesticas,179.98
505005df95180728667b709c27783732,moveis_escritorio,179.98
00ffe57f0110d73fd84d162252b2c784,utilidades_domesticas,179.98
fb09ab0eb676b60b254250a28fd46e10,eletronicos,179.97
fb23a21f32d00e71247da1188220cb33,moveis_escritorio,179.94
1108e11fe60f34cb7f2a832d96c17137,moveis_escritorio,179.93
ff7b4560eaf93a8848cd5fde641f39c6,relogios_presentes,179.9
fe644da1135fedca6aa0bf794fab71be,cama_mesa_banho,179.9
fe281ff6eb3a52425dca9c76f4b505c0,cama_mesa_banho,179.9
fc154625377a75559098d1b52e40b78a,brinquedos,179.9
f915422d1dfcaad46759f41c28790158,instrumentos_musicais,179.9
f8fd25407acaa78a395f224cbdc062c8,cama_mesa_banho,179.9
f5c3f6159135311269c45b2b88f67464,cama_mesa_banho,179.9
f529ca0f6c6d8ea226840a3ffb3109ea,papelaria,179.9
f0424e66b65e73c95273f64fa036f3f5,utilidades_domesticas,179.9
ee8c064d6aa1ff4a130e616fab03e284,moveis_decoracao,179.9
ede477387992b401ee287cea9d913e3b,pet_shop,179.9
ea7d883a0a9922f5899f071e5b4f8873,moveis_escritorio,179.9
ea06ed5e6920832c45747b44049051a7,brinquedos,179.9
e9e7c466f491674b6f283e2d2c8da88a,esporte_lazer,179.9
e686dd2e91daebfb0bd2a43ab3f5d803,moveis_decoracao,179.9
e493c5e2a707b9eb0f6d01041c86856e,utilidades_domesticas,179.9
e2a5fbcec3cf55f09968fb1ecbe16638,perfumaria,179.9
e209d220eede88d11b0dd048529e6716,malas_acessorios,179.9
e08d86e1c599e2373d95380ac9a3ccc8,ferramentas_jardim,179.9
db9f690c43d7029be69f5ae0deb4fd96,papelaria,179.9
d9037da9324cfb783ad04fb720ea11d0,automotivo,179.9
d8e8c5f6ab9f4c0214127182ca234525,moveis_sala,179.9
d6ab9feb6ae6e54819050a46462fcc5a,informatica_acessorios,179.9
d0fe571ece70aecb0214567d9554486c,esporte_lazer,179.9
d076ce587de2ab3cb36f6c34f5ec1c8c,moveis_sala,179.9
cf37036bec6f6d8639d1cf0ac3f1d04e,automotivo,179.9
cbb698a524aa75c4c6c9248368ebba55,cama_mesa_banho,179.9
c6aeb159daefcd63e4caed10bf47ef0b,brinquedos,179.9
c63ea4621680c1b0fca8864c0564bd78,informatica_acessorios,179.9
c31d2c7898c24ea73ab60e0660fd693f,,179.9
c233a2dd158de2f5877ef680906a2c33,cama_mesa_banho,179.9
c169014808557ef3fc3783ac1e02c0d8,moveis_escritorio,179.9
bf6d369fda3cc67f960c9290d3e91158,moveis_sala,179.9
bb8e7dea852be7eb17288af376b3b933,moveis_escritorio,179.9
bb6b6e173472747c5b94c0b72c4fe56c,relogios_presentes,179.9
b8e79f302f220a17a1166ef201116f2d,cama_mesa_banho,179.9
b7ac8ecaf5ed4b43bdc03039a67550eb,utilidades_domesticas,179.9
b6bdb28b376292b83135644ff8d4d6a2,cama_mesa_banho,179.9
b665d6299c02572404ef4ee1741140a3,moveis_escritorio,179.9
b4ead6aa7b3afb0aeb2b90691cf0b209,moveis_decoracao,179.9
b393557cfddb0818ae60d6aba7a82822,papelaria,179.9
add6fbcc94b517d1875ab4a9484e49f5,cama_mesa_banho,179.9
a8689b01f296bed129a12180ceb44b0a,relogios_presentes,179.9
9e05b007ff9fc11a8da4d97fcafcc7a7,informatica_acessorios,179.9
97b91c8032defad1460e5225a0049161,moveis_decoracao,179.9
97a929277bfb5cc39a42b7a3dd729f10,ferramentas_jardim,179.9
96592c73e37eabf051bfc0d1ab2bece1,moveis_decoracao,179.9
9597cbd95c8521094d71b7aa87e6da82,moveis_decoracao,179.9
946d139bde35d0aaa51d5299b531a262,cama_mesa_banho,179.9
8f9dc141063eb39ea09a9df984895c50,automotivo,179.9
8ec6aedf40e1175c5446134c40931706,informatica_acessorios,179.9
8b18b26ce90f9f0e4c9ae339e532f325,esporte_lazer,179.9
8983ab045bb0ef91a6fe60adff5fa7a2,esporte_lazer,179.9
8695c431b31927efef5343e675f279e7,perfumaria,179.9
867c96d2bb67aba6500a4c509cf76072,moveis_decoracao,179.9
85b2e22dc10456c8ce7b81f78ba8624b,cama_mesa_banho,179.9
84792cd1fc101f6ba852d9a2e240ccab,moveis_decoracao,179.9
81ad2aebdd010001ccb2bf579b5ad94c,moveis_escritorio,179.9
8019fbe8d40bc84f08ced347ed6908d4,moveis_decoracao,179.9
7d2e5a2c70a96151cd14274d426589d5,moveis_escritorio,179.9
7ae70c929d1b6bcfaa19624f20b4f384,moveis_decoracao,179.9
7ae5c4294636a8ccd3d8574daa6d7d21,moveis_escritorio,179.9
7a38e463ce92bd8ee8449bde3f9ab398,esporte_lazer,179.9
7970fc94b50ea49cd73d4f2910f2f5c7,moveis_decoracao,179.9
75d1ab6d99d81ab64103dcd85552dd28,pet_shop,179.9
74abe2be0a975b4af328f6e69f8a5ea1,consoles_games,179.9
74790a8acfbd4d1a9d5a81b7780fb24c,moveis_decoracao,179.9
73bec5d175955a5bfe85c10e9431dc46,relogios_presentes,179.9
70c88258b8fd97e776fb7f57022427bc,cama_mesa_banho,179.9
70b487a87fee25bc56455501bdc83501,cama_mesa_banho,179.9
6dee07beaa37c13fad2bc4389983f31d,cama_mesa_banho,179.9
68db47d312d0b87e469762f0481d3b9c,ferramentas_jardim,179.9
659c04245988705deac370b5d5ca1db4,relogios_presentes,179.9
61d98ab649b0e6e5ac66ded3d2d38fa0,eletroportateis,179.9
5e015730deea7dfbee442adfb1e29b27,perfumaria,179.9
5dec0a1a4dd30fb1ac9031f5dc4e2f5e,telefonia,179.9
5b4341a1e617e4d33c3305158ff03c69,esporte_lazer,179.9
58337836aef181d35991ca9a8394f11d,moveis_sala,179.9
56fa78f2a0c7d428e8aaa226dac0fbfb,relogios_presentes,179.9
5679959ac1f0086ba80e4c6cdae363a3,moveis_decoracao,179.9
555aa4ac569b61d4ce5bf8b6565f49bb,moveis_cozinha_area_de_servico_jantar_e_jardim,179.9
548ace38f22cc53db6f049c551d31397,ferramentas_jardim,179.9
53af05c8098ddaf0b8e61b1b38e8b4e9,bebes,179.9
4f9d35e798dff81bc71b11b28d9adf7a,utilidades_domesticas,179.9
4f56687034ae954bc6d4e464041b22e1,cama_mesa_banho,179.9
4b7758a4177f67648ad233ef07da2b44,moveis_decoracao,179.9
497afaeae8d825d8938d01e92007f654,moveis_decoracao,179.9
4979ccb21aa205c914d9a092cf869e83,moveis_decoracao,179.9
4737840499dd8ffb4c3e54caf8a3ab9a,moveis_decoracao,179.9
405b91eb4d099e9985d4c2342381e919,perfumaria,179.9
3e6b05aedc40a989d87c8518c6245fe1,moveis_decoracao,179.9
39fbb313b6c8c6cc28e358f37e3068c1,relogios_presentes,179.9
339a989bacc8557091e137fd3ee46831,moveis_escritorio,179.9
2f79f1782a0ab54f3a912a844b00ca66,moveis_sala,179.9
2f49b62fc8f8d52f9c98b8e0e79457d2,bebes,179.9
272e51f7fc982529466144f8b68ec58e,market_place,179.9
241e398aacc909372622952b2ec6f954,papelaria,179.9
22092edc4bf1615d12bbc3ab17d3d600,papelaria,179.9
2084c51a6e1430640e5acf4443da90f5,industria_comercio_e_negocios,179.9
1a69b9ec6d25d7656d024ad51f55c0ec,cama_mesa_banho,179.9
19f1647ffc7e4a8ea74bf2dc45ac8e44,moveis_decoracao,179.9
192fdd97f716a6c79db0fdb15fadd854,papelaria,179.9
17704da54fb7512da5a72cc3b227185e,beleza_saude,179.9
15d165bec0a8ecf3a213dfb0b891e715,moveis_sala,179.9
11b87559bbd51bf8e14c5937b9646344,moveis_decoracao,179.9
0c90f0cece2b9c521af7c85ace4794be,moveis_decoracao,179.9
0a8699af8de9f3c25f80fe9b530df153,moveis_decoracao,179.9
09e5556011177a1f20244a4fcdde2752,moveis_sala,179.9
0812f763c5cf426afacf3538963ac829,perfumaria,179.9
026f43af35e7951067097527d5c31bcc,agro_industria_e_comercio,179.9
003938452c98ff9ab28e9e7b4bfe97ab,moveis_sala,179.9
9b762d5493c778a34af75c9270328fcf,informatica_acessorios,179.89
0751d46ff778c72973f67da627093303,relogios_presentes,179.89
fea2f92877b647dc07ea8e3f4aa2cf3f,brinquedos,179.8
8c7274c4e638e7f229007fe28aafc741,,179.8
85f7542f664dc1afc5942aeee6825368,brinquedos,179.8
0085dddda27567189f1dfd1eda7c286e,cama_mesa_banho,179.8
58727e154e8e85d84052cd22b0136c84,esporte_lazer,179.79
9f75358fa2d94f1d0caaa37653db5775,relogios_presentes,179.75
28f71b48a5f99f0bcf4642ae10352557,relogios_presentes,179.74
1846ec5a92ed15d0dbf9e0e86c29085c,eletrodomesticos,179.67
f48d34d7fa5828bde48c15d602f26aa7,moveis_decoracao,179.65
ba74c6b75d2ad7503175809688d5a03c,relogios_presentes,179.53
c13c5440806b11208f75186e47cc8013,consoles_games,179.52
c0d8d4693da67263b21c9b485cd02898,moveis_sala,179.5
793ee3bd01e3ecec7ab94aed9aeee415,informatica_acessorios,179.5
49dde78184b81926a3e31f6d7083ada4,construcao_ferramentas_construcao,179.5
1d94d1e0c7fb2dcf2811e093d2ca303b,,179.5
fc2edee55f4118969f4dc49f7a717605,automotivo,179.49
f2a949f938c95d18433bebfb12afe395,automotivo,179.49
e877aa9e6e517f9df1e3e8538b8cc37f,automotivo,179.49
da77fdd937aba84787dbbba9231f79f8,automotivo,179.49
c78fe06bf8820aaf7ccbe38f2a7f5a76,automotivo,179.49
b86342c63a6cf10c0bd92517b1a592bc,automotivo,179.49
b7ee4f73c0c56e60a43be7989149c089,automotivo,179.49
b0c91d66c28e96ee21e0616a5ad1ac35,automotivo,179.49
ad0e74d7a7848008daa87492dff8db9f,automotivo,179.49
a104bff7e396a301f5f7ba9f055fa9bc,automotivo,179.49
a058bd781185e59b75160f5133afad9b,automotivo,179.49
99a5e7a2c16478ff3f0ea9c20eb2820f,automotivo,179.49
977622028d06f47044795e2765933ea9,automotivo,179.49
91c36b03df2eb40a4dccdbd16394328c,automotivo,179.49
8b4a33d7c554bbe096de11bb33ce6f4a,automotivo,179.49
87700264f353c44d18c38c328d1fcd25,automotivo,179.49
74985eecf05f5ef2d7e4c59156454e2c,automotivo,179.49
73c92dd0decac87c55334f6ae653ad36,automotivo,179.49
6c4e8db600904b7200ebf7774c28ae9c,automotivo,179.49
6be9d272e87bb43e70975434eaff3ea9,automotivo,179.49
6a595ba787e397469b1a147508f361a9,automotivo,179.49
5c5fe6db8a848392322c5f525ef10ce1,automotivo,179.49
57c02c48a650103c03cfa86b8b67b7b9,automotivo,179.49
56bebf1fde63ae23809cc2fae7f9574c,automotivo,179.49
4f0c6229d5ce73d86039d4887f52f8ff,automotivo,179.49
47fe9ce1e411796d7fd0fe712100ecd8,automotivo,179.49
43fc98441bf3bd68602dd4877adf4c1e,automotivo,179.49
32d2e623efaedc3666528d8c0f629b31,automotivo,179.49
32d058f0f2989cd05c927c0f481a1e43,automotivo,179.49
2342acbbf4c5ba6896316d17a573f40f,automotivo,179.49
1f44a842567301d9eb5c36641e17480f,automotivo,179.49
1f276c0b550d51ec77e9414aa6c45d74,automotivo,179.49
110adb18eeba9a0984478ee3c9302e16,automotivo,179.49
c66f4d77ea8fb8fb4cd25ecc70dbacf7,cama_mesa_banho,179.46
4c4fd057b307bd432dd7588d56ee9636,cama_mesa_banho,179.46
0f8fbb821185443113de3e04ef989be6,cama_mesa_banho,179.46
78b3226efe135da4f498eee302f4d4be,beleza_saude,179.4
7c1001239dfe84755f6c35910436abd1,automotivo,179.2
cbf065c6b1569d0a2f384856d3f27dc5,pet_shop,179.17
fd1d81ca3e323dfc0b3f48e0225e4bbf,esporte_lazer,179.0
f8b624d4e475bb8d1bddf1b65c6a64f6,utilidades_domesticas,179.0
ea7372593696ba29709de6d6d3092f48,moveis_decoracao,179.0
e7dceae66fa56a4b4c9d62e72945b17d,,179.0
e0f63b6827db5de140206f0e66485f3c,utilidades_domesticas,179.0
db7e6804f1a8206a7e51c9a741a09d9e,brinquedos,179.0
d8342ac8b27a03e8d25280c296dfa830,moveis_decoracao,179.0
c760b9447b368feb545ae8c568e4c94f,eletroportateis,179.0
c6c1f263e076bd9c1f1640250a5d0c29,perfumaria,179.0
c4e4a69d5b6ca483ab74aa846587d11f,perfumaria,179.0
bdee5506e0699fa985e30a00b701b17a,moveis_quarto,179.0
baf4f12ea16c1bb2c457a90df13e4a3c,casa_conforto,179.0
b0619e7ec34ce21283851c82f5189caa,utilidades_domesticas,179.0
a8f31c4f4cc9429e3c72db72dec3fc1f,esporte_lazer,179.0
a85e15cc715d8d8ce1d520208aa1304c,esporte_lazer,179.0
9bc56dc1c13a3dd110faa962cabf1531,casa_conforto,179.0
93612dca2cc02cd586ec7e862f2edcbd,papelaria,179.0
8fd4a0aecf57598dcdc75d1520069acf,perfumaria,179.0
83512a315006faae70055f4dac2a642e,moveis_decoracao,179.0
8316d26952b55175c94aaaaaa4cd4a43,moveis_decoracao,179.0
8156560a597cfcc16981c907c4cae459,cama_mesa_banho,179.0
79e95411be04d7f2382be6cca1779ae7,moveis_decoracao,179.0
777c0b09022d68979d7c489251a4c7a0,moveis_decoracao,179.0
715de93e3ca2fa3b11430ae2914d2203,pet_shop,179.0
6f58bad9504178efd4b89d4cd920672a,relogios_presentes,179.0
6dbfe807ef0967e3a7136dee5bbe90ed,relogios_presentes,179.0
691e94cb0e5eef842f15bb1ca0dac309,utilidades_domesticas,179.0
5db096acdea1d87bfa4d07c1cc70c492,moveis_decoracao,179.0
5a4f16bfafb54a744311f01c11c05737,informatica_acessorios,179.0
59d9245beb10febb688aa778cecf1bc7,relogios_presentes,179.0
58e7e9ff092e30b9c71ccf594c99433c,casa_conforto,179.0
5594eb45b3ced02488aaf71edfb32d92,casa_conforto,179.0
544f4b7ff50d0cfa47e70a27458c8d95,beleza_saude,179.0
519246f38910c45249e57a9f9b9fc142,telefonia,179.0
511dbadd5cfefd835e705f38eabedd12,automotivo,179.0
4d38e93bf8056fbb01a32e72f0257df8,cama_mesa_banho,179.0
44c2baf621113fa7ac95fa06b4afbc68,moveis_decoracao,179.0
310b993294194cea025dcc9c23637b62,utilidades_domesticas,179.0
30b5b5635a79548a48d04162d971848f,esporte_lazer,179.0
24a8def3ef6e6ee8fcaabfa6e0e9f6be,ferramentas_jardim,179.0
23bd5dc8d3c4cbe16e947b54fc22b3fb,relogios_presentes,179.0
231a4c5f70ff00bbb2d76f80604af2ff,beleza_saude,179.0
1d7f26f5a811fa26335fcf8ba11b9f77,relogios_presentes,179.0
18d79c2b73a6d9e34208eaf182edd13d,moveis_decoracao,179.0
17787817a9595579380dbad81feb561b,malas_acessorios,179.0
11f97b0fc032508935ea374eadece168,relogios_presentes,179.0
0fe71728868b7995080b3971f0b94c70,esporte_lazer,179.0
0fb6b59dfdb5d97bed3bef40ffe49885,relogios_presentes,179.0
0f92f397b79607d4226672220bd7a291,esporte_lazer,179.0
0e687d00ba3214b4aca6397a14d49373,eletrodomesticos_2,179.0
08d207a2357381d924df9b7cffbf2d22,relogios_presentes,179.0
01cfc3d9c29504c2d370933e53f002b4,perfumaria,179.0
acd8d7f70cb01e9251e4da67e8813ffd,moveis_sala,178.99
a7bcd880d9580e8b2ab78868836ceb4e,informatica_acessorios,178.99
46c480f48e4167c60ce2ddf4ed25a819,perfumaria,178.98
ff81cd23251a357a120054397a01849f,cool_stuff,178.9
e53023ab8367557ec53afdc82e03121b,relogios_presentes,178.9
d670c0f6be30a062ebd8f8612ea82d71,telefonia_fixa,178.9
d078d453361cd47a1041bf9a20a92774,bebes,178.9
94080f9219044d897195e2be145945dc,automotivo,178.9
46d66b9ad911a2cea5e3c9127aa7fac5,climatizacao,178.9
19a20f150018f5e9df17c838f7139435,utilidades_domesticas,178.9
124ce940a0950f162eecf1c7f3db5a53,instrumentos_musicais,178.9
778f8850980a158eafa6e7555c085ea1,instrumentos_musicais,178.79
1cdfaf0cc5abd6063d3a10ae3318f345,cama_mesa_banho,178.65
01cf56cd6138b926a4802d16fc304149,eletronicos,178.61
cfdea8fdeffa0be98a7e7d3e1dd71dcd,utilidades_domesticas,178.6
76d1a1a9d21ab677a61c3ae34b1b352f,,178.52
e4c9d4670d5132aeded7f187fe4de0cc,perfumaria,178.5
b7545fcb6846edbe119f90a80889b31d,cama_mesa_banho,178.5
81310f3abbc71bf476f866abfa353df9,eletronicos,178.5
3193a48de17d955edc655009bfd530e3,bebes,178.5
1379437fdb5620cec92ee180f1f16ebd,cama_mesa_banho,178.5
9df0e8a7eef2a38b74e6d5c0e224b11f,moveis_decoracao,178.49
143bc7fcaf6929ef5979e58abf39d4ed,moveis_escritorio,178.46
638a9114d65182d28b1cf8a99e72d90e,construcao_ferramentas_construcao,178.45
0530063c4be8e898dd6dac7d6bceff24,moveis_escritorio,178.45
d48782d1a53a65a84d63efd6aabd4f03,construcao_ferramentas_construcao,178.2
daa4eea91573400bba053e0b711ff8e9,relogios_presentes,178.0
d65a8b442d5ca2ebc7ccd31732257bbd,relogios_presentes,178.0
c74a37316ea4fc5a410fc4ff2429a048,relogios_presentes,178.0
ab5471c55ab7dcdfbf32ed5f4edbd592,cama_mesa_banho,178.0
85f1c33512bb37126e995ddf7de34cb9,relogios_presentes,178.0
7a10f0794d6c8bf257417ac22866e78d,automotivo,178.0
758acc685222455688ff4b46d5f5dfd6,moveis_decoracao,178.0
567c45f86af8863b92fd65d77298a599,cama_mesa_banho,178.0
4177b72d13340189543215377d48f3c3,eletroportateis,178.0
1ea2fc5b9d57d4a38537bc42da63952f,relogios_presentes,178.0
0e67e54b55cf6c87a00d7f0fd3c5c491,eletrodomesticos,178.0
5a719c85a2cad2da6076ea511aa4023f,informatica_acessorios,177.99
241241093bd6986615756b4d8a01de8f,consoles_games,177.99
152d8bb1e16d0a4f567c7cece5e92b6a,cama_mesa_banho,177.99
0d3847e4cbb1d79d2e28b2156f1e11f2,moveis_decoracao,177.99
48d402f7e2e296fe1fb7d29220857042,beleza_saude,177.97
c6e4094f85503e051a1ae5e213d5d1ba,construcao_ferramentas_seguranca,177.9
a0baf68f73515bb20254e024f0cae124,instrumentos_musicais,177.9
9c6c775832b5204b41694fcf8ca60aae,informatica_acessorios,177.9
33bd5538a16d23f0a39da1c9bfd20980,casa_conforto,177.9
16b36661fe58157f31bb0c63492d5878,instrumentos_musicais,177.9
010951987d78f9d52fbf50a43b690ba1,informatica_acessorios,177.9
f6085e99db2df10f9829b6193314615e,relogios_presentes,177.86
40b2a43c74c26b963dd1bd05384663a0,esporte_lazer,177.78
854289563c41e83bc59072f5b61fdece,relogios_presentes,177.76
51d1db0b0ed8fee9994a5bae549a6160,agro_industria_e_comercio,177.75
92d2d88b37a70060bd536b8790d9edaa,utilidades_domesticas,177.67
89e53f7e4890b10cd3fabafe0e4c2989,automotivo,177.65
f40db27e4f52937182f6294988231376,perfumaria,177.62
7b8d9c8c0d923944798fd521f6d0a1af,construcao_ferramentas_construcao,177.5
42a2efd39155b59e16bac90081495285,relogios_presentes,177.5
da37b1e69fd193ddbdb8721c9079656b,cool_stuff,177.4
1ec5253cf0b6d3a31b822770cfa139b5,utilidades_domesticas,177.4
9a24a6e49842bf0d95c661b7ea0315dc,esporte_lazer,177.32
4ac095ce30a68573675e2e0206d31b12,eletrodomesticos,177.32
c4cde99afaa1f45277912a3cf485021f,esporte_lazer,177.24
8edf8f0889f2cf40d743f3b983aebd3b,automotivo,177.23
f1a7551730e920950fb0346630971099,esporte_lazer,177.2
e178e8610a35f4d6c9b0934fb5e20e85,beleza_saude,177.19
21d2fdced5c69bfc6539b67908a4ad28,moveis_sala,177.19
addc4d1f7d82e1b6c5ba37d6559ac127,automotivo,177.04
dbc624bf17ad3fdf6f8e5737ad9bf1cc,beleza_saude,177.0
d6062a139383f9f749121e67262ce7d3,papelaria,177.0
d41abc00681320620cf860628356401f,moveis_decoracao,177.0
a396c58c1c3c3bc927aa57ed987a75ec,relogios_presentes,177.0
a2126f7ada429102152fae6f8a07e890,moveis_decoracao,177.0
a08e089c16d4fe47da5a11c6620843da,,177.0
92dc38393e62d366ae080808b222ccae,utilidades_domesticas,177.0
7958e96171ca669184bf4a085d7deec3,cool_stuff,177.0
55782cb82e0efe052da0a3da237da3b2,automotivo,177.0
1cd4e06e315c38b1a4a3268caa41fcd8,cool_stuff,177.0
1a0971a6f39f04118207a7308d451e9d,papelaria,177.0
9981d5a8b44135a14dffa76e857d2d83,moveis_escritorio,176.99
80ad583034527f821e579d479f82fae9,moveis_decoracao,176.99
7d280add4441effb2c942c68738b3faa,moveis_escritorio,176.99
7d04c7dea507d3f66a22b0997525b0ad,moveis_decoracao,176.99
5faf9582cc171d5db03fdf4b80076a15,moveis_decoracao,176.99
59707268b54920d0814697573f63c818,moveis_decoracao,176.99
1d26d159bfabfa6a92ceb697ec0c5d56,moveis_escritorio,176.99
1d1d29cb3e67f3a4d7eb040b5a13d361,moveis_decoracao,176.99
b40ec43bdfc6d6fdd65e882066a5c895,informatica_acessorios,176.97
26065e1e41411e39b249500b750e0e8d,moveis_decoracao,176.95
6309ecb18b264afd138380fe238589f7,moveis_escritorio,176.94
70c9d38055bb316285aa937715c2e82d,utilidades_domesticas,176.93
a9ccb9dca11ae8ca804b47417d0411f2,utilidades_domesticas,176.91
9270f3b77242cf44ed272b9c1c0f8653,utilidades_domesticas,176.9
482e0a72b19df54bba7ca208726a3241,brinquedos,176.9
79469b17ae739422fe9f4c789d6de229,automotivo,176.8
e45f2a329621593cdfa31be2b8a3bb3a,cama_mesa_banho,176.75
1a7cffdce32ea72085aa94c27b19d01a,perfumaria,176.66
fb338b6903065759031dcb1d6cf7cac9,utilidades_domesticas,176.61
9674b7f245c1d659972605a979ac3dcf,moveis_escritorio,176.59
dfc9d9ea4c2fbabe7abb0066097d9905,cama_mesa_banho,176.57
bfd40187494874d9bda6626efbff3bd3,brinquedos,176.57
8bfd18c7b7358231b2a3f9ae98eed105,ferramentas_jardim,176.57
49b624365d1b55a1747aedf255a15e62,automotivo,176.57
428f4b96ba9f630e761b333673039ae6,moveis_quarto,176.27
171787b81fa784a521d7ba199e6e9fa6,climatizacao,176.26
0ad48bfc4a5619823e2b0f24b3c0b11b,automotivo,176.21
ee232674616de808d98d869168d6217f,esporte_lazer,176.0
99e5bb4c663a917790930e48d65a8087,relogios_presentes,176.0
3fd5f09fc9d1c489bd94669464077ede,papelaria,176.0
b5075db67f027daed66cc97a6626a7b8,cama_mesa_banho,175.99
95380c355d1a589a9f3e7bfe9e5920d3,cama_mesa_banho,175.99
45c16b5961d3c6b54f202121673a2c44,cama_mesa_banho,175.99
3803502e6590e7de4f77af1b2cb8d0c4,utilidades_domesticas,175.92
330a8a8d810e84c45bf6fece44e082c8,informatica_acessorios,175.91
bd4007f3a50676aa56e2696897f4a706,esporte_lazer,175.9
540a51ebd9cd8f5714698467afc89071,beleza_saude,175.9
30bbdf80d68d281c9cefcb26becdc8ae,perfumaria,175.9
97e50905efad4b7cdb046db112ed9328,beleza_saude,175.8
747152211829957938862c1c57a30f16,moveis_decoracao,175.8
8aa6223e400af9c97b07c75993142721,bebes,175.74
02ce467092b184e71d3967d29110adc1,moveis_escritorio,175.74
e64a9b6ec4c7f4081be3a5f7ce77d6fe,moveis_decoracao,175.67
d36c8237f8a0a889aa9d6ac7816097e3,,175.67
9a6fea01f6d5bfc01c9ac539f93da5ac,moveis_decoracao,175.67
b4b50667a9874708d4e3ac962ebb21fa,construcao_ferramentas_seguranca,175.66
1d3f55c00acdb29bd959f2760abc8b7d,automotivo,175.43
01c2e91674406ebaca6a1bbf7f61c3f0,informatica_acessorios,175.4
3eab174ff708dddf896f165e766d1b54,sinalizacao_e_seguranca,175.39
3fedaec688964ccf38949f271a51c888,papelaria,175.37
908cc1d3a4c57d9d802fc3872e396395,moveis_decoracao,175.3
3f217ac180c743ff2e4b047d4f205d52,instrumentos_musicais,175.25
a78b7b0cc4bc7068c5ba6051f0101484,cama_mesa_banho,175.23
f1d4ce8c6dd66c47bbaa8c6781c2a923,bebes,175.2
046bb8477448980cb3355e0702e77a0e,beleza_saude,175.06
36ca9a8843947771769143fd2ce148dc,moveis_decoracao,175.04
fd92a7f41be98d0580faa2e6683b4ca0,malas_acessorios,175.0
fa157aa51a996cc533b9048c3c8118a0,perfumaria,175.0
f324dfdc1e7097c078c8b2e3fb1dce0e,cama_mesa_banho,175.0
ec58535d820b93edc3f1cfde52290334,telefonia_fixa,175.0
e7d05769123784629c9484f57ad35176,perfumaria,175.0
e73a764ace9b74b912bea28a731f60e0,moveis_cozinha_area_de_servico_jantar_e_jardim,175.0
da662963d06871d0e88300f9c6df43ee,informatica_acessorios,175.0
c33c4c004ece60b63399db2f36374f93,ferramentas_jardim,175.0
bc3c6d2a621414f2e1df7a8a32a2828e,sinalizacao_e_seguranca,175.0
b90e1ae66051c1c035ae54b2bcb889ff,cama_mesa_banho,175.0
b573e2860f2732edf610345956e81bb9,informatica_acessorios,175.0
aca27d7a91bfb10489d3e1aae184d137,perfumaria,175.0
a704d78958b47246aea55603a798d0ff,beleza_saude,175.0
9c54fc6d530332481d147e58ed7d3eb5,esporte_lazer,175.0
8c10db7e2bc84a4697eaed54db164c7d,perfumaria,175.0
8b50377e6ef3606c6e606ca0289d5f34,telefonia,175.0
8ac24e23a102245823e640f485846289,eletronicos,175.0
8a7a92a0e4e5abcbc90117424507bb7d,relogios_presentes,175.0
754cad4d4066b7675d65d47ac51d29fd,cama_mesa_banho,175.0
607533a152a7db3664c7bd5b24fa0e36,cama_mesa_banho,175.0
5e7f8e7aeb1f57dd83aae171dec38a73,moveis_decoracao,175.0
531e80cf1d0a71c020c1814e474a2045,cama_mesa_banho,175.0
4af7719ff3907f9e7f11a7652dfe5d90,moveis_decoracao,175.0
409ad0594dd6af287d870a566756dc10,eletrodomesticos,175.0
3f4a3b8846f4522bd68853a50114da49,esporte_lazer,175.0
33f41a54822aa8a1ecd90ee3e986a4ce,cama_mesa_banho,175.0
2e9ebd07bf8a1740376abd8be93f6fb9,cama_mesa_banho,175.0
2e19ac96fc0b777c7e0c821618eaf98a,relogios_presentes,175.0
1ec5373950b7877c5de483a123223810,esporte_lazer,175.0
0b814a3c8fa6dbb849df7c28c1bd6831,moveis_quarto,175.0
9653bfe8d97baee3031ad3d15b73584b,automotivo,174.99
6fee267f4631409f41121e09376e8fbc,ferramentas_jardim,174.99
61ba71a0b111e24da5c8fd2f0e61b0c1,eletroportateis,174.99
2de5c479fb0c490a0f2a2f3ab36e71b6,ferramentas_jardim,174.99
0935f6cccc192ab670cdaa08c2b574d4,utilidades_domesticas,174.99
575a896d07cd269eb0b2b8762e0be261,esporte_lazer,174.96
d10d49582dba25513691f61dec3a2d8a,esporte_lazer,174.95
1dba1b8c4782c82bec9252bc5cca3b76,automotivo,174.92
fc956e40e1a0ca9889d2e182aa6fddd3,moveis_sala,174.9
f39e720d7174b473f81e8a7103e562fb,papelaria,174.9
dea1ae8abcd2a440ab30613558fbfc66,moveis_decoracao,174.9
d5f4f441812a9a67cf8fa6d6019192c8,beleza_saude,174.9
a99b48b5e48dad4129ce5bb0cd079153,cama_mesa_banho,174.9
9f2d380101b20c5fb31454776800c445,esporte_lazer,174.9
9e16022b3e12a7cd1e18755e2603f3a4,moveis_decoracao,174.9
977e5f8adaa0cd1dac4f4b1969ec598b,climatizacao,174.9
95107d7e48355c8a545bbde8f832a235,moveis_decoracao,174.9
937a43407f2cf75f612cef2795160860,utilidades_domesticas,174.9
79cdc73931bb8e30077784ebbd2a16fc,papelaria,174.9
77745dd9f1224c72a2ef931ded7a0bb7,moveis_decoracao,174.9
640fcadaeb5f06f26d6b07d366cebd34,moveis_decoracao,174.9
583f23b0484747654c01a98021608a89,papelaria,174.9
547ef2af00ca493818dd33eb5216b22e,informatica_acessorios,174.9
4d483bc32420eaa4119978b42a7544d0,construcao_ferramentas_construcao,174.9
2d0bbec441acd48f8b643a07dd326281,telefonia,174.9
16afeb4db1b7fa1b52b58d3012ec56be,brinquedos,174.9
12bc40cc267092a471dfd683058c8142,moveis_decoracao,174.9
0bc26e3e8475d1df57c86c60c3304a27,informatica_acessorios,174.9
be4247cbfa1bf907db555eed70cdca03,moveis_decoracao,174.8
329ee774172a8dec4ae65b229f2c73fa,esporte_lazer,174.75
eb6b6f708fb1a57720d0734f30c3b31e,esporte_lazer,174.7
2174a02a3c42e648e408c9b3505c54d3,esporte_lazer,174.51
fb6ef896af51dbc06d51d65f414703e4,moveis_decoracao,174.47
21e09cd30bfe8dd795517cf1fab6359a,cama_mesa_banho,174.44
79a564cca1924553af76d396bf7c0662,malas_acessorios,174.43
a6b0f0c9b63f3b47169188d31f9f67bc,moveis_decoracao,174.42
d654b576d9c9844bd7f6468421a38f48,automotivo,174.4
2e5c0bb27fdd53873a033938b91ed656,automotivo,174.4
e7cc48a9daff5436f63d3aad9426f28b,telefonia,174.37
b7d94dc0640c7025dc8e3b46b52d8239,informatica_acessorios,174.32
b52e7c92200ed9874e77bc09b5ed4d40,la_cuisine,174.0
a9bee48e0a7a18e54e069c38a97e8b6c,utilidades_domesticas,174.0
a437d4e13afed02d510ea08321cdc5b7,relogios_presentes,174.0
90d0df1dcc6b9808cd5f1451917e1ad0,papelaria,174.0
6dc1e760dde478aea03467d92737a0a6,fashion_underwear_e_moda_praia,174.0
6b8d627bee6d96ddc7a0aa203ba07016,telefonia,174.0
68b7fda28d528d3fc87e60fcafc5830f,moveis_decoracao,174.0
2ed52188df2df50745b4f6a9b0fa1c06,esporte_lazer,174.0
24c5c7be57099780f07ded545f898d8b,cama_mesa_banho,174.0
0bb9709934061bd3316175ad24d90409,moveis_decoracao,174.0
02b824e9f1158bc1005e058c4ea78e8d,eletronicos,174.0
bb2c7ce7e17161503be275fd36747626,bebidas,173.99
78d6410e644f39c0dd2909eb6cf550f5,cama_mesa_banho,173.99
8ba8c90e50add29be3159373ea7cb990,perfumaria,173.93
071b6fda0410cc12642f1083210f6703,utilidades_domesticas,173.93
e31cf1512c0473f66814000fbc9ad337,esporte_lazer,173.9
822ec6c9995d2e4747d0c33e98d61ec8,construcao_ferramentas_seguranca,173.9
bce474cc95b6e77657e10939b0b4248c,relogios_presentes,173.88
95e25af33821b9d231e06f1e7cd34d4e,moveis_decoracao,173.74
861857117917aaa99611defcc0d514cd,alimentos,173.71
52c80cedd4e90108bf4fa6a206ef6b03,ferramentas_jardim,173.69
c009a10ab0adcf9eb04acb847783e38c,utilidades_domesticas,173.68
39d927da9853bc98764f42316d02351f,esporte_lazer,173.67
0f9dbdf3289052ac7406ba5bc1b0dbc4,relogios_presentes,173.63
a01c3a8e3ccddf44069c082b1590f19a,perfumaria,173.61
1d1021f2e10ec199e91f5a80355fdaf5,eletrodomesticos,173.61
87b7dd1206b94ab75b6d45bbe487b24c,perfumaria,173.42
fc84057c7ba16fe04a3c66cf104e02a6,moveis_decoracao,173.4
64f905cf518f84bfe0fbcc33bf6f0e9a,esporte_lazer,173.4
ced87016b816472a7e668e311d127ae0,cama_mesa_banho,173.33
907c84d5b8961d53ba1b803638fffcad,pet_shop,173.25
7fa4c60dbf8adabb4797ac6719fbdbff,beleza_saude,173.25
ec7b2b334516bb56c78c6c26dc1136d9,cama_mesa_banho,173.0
7c6ff274f0411bde88f5df8db5f64693,informatica_acessorios,173.0
64df949908a46fb485e56ba12c1ed052,cama_mesa_banho,173.0
34dfc6386b7550503bd2e582ef45d041,utilidades_domesticas,173.0
2bb50024a4ce3a095108b812829e4f31,papelaria,173.0
063daeb82f41e36a160549515ef28e75,cama_mesa_banho,173.0
cf43916f0ba449bea875425d18c8815b,fashion_calcados,172.95
d696750e550fd0f733979dd7e5dff921,utilidades_domesticas,172.94
65f037a133d9ffc71164a5d69dee187e,pet_shop,172.9
45b280868bcc8124d9309f459a42eeaf,esporte_lazer,172.85
62f423e57a8c157d3877ee5867d7db88,informatica_acessorios,172.76
e792f2bb275bdea9b6076c2acbb5abcd,perfumaria,172.61
900a1000340c354f62ee5f07f3a080ac,ferramentas_jardim,172.6
c40719220792e9a4b4bdfeebb4f350d1,informatica_acessorios,172.5
7053ea870121d9f77c255101139dd0e9,informatica_acessorios,172.5
3e9fecd898d8fc598fb18399c2af0248,perfumaria,172.5
e81c3966e44d9ffb21a94481be3613d0,informatica_acessorios,172.45
9616caad30917a469d87d2f95cd603cb,informatica_acessorios,172.33
7e4453fdebc830f4198332526054960f,moveis_decoracao,172.33
c8467740c17bad8744006eb0e041f142,pet_shop,172.2
65906875895d4c8ba11779d8bd5b1270,automotivo,172.2
4ba501db540524d84cc382bb041ac508,beleza_saude,172.18
b7217c2f0d36a676e0350fa550c61fee,cama_mesa_banho,172.1
bd8c0934082247e8c53c9b8fe35a4dad,relogios_presentes,172.0
74104f4d2a450d95d04f0bed142b082c,utilidades_domesticas,172.0
5da831182fe9ba6ab33ab17bbc5d16c7,esporte_lazer,172.0
155663cd6bc8d7e90375c19f73136bab,relogios_presentes,172.0
04e90f954f5fde312ce378b26ddfad13,utilidades_domesticas,171.98
fb61913f136b043fa02aef89b739fd1a,beleza_saude,171.9
ceb8943f1e828dc9b58eeb0d0c83a377,esporte_lazer,171.9
c7f00fc7c45096568acd0e79ade90e64,esporte_lazer,171.9
b0d49de379c3f4c50baf1b2d776f5c54,esporte_lazer,171.9
7763c967c82c3f53fd256b1c786cd363,consoles_games,171.9
29ef8f163a85d31f5a88354c0007a6d1,esporte_lazer,171.9
378fed7e555fa94c149f571bba1d71b0,automotivo,171.86
7329db39e452f3fa1b4f8285055a8e36,papelaria,171.6
02ad78835ec3f72e750d1dfa6a7e11b3,moveis_decoracao,171.39
2a5806f10d0f00e5ad032dd2e3c8806e,moveis_escritorio,171.3
b1443a3dadb0b2b1edf47ffe38366788,eletrodomesticos,171.15
bee2e070c39f3dd2f6883a17a5f0da45,informatica_acessorios,171.0
a5cc78a32cddc1ec920b5546f188cc3e,pet_shop,171.0
a1ba3cfb1b59331aeefe47e5fdfe65e9,construcao_ferramentas_construcao,171.0
6480f3f31b23d41c1b8ad051c201b244,beleza_saude,171.0
29bc923d3ecb389b5b1b6fe2a6e4799a,cama_mesa_banho,171.0
27f0ec8644d62c85b25674aaa6d1124c,,171.0
6dffbeaccacce13f3812c3cfea13ad7b,informatica_acessorios,170.9
60567eaf5cdf794639e94508ec387a82,fashion_bolsas_e_acessorios,170.9
5f141d2c6058727659960a250aa940f6,sinalizacao_e_seguranca,170.9
a78b102a4520ca6cf50885443c44080b,beleza_saude,170.8
06f0e85c7892d5df893f332706340af1,papelaria,170.67
e78506414d2563b6414cfd84b7fa0802,perfumaria,170.5
11e5548d5bc9bd5ef53d3574d9f1c0bb,moveis_decoracao,170.5
4281803fa72c51eef83d338cc2fbfa7b,moveis_decoracao,170.49
242e1933d9cb1c789d3c6a3f2d083ba0,brinquedos,170.23
364c376300bf404053c44c790b493868,eletrodomesticos,170.1
fcc54227ff8274a40686b505d5874e8c,beleza_saude,170.0
fcb72602e3e6f59e5fdb5c3a4a3de410,,170.0
f4d2144023a238288d36db2840a37ea0,informatica_acessorios,170.0
ea74c867ca62f47d2c6bb8f14bdd34df,utilidades_domesticas,170.0
e4a91e319865c0ed703b608671ec48b4,esporte_lazer,170.0
c327898dd247165a50bd1d6a2a38347b,bebes,170.0
9fff2c7eb7b525394603ee6bbecc9e4b,bebidas,170.0
84952f1f00709e71d58587cb34163e26,eletrodomesticos_2,170.0
82caf2c378df511bd246f66917199274,relogios_presentes,170.0
7686fe49c98ae1c537b5cc51992f5d20,bebes,170.0
5c3f833c3941c6353fd0cc51686a1101,informatica_acessorios,170.0
47f699d9462e071f977f612be2b5b67a,beleza_saude,170.0
2dac6cadfa47913e528969d43723697b,ferramentas_jardim,170.0
25f57c88d67a6e65ff2eec180c03a4cb,automotivo,170.0
1fbeaaa01377d3f600de52f455ef578c,cama_mesa_banho,170.0
f79503580bd375ac194bb6d145398e03,cama_mesa_banho,169.99
f5156ca9a225d3e26c8fa66210808c37,consoles_games,169.99
ebcefe0202e6d4a7a3a115397fe0f78c,relogios_presentes,169.99
eb6b82b5e0758b2710c52ef65ffad74d,moveis_escritorio,169.99
e939d1e099a84143323ac0e7e90992de,brinquedos,169.99
e4f30409b508bbb61cb506251e9cc685,papelaria,169.99
d2f7e9449566eb0658d4f5092d71e8a4,fashion_bolsas_e_acessorios,169.99
d26580768894ea0cdc9f19dc672956c2,utilidades_domesticas,169.99
cf67ebdec22e11186b2129b5852f981b,automotivo,169.99
c9c0435c9331c27dc487a2dc1738a32c,fashion_bolsas_e_acessorios,169.99
c372010a1ffe3950b8fdfd365ea26d88,malas_acessorios,169.99
abe839f92bf39ec954b4b37b4b6c6860,ferramentas_jardim,169.99
a6f97b352687ce4c26c75e81b5f2773b,fashion_bolsas_e_acessorios,169.99
a1cb53bba48d0f315aed0019db5365fd,fashion_bolsas_e_acessorios,169.99
9a7ee66bbed1b9fa5e3341882c6d74b3,brinquedos,169.99
94ab89bbeb920c479a0a9ed200c77274,automotivo,169.99
8a2c3b7ed6d098de813279ade9a1d0de,cama_mesa_banho,169.99
7efb605c0b11c538dc057c4dc6820ba5,eletronicos,169.99
751d70675dda2bae203db325227b8a3c,,169.99
72d0cc6588b5d4f4e26007c2e709315c,cama_mesa_banho,169.99
71e54303c8b80673889bfc98bc5ecb0e,cama_mesa_banho,169.99
70cbbf603be04fd0947d83608b9a2266,telefonia,169.99
705a1f81c8ee4b8b6acd64ce60cc3079,moveis_decoracao,169.99
6c2ab90b87f928321701b7515be9ca38,cama_mesa_banho,169.99
6bb340ddddf26fad46161b199d171cdd,telefonia,169.99
6bac381488034edfa2a43705f3e9dd6a,automotivo,169.99
652c030867f364b558eb9f7dcbcf608d,brinquedos,169.99
60bf0da113cefe56a54ccc46f7758563,esporte_lazer,169.99
5fa991da1a11c022322b1e732d9f5d6d,utilidades_domesticas,169.99
5c3aca5c078a343b3b873362e7ac2fcc,relogios_presentes,169.99
56324522787b0f1b85cc081fffadc3f8,cama_mesa_banho,169.99
42bf9ee410b1247f0223626107834b87,esporte_lazer,169.99
3fa7fe855040269e26ef452c5679234e,eletroportateis,169.99
2abe5f959812799488689885a0fa4cbd,consoles_games,169.99
26986dfc8b3cb9f957f2a5cca8920fa7,moveis_escritorio,169.99
26916902eb5c31bdf6ba01894c3ff7db,automotivo,169.99
250d3bbd3f39ce52def101057e586b0f,brinquedos,169.99
20856303113ea417297aa919436cf183,ferramentas_jardim,169.99
1f5a00433bd192f9ecdbb987e7866c3e,cama_mesa_banho,169.99
167b946cfe5de05aadc151871edf7bb9,automotivo,169.99
148f68f014d7729ff8193dd7fefd1c7c,informatica_acessorios,169.99
12c567b916f6f3bb02b2557456a30212,esporte_lazer,169.99
078be1a14d008274672847d880f0bfd5,fashion_bolsas_e_acessorios,169.99
048dc5e495c6f5e54f22fa6cd23c3e5f,relogios_presentes,169.99
252641aa4855aef622089db60c4ad90a,cool_stuff,169.97
817a6779721af586b76778eb4fdf98da,moveis_decoracao,169.94
fa38bcb3a473be0c408207618946a8c1,moveis_decoracao,169.9
f7d2c621aa931cf19b039d6089c106ad,papelaria,169.9
f62ddccde7e84ddb39d2df03e228e044,relogios_presentes,169.9
f436a5130457df6b73cdb2c12a90ea2b,moveis_decoracao,169.9
f38ded084a0a2da8b32fda4789f494a3,bebidas,169.9
f26157889d4e8ee5b3cbcce8e51c7d2f,esporte_lazer,169.9
f1202530b474dade246e7fe77cdda463,cama_mesa_banho,169.9
f02eae5fd95b59b1ec82397e1ef7ccf1,brinquedos,169.9
ea5708a5c7124ed181b770fe811ec775,papelaria,169.9
e3c74f07496dd02492854d89b277eebd,automotivo,169.9
e2f8ac7485aeb713af570cb9e117c6e6,cama_mesa_banho,169.9
e297f32e51682c1c7d6195d58a86d92b,eletroportateis,169.9
e179bedb9436af656cae1edb5b85b815,beleza_saude,169.9
dc3ecc737589882b0318d38cf8b3efaf,moveis_cozinha_area_de_servico_jantar_e_jardim,169.9
dbd91d7511ed7f4e61be3a191082644e,perfumaria,169.9
db272366bfa82333abe0da87ae7735d3,beleza_saude,169.9
d71dee111aab947d8d1216505f130d8e,moveis_decoracao,169.9
cc95f2435cc780a6992154d6a29ff226,utilidades_domesticas,169.9
cc60892b5adc06df9d5cc4531fc06df6,bebes,169.9
ca3c22c251a7108b6b122830eb0c60be,beleza_saude,169.9
ca00f42e51fa8b6226d4c57ef6557967,relogios_presentes,169.9
c725d1884dc9fac3d9a4fb790c25da21,moveis_decoracao,169.9
c68252426f70e1434cf6e465d7cae869,malas_acessorios,169.9
c6053fedf40a0bc4b96372c4fe9e14dc,automotivo,169.9
c5f80e9b4f6f51bc7cdb5d004643262a,beleza_saude,169.9
c4a1c4638fa9e2e4861d141d6e0259e7,utilidades_domesticas,169.9
c400ab88cf8df22f426e5f205bd0a755,utilidades_domesticas,169.9
c2ccd192fdac0a564ea52ec8687b3093,fashion_roupa_masculina,169.9
be9bda3f5667ecd07de6d194b60ddc01,esporte_lazer,169.9
b3b7212d2d34d5d36defa076a827633e,relogios_presentes,169.9
afbb03a707e22e86468c550a1666def3,relogios_presentes,169.9
af0d0d1521e30e05b1cfc77192c685b6,relogios_presentes,169.9
aece157b74fa793277ecc4e94bedf9a0,papelaria,169.9
ae056fa650b078942afc7d9afc3199c1,perfumaria,169.9
a8949536a84721e346d7814fd81aafbe,pet_shop,169.9
a8366756c95286fc31f1eb653c12ce3a,relogios_presentes,169.9
a787d9cee40e9de33b13d740c32359e8,cama_mesa_banho,169.9
a67265ec07daf7b3d86238c34721f702,cama_mesa_banho,169.9
a28d469a29d93b4ec13ce26150184e34,consoles_games,169.9
a282446835c36ab70ca9fd48edbbc4e6,cama_mesa_banho,169.9
a188cd985f0f3f455caaba35a00dc5ff,papelaria,169.9
9b12973a6fe0b5a803acfe1cbb7dd425,relogios_presentes,169.9
953439fbf9090e2362532905d89b991f,utilidades_domesticas,169.9
8fae593cc19dca7764e3eea78ec0fd77,telefonia,169.9
8d746e360a815705bef8e23eda6d4aa5,moveis_decoracao,169.9
8782f61059db25b333638e5ed8cc9e65,cama_mesa_banho,169.9
84ec0a02f8de1e53710c6ef4a40134cb,brinquedos,169.9
84c6e1fb0400fb720bfd40e3396e9044,moveis_decoracao,169.9
84412fdf17ffe7f7b52913a82e73b5b2,esporte_lazer,169.9
82bdb2c2a2df01df01f61a28ca5673e9,ferramentas_jardim,169.9
7c1043bb5837db0c6bc1953419a18628,papelaria,169.9
7afa8c8eca2a26b599823eed4975a820,utilidades_domesticas,169.9
796f3b99d54fc73792f722557dd199d1,esporte_lazer,169.9
7825a7c4f9edb6b219eb94c29e86e7b9,papelaria,169.9
77e9f75a40f2341f6a7f9f17cc0a8ffd,fashion_bolsas_e_acessorios,169.9
7648a2a07675230af77cdcd849834e57,beleza_saude,169.9
75936c7c56bb713ac42fd32183535958,informatica_acessorios,169.9
734be9836ed8115f981a072369c2516c,cama_mesa_banho,169.9
71b7bb7d435217ef96c1ec8e48421599,esporte_lazer,169.9
71040c7f50609abf6865f4429f8b1035,beleza_saude,169.9
6962734c72522e70e852a2a77d21a730,,169.9
68fcd6e074680a12b9fa38a42bbfec1c,relogios_presentes,169.9
660e0f01907ced7b35929916341d8ad0,construcao_ferramentas_seguranca,169.9
6253337f05bc888dc4b35d45d1ec3a64,climatizacao,169.9
60583a83a08e3bb8c9fd974983021a34,utilidades_domesticas,169.9
5c8d8bd9771a2391092e1fbba43debeb,papelaria,169.9
595e2ffe6a4ab5bc42d5e6cae20f2e10,papelaria,169.9
53a72a0b6feec4a5cb40c5c79374b471,bebes,169.9
5377c9bcdd1b59acf85881d95184f57e,relogios_presentes,169.9
51f7f55fd98ebe9e84ecea4511e72358,utilidades_domesticas,169.9
50fd03b40421e61bdca95c14fff60e3b,papelaria,169.9
4cb56b0f9b5f53f50d8d2e2278518328,esporte_lazer,169.9
4c8056caed5757810b9a68b83c3759e6,malas_acessorios,169.9
4ae9bdff117a3fa23f6f9d146a65f698,esporte_lazer,169.9
4410b418dfebaef42de06fb5ad157d5b,bebes,169.9
42629edd68bffc7993ce24e1a86ebc96,esporte_lazer,169.9
416d75e3094f3393b778fd40d52b6089,informatica_acessorios,169.9
404c6e8590cbb06f8c5e911d8a90b1e5,esporte_lazer,169.9
3b9c4a90ade7d4cb7e5b5c5ba475ef9a,moveis_decoracao,169.9
3aec7cc616c8c08edba18d7d2f50e43f,cama_mesa_banho,169.9
3ac5a9834cdb5e3a4e47c3535adbff74,relogios_presentes,169.9
3922a12e2b50a07d347a397fa634f504,climatizacao,169.9
3462cfbd316346049256b3b3242f8dfa,papelaria,169.9
33e0cfd1cd80a0491da068d7a7f93ff8,cama_mesa_banho,169.9
336b68746bbdc7ef1b4e7115eaad1668,beleza_saude,169.9
322b149a56769e166a6fc004f3181622,moveis_decoracao,169.9
2fde0c9154180a1b4d37c3e829ff3bcf,papelaria,169.9
2d2cdc4b136fabbf2f932bf1d1f3a891,cama_mesa_banho,169.9
2d209263196b2e0a0af4a597aed62903,moveis_decoracao,169.9
2bb712ca1cdeeed53191f0f9404abd7d,moveis_escritorio,169.9
28492192565141edad4251d6f32d1fe1,esporte_lazer,169.9
277d6549d32c2aa10255800083e9816b,malas_acessorios,169.9
240160e0aa04afdf29718fc68f92a47b,instrumentos_musicais,169.9
211c67e3e61d45efe54ed020191d042f,papelaria,169.9
1b820caf50df248cf5ef1642359a1812,moveis_decoracao,169.9
1490307eb0bc9c499936ad716b79ca45,climatizacao,169.9
12a8571feabc765bfe057c37217daf75,cama_mesa_banho,169.9
1158f353b550ac2a2dee2239ac64f79a,informatica_acessorios,169.9
0f80ccf7348ba5bda717ff8fadf34552,fashion_bolsas_e_acessorios,169.9
0cbd1fb25fc901e985012fbc87488a92,informatica_acessorios,169.9
0836db91ee8fd88d685b5a57bed9ede0,,169.9
05b1d0c869d183ecb8459207a33066f5,relogios_presentes,169.9
053c1c7045cfb67d04d8c5a8dc9fc054,cama_mesa_banho,169.9
04a2ef44f3ea03a72be6f1f99ee0bfe6,fashion_bolsas_e_acessorios,169.9
0383c4d17410e421f6a8b905fb9adcbc,ferramentas_jardim,169.9
0152cb427657428c06633fce6d721da4,alimentos,169.9
0138b665025e0b24bfa6206d97b0f117,moveis_decoracao,169.9
00d93a09990b319a7c946ed7a8c67656,moveis_decoracao,169.9
9865c67a74684715521d1e70226cce0b,relogios_presentes,169.8
ffbfa9e143fda4420454d0f4e88a3cd5,informatica_acessorios,169.79
96e7e4dc5b1964302aa4e183c428f925,utilidades_domesticas,169.79
66a5ffd1047bfd6230ac214e03257bae,,169.76
3eb130ebc817c46e7f7e9c9b00b7f75a,beleza_saude,169.72
2947c2678aab0b7bfc86dd062d9c3318,perfumaria,169.52
808190a48d18d09af357796e2b30d932,brinquedos,169.5
309c6b0e5d66f306383872c0d95ed6bf,informatica_acessorios,169.5
f201c94e7d8aa11b6ab049d69730309d,utilidades_domesticas,169.4
076a6117fb6e62d15ef45ad6be8ddb1c,cama_mesa_banho,169.4
408e83214d33817b4bc554f392509088,beleza_saude,169.39
5440e1ed49a1153d573b1543dd10d95e,perfumaria,169.26
8bff0b13faf092077c3bba691c07ff16,beleza_saude,169.25
284d7e2406319d5b3491ee65da648b6e,esporte_lazer,169.23
c76a2c67b75f1bf675d2c86157537910,pet_shop,169.22
cb584c49f570fef84e71a4297652bd48,malas_acessorios,169.09
ffe013e1b4603e3b0b02fbb159d5b400,esporte_lazer,169.0
f2c2428aeb3fd0a6327905225c1c2444,eletroportateis,169.0
ee5f76ffc21d34eee5edae9c8408082a,climatizacao,169.0
ebe731afbcf530cfaa1e5260be512e9b,esporte_lazer,169.0
e94d9f48ab491b190c0f0bdbd12830ae,relogios_presentes,169.0
e6b1fb4c720a25db36b934075d87b42a,construcao_ferramentas_construcao,169.0
dd1759836cc99a88be1a42bf6673abe0,perfumaria,169.0
daa634b8673533acf6639172bc4b2d99,brinquedos,169.0
d6637aee74ba05e42bc17a047c335209,beleza_saude,169.0
d55f7acfb1c10beb91b70cddfce29e3e,utilidades_domesticas,169.0
d16f26b828b30dea74ce1eba8d9b396d,construcao_ferramentas_iluminacao,169.0
d152aa8d02d82ad4a7b53a5437002efc,ferramentas_jardim,169.0
cfb0017c91a7cdefe2ea322d504f8fa0,relogios_presentes,169.0
cdcb7ac87f58c318640a7e7fded46a4e,moveis_decoracao,169.0
cb43d652e4e00474e1c20377a68a165a,utilidades_domesticas,169.0
cb0c5efccd7813081ac13792fcaeb07a,construcao_ferramentas_construcao,169.0
ca471cac17b5ae036fb4466a577fe1b4,moveis_decoracao,169.0
c7466f1348d9a1e494343550ac3a2e23,,169.0
c40115486002b7890dc20f64f849accf,beleza_saude,169.0
c260eea96b32c0e9ff49f68a721e0ceb,beleza_saude,169.0
c01d651edb7447f99b72c1fb123f7b38,eletronicos,169.0
bcf28e2680bbdb599383f24b32d8d5f2,bebes,169.0
bc93408e78c053eb887fb66c4453f5c1,instrumentos_musicais,169.0
b303a390ccc441e325d02a34c98ab2ff,esporte_lazer,169.0
af62192c9415dbf2b36c294762acd9ed,moveis_decoracao,169.0
ad59cb0673bceac69f32635f227b2ddb,market_place,169.0
ac2748de1a459f86c302bbda7f6c4181,beleza_saude,169.0
a8a7754ff3a1724da8e68648ac505d6e,esporte_lazer,169.0
a89f9c4cd59eaed03ef9cd685c41a8b2,brinquedos,169.0
a7e5875c2fdf2682ee0e6ae1bdb5b137,papelaria,169.0
a5bc15d5136b84537fb92bb7c06f6837,cool_stuff,169.0
a0ed74d31fcb470d85786e7f17794599,eletroportateis,169.0
9ab9b4cd7716f676ce8417012a107119,beleza_saude,169.0
9a694e995885a3cc32d450605a1e5abd,construcao_ferramentas_construcao,169.0
98eb4ae2cc4f0aa3f5c7762583b71e51,cama_mesa_banho,169.0
97c6f57881227cc97e87be3e34f108f8,esporte_lazer,169.0
95f2828625576b34ab861ef4b029a7fd,fashion_roupa_masculina,169.0
95340a2ad616a8f6d06e890edf417270,papelaria,169.0
921d6ae68c077c99a81fc62e1e6c44b0,moveis_quarto,169.0
8fe3fb275f0151a5bc2e1580d05e0f8f,automotivo,169.0
8f68521812e9648cf8129a3a6daaab0f,moveis_quarto,169.0
8ec49c92046701e29cd13082ae8034eb,beleza_saude,169.0
8c1a826d71a778dd432e35d77a6faf03,pet_shop,169.0
88596b69f04745db1f8ba135da5c708d,papelaria,169.0
831305d3d8b3ff3726ace42fb44d9544,esporte_lazer,169.0
7b969300f6d3f896ec4d7af6227ecc07,esporte_lazer,169.0
7b82c09aeb69b05e0a578a2ea97ed4a9,esporte_lazer,169.0
74f6a88474993377506706e383f98302,cine_foto,169.0
73a6e085799e9c92a2c854ec9627b28f,informatica_acessorios,169.0
715c4b03fc180db258f11f6808749674,beleza_saude,169.0
6ee311be7bbcd310177fcd735f854949,beleza_saude,169.0
6dec7460535602c112ecd2f96cf2d617,informatica_acessorios,169.0
6a012e40ee0f3e0ca9b34bbdeedbdd2c,automotivo,169.0
66870cddd12bb52a4bc95468f0bc9fa8,automotivo,169.0
658c48e890d98bb89d28a9d5e6309676,moveis_decoracao,169.0
634f5ba39b0d81a3b43edfb57af63be9,beleza_saude,169.0
5ede6e418a361cb82ecd118bfe83ca2d,relogios_presentes,169.0
5eda4e0f860531d5ba1fe2b23d468cab,construcao_ferramentas_construcao,169.0
556702ebb73d3786a852ad3d5a8ad268,construcao_ferramentas_construcao,169.0
53fdf3db66e7448326f18bea615f440f,construcao_ferramentas_construcao,169.0
4c6826f47a7d1a0e3f48b885170f4fc3,construcao_ferramentas_construcao,169.0
3b25a71267a8d5926e53ad9b88b97326,construcao_ferramentas_construcao,169.0
3adde396ccd202b8fe21807c2b624f4c,moveis_decoracao,169.0
36e8b28f4e34b4117e2cde0fd2afe789,beleza_saude,169.0
36a4730522f6c06d61028293616a9ec5,construcao_ferramentas_construcao,169.0
330cef1e4abdc583a07dc02a38dcffa7,construcao_ferramentas_iluminacao,169.0
2afd040779d1ce6295b76d092b048066,eletronicos,169.0
296ae6fd1ff55a39b63dbbb3ea7a36a0,cama_mesa_banho,169.0
29313c7daada9c7f09bed37fda499026,relogios_presentes,169.0
27cef810f33a53a546e924bd77b07cb3,papelaria,169.0
26e253f334cf93847fcbf6e9faf51eb4,esporte_lazer,169.0
22f9bcc7235913f6ae3011796a4f4bbe,esporte_lazer,169.0
2044a12ee7346af1ca8f9357bea3fea2,perfumaria,169.0
1de98461015ec4932a0459c5772f7b1f,papelaria,169.0
1c4de4dd53a801716c8a3a2cf51f35fa,relogios_presentes,169.0
192a8231d086772443a86cb5e2746017,pet_shop,169.0
18730af1dd00657c8eb94ce953bca1da,moveis_decoracao,169.0
143bd097a677b205de2380a93b1f1a99,construcao_ferramentas_construcao,169.0
14008a0b9bfe0535dfa17f80988553de,papelaria,169.0
119cfca51257edda1acecb4b8576ec48,cool_stuff,169.0
117d03b1d09e534e76b4f4ac9d908b49,papelaria,169.0
1065dbb6b0bf03daaedab1236979e296,papelaria,169.0
0f4a3e29a1c122f94fe4c48c49d9cfa9,esporte_lazer,169.0
0df2a7a1ee25a81b032358dbb083319b,moveis_decoracao,169.0
0b1b954cb171434674907a8da1778e11,construcao_ferramentas_construcao,169.0
07dbfabaa4709da14c7e58ca17fe7998,esporte_lazer,169.0
04120fb9b3f90600e5ae1f2a2cde53e3,relogios_presentes,169.0
0214e4741dab5812bb31a61af1dc3de5,cama_mesa_banho,169.0
d2806dfb8e3474bcba8b5bcd771ff12c,brinquedos,168.99
70d1bd3a042448105a71d0b41ecbc96b,consoles_games,168.99
f1101904aa253b3812582e5df6cc09ee,cama_mesa_banho,168.98
b7ffd29379437fd3b580dd2deb8e50c4,cama_mesa_banho,168.98
b09cd20111b8c27705b617c3b5af7608,cama_mesa_banho,168.98
9eacfe990da87a66d7fc95e4f97bad14,cama_mesa_banho,168.98
7f880e0dc3777afaf5fe4f21b0ce0279,cama_mesa_banho,168.98
6a3bbf3124c96579f7cd0b2519490cd2,cama_mesa_banho,168.98
58dd922cad1a0d8aa9e2eb27ebfbf1d9,cama_mesa_banho,168.98
3047d2ab7a976a0149292daad0acba79,cama_mesa_banho,168.98
f2a286e75c6c6022c0e7242e12a39079,relogios_presentes,168.9
c600d7f13104e8db2ca2b9fa78581409,,168.9
c316d99c0a8d01fc59bde7e88edf27bd,relogios_presentes,168.9
aaac7cb8bbb8fe12c5758225cd464e5c,esporte_lazer,168.9
a4944a8b60acfe399f15f45892bc5639,informatica_acessorios,168.9
76af9e7b28825784063eef745c2bb63a,utilidades_domesticas,168.9
65dee5bfb53947891fc47bf9a850a111,perfumaria,168.9
466fa2297e694a5cd3b603c1430201a0,relogios_presentes,168.9
21f3c02a56cb1c530fd3c87a858c562b,relogios_presentes,168.9
148d27957e1653a2e9c8c3771f5a5a0f,relogios_presentes,168.9
103cc8c441a717d9a54fca312ae8ec3c,relogios_presentes,168.9
0c679141ff7ee4350d8eb892ff475ba6,relogios_presentes,168.9
050245daefa14dcfc8048e9c6a586d2c,informatica_acessorios,168.9
e1bf2f209fd2b08e1af3ed71732d9008,pet_shop,168.89
a60613d36f37a7b27d3344f40f6a7945,beleza_saude,168.89
22c404f4f28ee0c4d62d5af7993ecffa,esporte_lazer,168.88
052413504e5295cd66ec4ced0b310062,relogios_presentes,168.83
dc48030c42aec9ae7ec9757387ba4250,relogios_presentes,168.8
77e8ff91e2cccad62b30a0a83bec431e,relogios_presentes,168.8
5837bba0ce6e35e6f2dc5c3e223e3276,moveis_decoracao,168.75
44f7b1ed935739690152f235ee6dc47f,moveis_decoracao,168.75
8163c8c2e8dc7cc8c93d1b30a2e7428b,ferramentas_jardim,168.65
7fe486a60125c1541517e30944f95066,eletrodomesticos_2,168.59
cbff1df298f7bfd7b65557cfc4133d62,beleza_saude,168.48
e5130ccb07bdb4424ec93754a54c917f,beleza_saude,168.25
4180a49d4b879e727ad2c8e82a9f4d87,esporte_lazer,168.22
e7d74ac41522f4ecd8782803fafc8aca,construcao_ferramentas_construcao,168.1
95b6e8160fbea38f306a26e66a6465a3,automotivo,168.05
cb91f8e9187bada635ee28c7c71b3ca7,moveis_decoracao,168.0
3eeb044943cac759fe3dcce5d222f12f,moveis_decoracao,168.0
3514eab1c90b91adfa20380eb471816a,utilidades_domesticas,168.0
2c9729f1ad01461013c463866b72509a,relogios_presentes,168.0
2b5ae8fa7040dc2ecc8483150f36a667,bebes,168.0
26a12b3d4eba6fde626917648eec21e2,automotivo,168.0
09b069a1846b0e666a398952c8ba1605,esporte_lazer,168.0
c98bf47f7bea8f3aee82fa023786b8a1,eletronicos,167.99
86271c025e6ff0c1d327388c0b4c811b,cama_mesa_banho,167.99
2a5ce93df0dd4ec1b23ebc2e599d793e,cama_mesa_banho,167.99
557484a8965bdc4e548658239f7663fd,ferramentas_jardim,167.95
db62a9ee3303c7cbc05a3990eb359ed5,climatizacao,167.9
cc3fa983a53e9876a42790033f06a9ad,cool_stuff,167.9
6eba58100f906fe0965290b28ca3c45f,cama_mesa_banho,167.9
440f5b159d6123c0f65eb1abb5373b99,papelaria,167.9
2511e504fd7794c668a8521aabe3713d,cama_mesa_banho,167.9
0d8ce3ada96b62b2dd49290fceb45d0f,construcao_ferramentas_ferramentas,167.9
be3eb52ad733d7f7fff631a0cad35e81,informatica_acessorios,167.87
0ec96e6d31a1493b0475805c9ae1a0a2,moveis_decoracao,167.86
ad3bd5419246087e48ef4832de3516a4,beleza_saude,167.84
4b2772e2e34787603725226af352e466,beleza_saude,167.75
82cfbad6a3bb123bb807f51078765a0f,esporte_lazer,167.73
9adebd80969a5b8ec766fd02afffec2e,cama_mesa_banho,167.7
1d682cfba05647a5231ac20cd77e6645,automotivo,167.7
0c80d4d910506b4e1db996ff1fa5c658,moveis_decoracao,167.7
8f7ae8d7845cdabafb4b6f20d8bc5a43,esporte_lazer,167.68
b168e4a5c3f1d25dbcc01d914ea1cf5f,esporte_lazer,167.67
aef49965c6d201c9eacf037fcda90b39,bebidas,167.5
3625fbaf8284047185fb0351f2f84ae3,esporte_lazer,167.48
29c02f0c592b76b958c77d85f4d5b954,malas_acessorios,167.35
98d61056e0568ba048e5d78038790e77,automotivo,167.22
b694ddbde0943a2ebcaa7bb2777dbf4b,utilidades_domesticas,167.0
931bb2a750c49badcd543774fd227364,relogios_presentes,167.0
716fce31a0173fb20b8b729d68f1446a,informatica_acessorios,167.0
679664744a47ea9e8a269daf22eece1d,consoles_games,167.0
65a664671b56435d4b383cdb373f1b94,informatica_acessorios,167.0
5e23d50ce089e56d8e74f935f5afb167,pet_shop,167.0
518ab602253d96d56c7e45d473572f58,,167.0
da9e08537d4ddc6682410370bbbb04f1,automotivo,166.99
879427b9d8a3ae52519297b567fc8e71,cama_mesa_banho,166.99
878188aa7c7a5da44f5038c7fdc68ac3,moveis_decoracao,166.99
4c7288d0bf8ea00b7e9de295598d13a5,beleza_saude,166.99
ddc50b859563aa0b3d663559f3696690,moveis_escritorio,166.98
9aa3269c14e72d138d7e346897444d0f,moveis_decoracao,166.94
84777fa5b1c62e5e495240dfd0b2f24a,moveis_decoracao,166.94
33fd25c03ded294654c7d7ed6677c475,utilidades_domesticas,166.9
99b7af24fd7be364e3621b9e751b048e,cama_mesa_banho,166.89
3581c0b0a9a0bcd1a49381b65b4cd7e6,cama_mesa_banho,166.89
9a21b1152363a1bae31bf0165127b067,eletrodomesticos,166.8
dc2410804cf782c5d87dbcd201b74e9b,informatica_acessorios,166.73
9e39bd82001d66e4a4bfb402bb842c05,cama_mesa_banho,166.67
e9a69340883a438c3f91739d14d3a56d,utilidades_domesticas,166.66
942a3f93bb7ecf95f0b901bd89f4acdb,esporte_lazer,166.66
beefd66ae7d857b9c50868bb14473a86,utilidades_domesticas,166.6
e707c577789af56087a82650995ed3c8,cama_mesa_banho,166.57
8b5632d7a4f86bd2f1331355305427e6,moveis_decoracao,166.5
4d7ccacbf7d2dd3e566cf5f149fb92e8,informatica_acessorios,166.5
4099923da3407c3d162a829b0aba4b4e,brinquedos,166.44
adb5b8ee8b86e86930bc333c182bbead,informatica_acessorios,166.36
94974b8c613bc6fae9700e6c01f626ae,papelaria,166.33
43267ceb81c34b7d49decd624671ccfa,ferramentas_jardim,166.29
6994f9a9c56c7684b24d7d4a00e7026f,informatica_acessorios,166.02
e931f0b36e64979ba569e7efd36b1736,cama_mesa_banho,166.0
e5ff2945f13a69162a72acc5170ba684,cama_mesa_banho,166.0
8b9c29dd9e59bded956555ded6c68a54,utilidades_domesticas,166.0
84b07ca699022a5dde105eddb4aac42c,beleza_saude,166.0
79863f997e214f8f98c423694c745f3d,beleza_saude,166.0
3cbe33afbd16b7026d87ed3bb2e8ca52,cama_mesa_banho,166.0
32371620a54fa76bdc3575748f8b8ce9,papelaria,166.0
1aaa4a6171009c44a3d494048d9751f5,eletrodomesticos,166.0
e54c0428a8cf1b79f63823b92e20aacc,moveis_cozinha_area_de_servico_jantar_e_jardim,165.99
fee0732d760a52d0047533f53a110037,automotivo,165.9
d01019ebab9a3f583fd32785518d8704,casa_construcao,165.9
9c95d0d9517c58ef69dfb739a6e387dd,moveis_decoracao,165.9
9a63d4ef456702710823c21b8cca0332,automotivo,165.9
79da19ec2e6e6658145790d93991da9b,brinquedos,165.9
740d6d43b4024544171093587908a23d,esporte_lazer,165.9
6a61a5d77a8571a0646e8c0f75f572f4,beleza_saude,165.9
400c94f68f29c71e51943d5d9c9169a7,cama_mesa_banho,165.9
2236aad5e8fec12fe56de6b503b6f896,casa_construcao,165.9
094fbff68f8c7fd768277bcfa984b4e1,cool_stuff,165.9
03d10117bf5dbd1e4f194566be73de5a,cama_mesa_banho,165.9
d812b354e25b2bd51eccbb4c4e8f05f1,bebes,165.89
8c23bb9086f957dd72ca80085f06697e,cama_mesa_banho,165.86
e8b81f90e760cf36a89ecf3b3bf6cf05,informatica_acessorios,165.85
826a5fa766c1c7241ffe63a2f3774d0b,esporte_lazer,165.82
83ad269665a5be4f1e69a2f13ab39553,pet_shop,165.75
ff0ba1ffc67724ddc6db331bd417ef67,beleza_saude,165.7
892832da5b05b0f54578e1f14f193c22,cool_stuff,165.67
134830b1415ca0fa9d9f413259e1bcfe,automotivo,165.66
3e6d98f0757ce033a71509cf730ab7d6,ferramentas_jardim,165.65
e0eabffe36728eea94d959975124238c,esporte_lazer,165.6
d143bf43abb18593fa8ed20cc990ae84,informatica_acessorios,165.5
6c90c0f6c2d89eb816b9e205b9d6a36a,informatica_acessorios,165.5
55939df5d8d2b853fbc532bf8a00dc32,informatica_acessorios,165.5
89ecac14896f9d0c3d6d44c2095ae987,esporte_lazer,165.45
e03071a2d2410c9ef2be47b508cac95f,utilidades_domesticas,165.4
d0f55c5c2132eb126eb5f97f9cf04259,bebes,165.4
4583e308182e4e78d5b71b5af1804def,bebes,165.05
13d88cddab2ce6955315e1b8d3334505,moveis_decoracao,165.05
d5d90594fb788acb2a213520f8fdef09,fashion_bolsas_e_acessorios,165.0
d533392198bde2027db30239ed5f4b8c,pet_shop,165.0
d0e298a57a1e2c2bfc451af91b3073a4,automotivo,165.0
ca4fe13c336a5399a892b4afabb17abb,alimentos_bebidas,165.0
b883409932bf862f43008f116a06cda5,construcao_ferramentas_construcao,165.0
a4d8943cfb74fde740be042b8a042d8d,ferramentas_jardim,165.0
99e60b5a73c761f67099763a17c13bed,papelaria,165.0
9881e1d8024c8459494c134d29a42cd8,cama_mesa_banho,165.0
96d82426db67af33a8c1dead73fdabc7,relogios_presentes,165.0
8c34ab7fffe8c063bc8c6da88aa92185,esporte_lazer,165.0
81825b8f118d301ef4933de64545b307,utilidades_domesticas,165.0
7bf4429ac0d45873f7ec59b55b55031e,bebes,165.0
794d58cf31d570f4b7640c7a2085042d,sinalizacao_e_seguranca,165.0
6e81e19eefa7a8f9d1b9d141d2afad8b,utilidades_domesticas,165.0
59be0d716996dda6b7d60b3e839efad3,beleza_saude,165.0
50ff36bb35c58748cec5ead466a68aa4,fashion_bolsas_e_acessorios,165.0
4efd402dce639aa129a7f15b17cc898b,fashion_bolsas_e_acessorios,165.0
4db04f1ae830079ac83e0fc9c63216a3,relogios_presentes,165.0
46db0dde1927a25320bf418fa784b2e4,industria_comercio_e_negocios,165.0
46d8fdabc7206779c58d45a23ad08d18,moveis_decoracao,165.0
42f25a7251d847a86c1849731bf166ff,eletronicos,165.0
427a9f5e8a9d47c60adc5ae34e2657d2,utilidades_domesticas,165.0
409ee48b5db216ee69ef004c035ff067,beleza_saude,165.0
372a9ccafbec639bad6b93dac67e6b85,livros_importados,165.0
1e2c4845a09f960ea8b021fa72d98006,eletrodomesticos,165.0
1c4e2aab2f3631a70816d1765ced8ea8,utilidades_domesticas,165.0
1bc727ecf620b4b524541bf5b60e3314,moveis_decoracao,165.0
1b125123580a802629427ebd924ff335,fashion_bolsas_e_acessorios,165.0
1393eeb2b27f82d3f8035ed8d4b3a5e2,moveis_decoracao,165.0
e641658c6c4f39509609041a4c1443ad,automotivo,164.99
d8193dc34b71b1144f1c945f01f0e2cc,brinquedos,164.99
c8df81dfad2ad37b2194a2798ec06bce,brinquedos,164.99
7569eb05a9b91e5137cd9cf7494043e5,beleza_saude,164.99
41840148302aa7f0c86e7c3f875c6f08,esporte_lazer,164.99
1b9257f42072f68e325a4dc79dd99ae4,esporte_lazer,164.99
3f68d7ea8e04d4b3ffe99bbad06800d3,brinquedos,164.98
f405ca375ecf0c43fd547ed766df66cc,informatica_acessorios,164.95
98001b51c21b1efa6530623ecb0c20fe,moveis_quarto,164.95
f6ebd102f55b1d6ec28eb3cb06c26210,brinquedos,164.9
f1d0ef439f9f2246803f89f1005ff709,cool_stuff,164.9
e797b308a441ebad305845644a9a4808,bebes,164.9
c83cd797bc7742a94927dfce4efff001,esporte_lazer,164.9
b0b302c4ad94c584fba79e1252093ceb,cama_mesa_banho,164.9
ad251378b8a5df8ebfca21e28cc01d6f,relogios_presentes,164.9
abcfceb4d3a690bb6b3887235e2854bd,pet_shop,164.9
a1c4bbc86f12628bb57430973e680129,perfumaria,164.9
93dc30627407d30e6917279857c8d9f1,papelaria,164.9
92db64b9fbf288bcf880be1fdd53f78e,beleza_saude,164.9
927a7ee2d74e3a1123047f40b42fcc09,brinquedos,164.9
8d1e9f9f3d7126c5ccdfb50c10c8e444,utilidades_domesticas,164.9
7a73e747f2af0ee8647b325e69812acf,utilidades_domesticas,164.9
773fc6de13d1f04a533ab4186b52420a,bebes,164.9
653b6b1217fba117599afcc015ffd50a,construcao_ferramentas_seguranca,164.9
4f27f86d1573b8b74b0928ca649abeac,cama_mesa_banho,164.9
49d903c17a37b3c53641d530c31f039b,cool_stuff,164.9
4027c03e4b0afe1963877d2d164f880b,perfumaria,164.9
3c79a7c125a368407bd03f3d8b0c4d25,cama_mesa_banho,164.9
1a986b4015f20a3c26d8573a46dcf65e,cool_stuff,164.9
d4da317ad85015e956ee18ef11fc60f5,informatica_acessorios,164.89
2c2a7e84b8ea741adf739c11dd78ee1a,cool_stuff,164.89
695c34c5771cca25ecdc04d24a9b49f6,moveis_decoracao,164.8
a5647c44af977b148e0a3a4751a09e2e,moveis_escritorio,164.76
1fa52682d6938b129312ef4cffac1711,informatica_acessorios,164.7
0a783d7ce18a37749c3a059cf829564b,beleza_saude,164.67
1fb08bbca0db8e25edd1275caed54e19,relogios_presentes,164.5
98030fe87f5a7493a33f427054966596,eletroportateis,164.49
36b8b14d0662ef735c8ef4856f4dde58,pet_shop,164.49
588ea3decc0d8e1d19ce6160c5b0da1b,utilidades_domesticas,164.25
53374f156a1ace240c1db1d30de7f110,ferramentas_jardim,164.17
f9bcf9d8e89d012d7dc24fe4de0abd80,informatica_acessorios,164.0
e489b41419c7d7d00445dc5d3c9966a4,relogios_presentes,164.0
dbc7aaf61b2639b1f282509ff1349bec,eletrodomesticos,164.0
c9798643ad1a1a5a02c1bdfbafa78323,ferramentas_jardim,164.0
c028e45b1d245ae576fcf069f68265ed,pet_shop,164.0
41311fd6316a50a9ff4ac5bfca1b910b,esporte_lazer,164.0
dd4924bdb39ff70888cda30b57f46035,cama_mesa_banho,163.99
953db9f56394a544b5659c4246eb37c9,cama_mesa_banho,163.99
89e8ae28657101d78ae7be99d7230390,cama_mesa_banho,163.99
6016ec35b91d455a84929e2066601c01,relogios_presentes,163.99
08732e5164f3bd37bb941e5ae9710e6e,perfumaria,163.99
ef0e165d773ec293c5aeb5470a08b183,cool_stuff,163.92
d0a672bae47ae7c26b8e1e2ec152edcf,utilidades_domesticas,163.9
c5e9693041e519fd6e2ebde0d76cc1ad,eletroportateis,163.9
b813c88d024da60c2cbdf7a531e4fa77,perfumaria,163.9
ae8791241ec7e06bf34c6f00cf9e0501,bebes,163.9
5d10b3779b68d58be0fcc46a1ee79689,automotivo,163.9
5418df20cd587e12212d54c1d5d990fb,bebes,163.89
e0d64dcfaa3b6db5c54ca298ae101d05,relogios_presentes,163.85
27d0fc55e3d2fe698088f2603e0a2ab6,moveis_decoracao,163.85
0d17caa71904fab71aaa37e8a370dc8d,informatica_acessorios,163.73
fd68051e3deccde23af3d77152129c5a,climatizacao,163.69
817e1c2d22418c36386406ccacfa53e8,moveis_decoracao,163.69
05a9ab81472f6bdcd910cb49b636c5b5,instrumentos_musicais,163.65
d5151727942c39a516b56c3e21a8bf63,informatica_acessorios,163.52
165f86fe8b799a708a20ee4ba125c289,cool_stuff,163.49
2255cd8a319ac848b0e25c6702f2a139,pet_shop,163.23
329c661807f085964b1877bfeca6ff73,moveis_decoracao,163.13
33cf86a6c8f1d52076064029d5281cae,perfumaria,163.09
ff7fccf8513f360157f0660fe51d1d88,esporte_lazer,163.01
f961683d82cf9021acfcd05a6c9e38d0,esporte_lazer,163.0
f068148c48720c66b21825e2c558d493,beleza_saude,163.0
b451771c959791dfcb641c46c8ee1e83,esporte_lazer,163.0
739ec9878497e19f019f5967fda86c9f,relogios_presentes,163.0
6868e3f08c6acd37b48c785aedddfdb7,,163.0
6c0fb676338805aff0689d235f2bd3c0,automotivo,162.99
1e587ac160dfda2548e3517c33e7faf0,ferramentas_jardim,162.9
ab3c88a070e61288a0f37d8ea38e7cbe,moveis_decoracao,162.8
cbdcb07438032e11d74bbb913fbcd8a0,eletronicos,162.67
b112694f32005c5254383ccf38bfd11f,informatica_acessorios,162.57
62c60792ce6e5bc866f3de3906beace9,bebes,162.52
aa50ff149386fb0469e22f41b39652a6,cama_mesa_banho,162.5
516c257eda161040c8d23cf8af9a6edb,esporte_lazer,162.5
46b173c179c7e6904a5728959bee5b3a,brinquedos,162.5
40d15612d42ca57c3ed3266dafdaf5b0,perfumaria,162.5
043424c9047266b778d9f440c63dc349,construcao_ferramentas_construcao,162.5
a67612e1012978cc97efe7834bd28b64,ferramentas_jardim,162.49
95ec3f7e237a87df9935a570ab6ef266,cama_mesa_banho,162.49
6f3b5b605d91b7439c5e3f5a8dffeea7,relogios_presentes,162.47
3d12e183e36b23b6c30ce4bf2152fbf0,relogios_presentes,162.45
b363ba4802d9eca552da85a1125747eb,moveis_decoracao,162.42
0f8977d115c52d93a05dd4eb7052baff,cama_mesa_banho,162.4
c1cf9e70caf906259c299fbea35418ef,automotivo,162.38
c5f91783ab6cb187c7182b8e4b8c9047,cine_foto,162.33
8f5b9d7258ddc83215b7efa05e73825f,,162.33
331e79a28ee5afbb321a3146653085f2,moveis_escritorio,162.32
69455f41626a745aea9ee9164cb9eafd,relogios_presentes,162.26
c7d5122ecf640a6affc29798267e5924,esporte_lazer,162.0
30f902329cc4fd7dba514f7a5b629b2d,pet_shop,162.0
8b27cbcf8e5472830ab6ec2bd7a6b867,utilidades_domesticas,161.99
80096496b2a02d4fff129b5e6a8f047e,esporte_lazer,161.99
707e0fe138efb7009e1cd32efe19ce83,automotivo,161.99
6c820263f0e9e90bbadcc67c22461414,telefonia,161.99
525ed7c8184ab92cf223f5cf3aa85bf3,climatizacao,161.99
d5d74b90b07cc3536b8eade784014438,brinquedos,161.97
e2efd37edf851a99f9707f165ef0fb13,utilidades_domesticas,161.9
3907f392eb7a6ba1d75fb55b28f7a27e,brinquedos,161.9
0d629cd382c4987f7faf67956dfd103e,beleza_saude,161.9
b781cf30a200b5eff2787c2074d67045,moveis_escritorio,161.87
5094a8f7ab33cba35acfd43d100b3298,eletrodomesticos,161.7
98fdc6ec1dba6a058adc43e511493898,eletrodomesticos,161.6
05fca08b4d54ab5d1d371db7d5534136,informatica_acessorios,161.55
c60d6fe365c9718c407170dd8a8223c3,cama_mesa_banho,161.5
9c60e93e03989cf6e4a7da214723920d,brinquedos,161.5
737d944446ee3b1e8c234bc57ecf7ca8,cama_mesa_banho,161.5
3c839ed874f2e0444a38bfc8daf5ad5e,utilidades_domesticas,161.42
20090bcd0d43eb49feb63d53d387780b,cool_stuff,161.33
4ca054c4db947395a9f82c897d14b9cc,construcao_ferramentas_seguranca,161.25
9a78fb9862b10749a117f7fc3c31f051,moveis_escritorio,161.22
4f71868d83b41619b1159399663a0e67,cama_mesa_banho,161.2
0fce35c0b7338bda3e52e2389f0c0762,moveis_decoracao,161.17
1694be93ee57fcedd649a53f11848edb,perfumaria,161.14
d0055a776e27ad64a6fe6b69da52fa8a,beleza_saude,161.1
b4f2839696df5de18aa7168fa62f650d,eletrodomesticos,161.0
9cc4f78d8deda3da85bfd76aea339cbd,cama_mesa_banho,161.0
973a3dbe682b5a1cc9333f5a1f5d407b,telefonia,161.0
6160c6145b50c401702912baf0fd7de5,moveis_cozinha_area_de_servico_jantar_e_jardim,161.0
c9fbc1aa8e59ad7525f82fd8a5cb2337,informatica_acessorios,160.9
8707c6feb8f1d552e3d70b590481bec4,moveis_decoracao,160.9
6ca1597b8e5f2618c47b414b68094450,esporte_lazer,160.78
24cedfce5dc5fe3e0695de06ee56d9c5,ferramentas_jardim,160.75
25e531393ced00e48e0c790fb864f1bf,perfumaria,160.65
a2c75a23c2f838881dd4275c0cec519f,fashion_calcados,160.54
b687561332a5ebe8324a81851b0479aa,relogios_presentes,160.48
b38b25d838ae0b8385e8cc68b9017644,beleza_saude,160.28
c5db51af7d9a58228bcea932010cf080,brinquedos,160.23
e9b3cf27d68caa64832c4a7c460abcb9,market_place,160.08
fb3230a295c320ca2a32fc1047e8715f,automotivo,160.0
fac0337908b983ba98c810f03d25f278,cama_mesa_banho,160.0
f257199a9546ac00a3af50c7f68cb05e,informatica_acessorios,160.0
eaa5e4f6335cbfad1703327e407e4eca,beleza_saude,160.0
e8f1f23c31482d8f798aaa64733e85d9,telefonia,160.0
e5359c08663240bdc10d5bec26e491c0,esporte_lazer,160.0
e30aaafe45e34ce07003ef0cfcb6e49d,cama_mesa_banho,160.0
de751fbe7256ab7f3b6378573c86f227,esporte_lazer,160.0
ddbb759beb54e5f4ce6e43018cc6d2ec,beleza_saude,160.0
dbfac885ce74c770040e1c99389553e1,casa_construcao,160.0
bece4176ed6f09d246aedb44261b4c61,cama_mesa_banho,160.0
bbedc8efc6fad7cf1c7f7725b75cd356,cama_mesa_banho,160.0
b56ff361e0733eebc1d010432936b706,bebes,160.0
aa852c9c016c836c84928a70b669f6a0,beleza_saude,160.0
a5e50ce997abf8eeb6ef3126bd5c9cad,moveis_decoracao,160.0
a067f34727f55a883d84f5b3a5c72255,beleza_saude,160.0
9b2b4b4fb7f956d73db1052f952e14f8,brinquedos,160.0
99e6f14f74a00605ad9cfe8c4bb29385,telefonia,160.0
8db563c3c19d3b3c0a21e2ed918c8618,informatica_acessorios,160.0
80033c8e73f5b367b3809549337f0122,esporte_lazer,160.0
7f303faaca61ab40b8f37d23b4ad34a7,brinquedos,160.0
774dd887b3739f005c7097b568000536,cama_mesa_banho,160.0
677863732107706b878df62cdc8eaf8e,brinquedos,160.0
65aad7866bb1987f122e668fa84040f4,beleza_saude,160.0
61447f1b201702e05090de1afd35c560,beleza_saude,160.0
5c818ca21204caf8ce1599617751ff49,cama_mesa_banho,160.0
5ba865074da5eba1460c298b574f9927,fashion_bolsas_e_acessorios,160.0
56c6b095186f42a6a50e222f1e2b7577,automotivo,160.0
56a59e73563d9b8d536af8b0dc9e0995,pet_shop,160.0
4f741491850c0ce5c062655637fef0f3,informatica_acessorios,160.0
4e4385e1755dee0c4c4b30aea0c0debd,beleza_saude,160.0
45256604fab2c941ffc501ebabd4d41a,beleza_saude,160.0
3b9e62775f31381472828246e899ee22,informatica_acessorios,160.0
39295d6c2311ab7091b5fc95bb51bbe7,utilidades_domesticas,160.0
306e3f4a01df9f621c3b841e21f4018b,informatica_acessorios,160.0
2b703ec635a9868dc7da64dda15cd828,bebes,160.0
226b3973913b6154cb1102026822360d,beleza_saude,160.0
167752e318335bf6bdd6906c4c470266,esporte_lazer,160.0
1666b6ce6543ea221eac0c273d4ce8d7,brinquedos,160.0
080fb1adebef0352c017a153f2075443,moveis_decoracao,160.0
043d7f9943fc2e97d21728cff9c608f2,moveis_decoracao,160.0
fe7ad3e3828f32193dfbe6359f733a8f,brinquedos,159.99
fa6033d3f009f79e0214038467cab55e,automotivo,159.99
e21e755eab33a63a03fa9080691b357e,cama_mesa_banho,159.99
e1a91fda8eae059cb6b8150856ef23fd,cama_mesa_banho,159.99
de5dafaae0182647bb67d4b81b37f36f,brinquedos,159.99
cf02395ed36c61d5ce31bdecce9767a3,esporte_lazer,159.99
c9ed8f8e0e3d2e630cace0ab50c5c94c,automotivo,159.99
c9c364f8f671ccd1d92b3e227fb1bc88,casa_conforto,159.99
c84abe5abc6e244478124129024bc9d0,moveis_cozinha_area_de_servico_jantar_e_jardim,159.99
c0b6b3f28ce02f61610abda2a6049de7,beleza_saude,159.99
b2f041d29dd572b298f0f74de6297b6d,brinquedos,159.99
b0158470e56400701f25e14c9cd4a33b,bebes,159.99
af9c4277d06aa18aabbfebbe94ee9c79,esporte_lazer,159.99
aab50546866a132323f491c86062d0f0,fashion_bolsas_e_acessorios,159.99
9e927cd87b7c76f32f8f42ef2ede7923,esporte_lazer,159.99
9798bc8585b031f32f0ba287ad22f334,bebes,159.99
94774f52c71a3e4ce084c21c873507cc,automotivo,159.99
8e71b24c3e25a92fef6176120a67fac7,informatica_acessorios,159.99
8557bd1de3672759c2c9321b349c32b1,esporte_lazer,159.99
830102bc96abe72181372676df005601,cama_mesa_banho,159.99
7fa380056f1fbd883cc80a75e60f207b,moveis_escritorio,159.99
7e786406ac65b91c288fe2be1d93bddc,relogios_presentes,159.99
7b8d080a490c554b9dfde7ee11cd0957,relogios_presentes,159.99
73e11faf1b0eecfd43a0e0fa4dcd7954,cama_mesa_banho,159.99
73824b1ce8126cd05ce6e1a0aedb4797,relogios_presentes,159.99
7045eb759d502f9bc2976ae5389a4ddc,construcao_ferramentas_construcao,159.99
6f04cbb6917432bdae4cdc802436f090,automotivo,159.99
6c8e5644615f97690580b1b06650f56d,beleza_saude,159.99
6c023c34df3208adde426d9009a72c06,pet_shop,159.99
649397f4b92e94607361df83b1adbe8e,esporte_lazer,159.99
63802c9aa03004b8c275b2a4630c0510,informatica_acessorios,159.99
515778ec4dcf81869530fe93e6710ef8,automotivo,159.99
3f2146831fb32311f584fd931a0d51ad,brinquedos,159.99
393d0083cfbd985699f8b7aeecc572fb,automotivo,159.99
354b4462c54cd203759f94de3b02b4aa,cama_mesa_banho,159.99
3061f22c23c762d693442f90db51471a,automotivo,159.99
27b63e625b46d9fa220450d4a204c0b8,cama_mesa_banho,159.99
1dfb36d969d347f56f43590ec42c7b8c,esporte_lazer,159.99
1cda79a24778a81a17725e927dd45025,esporte_lazer,159.99
05c6133a109016f9fc73aea25cb1f5c0,automotivo,159.99
039e946aff78252a2e83b8fa1adf837d,cool_stuff,159.99
0335b2f76fdeed85180abe8c6c444aa4,moveis_escritorio,159.99
4dc6f66680ed2f883632bcf4e039256c,moveis_escritorio,159.98
0419e76e19f81672eb13b6a8bd19a5cb,moveis_escritorio,159.98
7f04dc0b85182744b422109acd2d40f5,moveis_escritorio,159.96
bbe4dfe43d77a5d150ed30618b20db25,beleza_saude,159.95
721714268dc4249ffee6e1f88458ff16,cool_stuff,159.95
cd9d71c495bc54dbb324571016b7f37c,moveis_escritorio,159.94
8ce450d8a20c20e17ba1536a19f60d39,cama_mesa_banho,159.93
ed6bc7b0fbc4062bfcb009b1c080dca8,informatica_acessorios,159.91
feedec0f9090d3736d54758da8a1d05b,esporte_lazer,159.9
fc5a20562c99bbc5229b175d0a88ea7a,bebes,159.9
f99e92b9472a8d08d27cfc7e98292b42,malas_acessorios,159.9
f81b171b346c639cb5a7cbab8dfac7c4,informatica_acessorios,159.9
f517e42dd0e3a8d6797dbd1010416447,cama_mesa_banho,159.9
f16ced867a24a244afefb5b867f337df,fashion_bolsas_e_acessorios,159.9
f0f8e8693b43bde9ee1a7eedfe3d067b,construcao_ferramentas_iluminacao,159.9
efffe8edabbb56fd0a7f1bfb8803bee4,brinquedos,159.9
ec1314c23c3f6210eaaf4fa625cae095,automotivo,159.9
ea2012e0b6ae52438a98f2c18108beed,beleza_saude,159.9
e806a78165ce0f336140978e90640d27,bebes,159.9
e666620bf34e8a108d43851b6b7543fb,eletroportateis,159.9
e60baffb5636b104f06ecd9aa28e139f,climatizacao,159.9
e605538d760f85a1652bc128c724ab31,moveis_decoracao,159.9
e379ed3f57a2c6e994258ffda975ce15,cama_mesa_banho,159.9
e255f22bd6a8498835b009609ccdcea1,moveis_decoracao,159.9
de35b12d754d29dc6d48ae30cfe1c23f,cama_mesa_banho,159.9
dad033afaf01ca7098672af45bdd3400,brinquedos,159.9
da857fc20bb0eb099a186790add9b298,cama_mesa_banho,159.9
d7c65e924390c7178852ac0275e1022b,automotivo,159.9
d5a19cc8a92434231693043e185b4c5b,esporte_lazer,159.9
d55d7f0c5ef5a075a5a30e2517867bc9,cama_mesa_banho,159.9
d36d9ea1497c1e294498cc39df08a687,cool_stuff,159.9
d31ef0d2022ce16ea2ccc36bb4ad6cb9,cama_mesa_banho,159.9
d1af7952c3c2ac8dfdc63210af2299e6,cama_mesa_banho,159.9
cf9eef3269d316b89f8539aafc0db5b4,papelaria,159.9
cee7741dd613113d6b633ba89444d34e,relogios_presentes,159.9
ce84a60ee2c2020911c94b091bd14819,relogios_presentes,159.9
ce5cedf6e57d59b07eeecb68eeafd099,eletrodomesticos_2,159.9
cde1ba363d49b86a4730b5828f53c5ba,telefonia,159.9
cd71c76f5ab15f51f24fb214fc42d8ab,perfumaria,159.9
c8a8b80300a9dfba535a8d575b01c977,moveis_decoracao,159.9
c76c1b0e1674ff2956b943232d0ae202,utilidades_domesticas,159.9
c4f8e50f322e3f8b523e0e26559144ac,brinquedos,159.9
c3fc73c51e52d3432a4e57ff9ecca467,automotivo,159.9
c3e43e07f541c49ce73e9778dfecc6ca,ferramentas_jardim,159.9
c2ccc78b5a924096d5274ca6a3118e47,beleza_saude,159.9
c1e5b96342357985d492c02b4279ce9b,esporte_lazer,159.9
c105ffe5631ecf052dd611db3693968f,perfumaria,159.9
bd79b734ad695c83ed119d4bb3e7e5c5,relogios_presentes,159.9
bd00b629f3671ea02795279de2915086,moveis_decoracao,159.9
bc2d9919d641257d3745492c23bd16ee,relogios_presentes,159.9
b9da2805666fccbb12f3aa73f0e94ec6,esporte_lazer,159.9
b91e21bfc2c8edfe31dda8ab56cc8791,utilidades_domesticas,159.9
b8fbd66f1621afeb9c510b4b9705a5b9,bebes,159.9
b534af96f1c598768bc7379aca584edd,bebes,159.9
b4f3117dee543fec86ebc7bdbc0e2404,brinquedos,159.9
b252c77ac54ea46b4b2b884b8fba074d,climatizacao,159.9
afb20d6bc6e0556ba8e9e724e6ea03bb,beleza_saude,159.9
ae386a85b1db680ff31ad0f2d07a9965,cama_mesa_banho,159.9
abd847676cb6a8b707b4f22b9fae9d39,cama_mesa_banho,159.9
a870c32995bde3e0c9b4da66da762f99,bebes,159.9
a7d5ec84c402730a9bf43d5c88f67b59,relogios_presentes,159.9
a7206a94bef040212c063390c1f2e4e0,beleza_saude,159.9
a5f4a44a6b2871128407dc666bfff66b,eletroportateis,159.9
a4aae1a5593180418f46f1dd9f5d3793,brinquedos,159.9
a3fc0390c2d3101f940c0d6e78006e4e,moveis_decoracao,159.9
a029ecbeadd18685578725691cb11160,brinquedos,159.9
9e4cc01dcef75a47d9cd6c816d874cca,cama_mesa_banho,159.9
9d3a38202f455fd1c45c8f4929bb373c,automotivo,159.9
9cdea37a09cb505b1c3c5d4f50670032,cama_mesa_banho,159.9
9b6bc732f2918233f7bfc6c132d73d23,cama_mesa_banho,159.9
994e65eb77f3501f497e7fd860b0ea9e,ferramentas_jardim,159.9
97829a5ee2d2dd3615acf2c3b0dae689,papelaria,159.9
923de9294ed7069305c5e8fbbc3ea51f,relogios_presentes,159.9
8ae2a62356fe10b4261e16268508ddb5,malas_acessorios,159.9
877037e9f558d11ce22f3224771fd12f,brinquedos,159.9
86b5eb8613c4a7bbeaedb2fa28e0a6c1,brinquedos,159.9
83343727db272f1b63942c26cbdfd92f,esporte_lazer,159.9
81d759641b29a733d9e03e0df3155d70,moveis_decoracao,159.9
8032dd9dcd307cde20d9caeac304b6a0,telefonia,159.9
7ddb6ba690b14dee5c0f2d372e034cec,cama_mesa_banho,159.9
7bb6d6699f4f2ff3315e4df8419d4584,papelaria,159.9
7b1f55eb9b85b0aa6b1d4c16108eac61,cama_mesa_banho,159.9
7acf643c9851bf01a16332dfc8e6824f,informatica_acessorios,159.9
78a2a96601d7940594f95dbaa4c368d0,perfumaria,159.9
7500a93e5485588cedc511badf55e56e,papelaria,159.9
746191562977a60292922c316e21720b,automotivo,159.9
6f2e4f2d177e72372b1e48c76b21a7b9,moveis_decoracao,159.9
6dcacaf3d7706d2cfcf7798fdf52901c,relogios_presentes,159.9
6d5623c4f3def09d2f42d84c232641d2,pet_shop,159.9
6b5b5ab1d2e0bc35b3c2538d7bbf460f,esporte_lazer,159.9
68b92c941d4052c59ba87c2b2824bfa8,cama_mesa_banho,159.9
648790421a896a7625e9f8e778ab57ad,brinquedos,159.9
618c8ad142ed5727e5381181fda0d7c9,consoles_games,159.9
5cc23f2c72b47d7b95f4df9855848a46,cama_mesa_banho,159.9
5abfadaca53239a9193e09288bcd7db6,utilidades_domesticas,159.9
5aabb9c72866bc1b6aff2fb42852be3b,instrumentos_musicais,159.9
55b8781171d27966e82ed1faa77a4c7a,cama_mesa_banho,159.9
55a934a527b112e9d1bf6893871872d8,beleza_saude,159.9
54a3b009ede4097eff76990e0fa8553c,esporte_lazer,159.9
53edb39964473cfdfad5b78c9134bc7f,cama_mesa_banho,159.9
53e8156b28f9080cc0865b55d1bed9fe,audio,159.9
5320227c4bd28373213316b78f0f0b44,relogios_presentes,159.9
512a1d3b016cbc85a8359c3fc99b4abb,esporte_lazer,159.9
509db8ad81eb83b247f4b73569bacc76,cama_mesa_banho,159.9
4ca1bfda77dc7aef2433d6818bd53f08,moveis_decoracao,159.9
4bd3f968f30558ee2b17168cd3930fff,pet_shop,159.9
4a345c3b756b1f0089af0f3bf0ad8202,cama_mesa_banho,159.9
47f08a63ddcb747bf50a90d26f093c65,esporte_lazer,159.9
44d6d97ab74c490cf558480a06dce11c,brinquedos,159.9
446a60562915e8223780cd142b8dc26d,cama_mesa_banho,159.9
4079a95ae53890e5c268117864020aa8,cama_mesa_banho,159.9
3e8a0f0a4389aa563b110eab167d99d4,bebes,159.9
3d514fecadf6cef40a2a32a3c20cd1c8,brinquedos,159.9
3bec03860f3782ef8993056e01b8229a,consoles_games,159.9
3b2cf6f48e64f1b64c75b8dcabc8655b,automotivo,159.9
39a943faa3e2debdb3c8db4d4f088849,papelaria,159.9
36696562bef043d7e07305d62baf5ca7,moveis_decoracao,159.9
3282c3c8f2354dfff84997a238f91f10,papelaria,159.9
2d1ff2e44c1df1b288d32c02737d6f34,moveis_decoracao,159.9
29e690f79f608a27a9a02dbf5c3c0c93,bebes,159.9
251631a18e7cb6e44ab14a1c4668e587,brinquedos,159.9
23588f7d2da3b618063a218a390fdd0d,cama_mesa_banho,159.9
20fe497c2f839ab186f043e9f5a78b2e,relogios_presentes,159.9
2009f9265306f26803dd5a243416707f,bebes,159.9
1f24b46fe73e9c77bfdf756f69f3ea8b,fashion_bolsas_e_acessorios,159.9
1e356d1f0d01ec859c4458956d2b577b,brinquedos,159.9
1c8c80454d9a8829112d5be9fe885fab,esporte_lazer,159.9
1aa5ffb5e73a8635a5d4619a96d012fe,cama_mesa_banho,159.9
17469cd3d2559b93669a813860296b8e,brinquedos,159.9
16c1c1a3dc1ddc2fd5e32ae7fe616b0b,cama_mesa_banho,159.9
148c9e8af97e807544e4487f137ad65e,construcao_ferramentas_construcao,159.9
1434a45fb0e95dd43f674ddff1df8ca7,cama_mesa_banho,159.9
10583f0f24319d0c8db47ac35e977021,beleza_saude,159.9
101f391b9c83dc14c8f6147dcb70bfd3,moveis_decoracao,159.9
0e8e65e0044a4d888d422517f545ba2e,brinquedos,159.9
0d3ae9775bb6537884a4cf722b258d83,papelaria,159.9
0a904457e165bf24b90921754b4a5888,esporte_lazer,159.9
04bd5aedb2f07b8078ef7dcbfb79db00,brinquedos,159.9
01bd9be7c04525d23a4a901b4abbf56c,utilidades_domesticas,159.9
00905d58c87afcbce21420b3712cacaa,cama_mesa_banho,159.9
ac8c6691c0c12c664b5629663bd2652c,brinquedos,159.8
9575c58d6ba5856589c410cef0b3f0e0,,159.8
43724b27731595d954e911f443fb1cc4,construcao_ferramentas_construcao,159.75
daf9301b3e3756d45250765852ed0dfd,cama_mesa_banho,159.69
e40fa115d27ea4a80bf2136d5f0cfcd7,eletrodomesticos,159.67
08bc541b873d8c1ecd4e6bdd1d287c97,automotivo,159.67
3458b4c1fcbe46e2eedb48e00960a60e,cama_mesa_banho,159.56
48b84ebeb242a7c1b410848b79d4f22b,automotivo,159.5
73c0537a6f1d148275c69a114b2d8bf3,automotivo,159.49
cea3e34396621bb2677f5969c11316bc,automotivo,159.41
58498763fb69f0f0bd09bad43b2ee3f4,cool_stuff,159.4
63e0fba310acec294c78c0ad6e3d0e4a,relogios_presentes,159.33
aa4383b373c6aca5d8797843e5594415,automotivo,159.23
ca87480e3217597bea91c94423cb30b7,cool_stuff,159.2
760bc344cfd2b318b8bf388fa995d3e4,eletrodomesticos,159.1
1b7b45fba5ad23e8117914f8b36e6772,esporte_lazer,159.08
20b7215f127656c56776983719ba603a,moveis_decoracao,159.04
ffbfe460c6f140cdbe4f494be6dd43be,eletrodomesticos,159.0
fbc27ebd87bc38f09e41f1d062d116a7,automotivo,159.0
f8a9ed2d85e69c00f817d88ee3de7333,esporte_lazer,159.0
f83f6ed380fa37da66fe8acd4593cc69,pet_shop,159.0
f7bd9877cbaebdd3c596190ac46802b9,brinquedos,159.0
f43650d60d36b1668f6e5dd41e27f2f6,relogios_presentes,159.0
f3a0e8de0d8bada90f638dd837416ad7,cama_mesa_banho,159.0
f08e8a22fd29fbb0b2b09c220758575f,beleza_saude,159.0
f079179d711d2c815ac8e54fdfe70a3b,construcao_ferramentas_iluminacao,159.0
eda141a3df363e0374e85007d1b4bc85,cama_mesa_banho,159.0
d83ccbce75276ea1da5ca97cc4d800d9,esporte_lazer,159.0
d02b36afa0f4b273bb31f9e54c693531,automotivo,159.0
cf1709a941039d6e24f0dde0978570de,automotivo,159.0
be18d31877c33d94beb6e354401dc7e8,cool_stuff,159.0
bd4b8ef786f95b66ded2f483293318ea,cama_mesa_banho,159.0
bc5b673b87453987a45b11d34bb69de8,moveis_decoracao,159.0
bc072f287b475a918c00b3478d1bcef9,automotivo,159.0
b1e099942b15d8851265f7fb2de457cf,esporte_lazer,159.0
ac4005f3f9d2fba6bb8feb0ee1dc1395,utilidades_domesticas,159.0
a7c9291d7a571ba9436c10f79ca25655,instrumentos_musicais,159.0
a779a9eec979527333131437db0882b1,automotivo,159.0
a6fe71f0756d773ce5cbb7564f049939,relogios_presentes,159.0
a64c80ae3742add8f6a968d49badf726,automotivo,159.0
9c5568dc227ccef3089ef6c37082a464,esporte_lazer,159.0
9c522bd0c17e3f233d657b8faec798b6,automotivo,159.0
9a36241ab9d33e23d58b50eddb5097c9,moveis_decoracao,159.0
90f0c2783d7dead12d957eda9fdc111a,esporte_lazer,159.0
8e62a6c85ba7c71b607e8e7fdcefe109,utilidades_domesticas,159.0
8d5bbc001d7ef91744f07fecab6681d3,esporte_lazer,159.0
8ca5d414f750bd92cedf636c6f5bd355,beleza_saude,159.0
8b703da31bafff192fa02873886b9074,eletrodomesticos,159.0
868519b1962b0fdb994a54aa184c850d,perfumaria,159.0
84aa780b4f8692cf7a28b30cd0ff671d,automotivo,159.0
83fc9abe24667777b997571da7b6052a,relogios_presentes,159.0
83a5fc7d4c50025d288099ef0ab3456c,esporte_lazer,159.0
82df58fc3b035fa426a2b49c76d08183,beleza_saude,159.0
80cc039ed021cda9066625e945327f70,automotivo,159.0
7eedc4bfd32856b0c2b78657036d203e,cama_mesa_banho,159.0
783dae38feb9e3a364e24e25168cfa8a,utilidades_domesticas,159.0
76047a9f85e0601a31579a9a9e88a0e8,relogios_presentes,159.0
7559a915036030709d3491e1602099a7,moveis_quarto,159.0
7416f209ecc901d8c6c64377f12cd1d5,moveis_cozinha_area_de_servico_jantar_e_jardim,159.0
72d92666be363eeed3cb22ad05964887,utilidades_domesticas,159.0
6d0d465294cd2cb44aea084f34405967,moveis_quarto,159.0
6c40c98da8f33daca57f0e9b78eae09d,brinquedos,159.0
61472ba502ffe30e46fd1b0565087f95,beleza_saude,159.0
5c535d2479b9759c3bc8d6ac57085cf0,informatica_acessorios,159.0
5a5f484358ce8b21be8d8fb4f18eeb58,moveis_quarto,159.0
52557b5771eba333f455ba6486ea6f19,cama_mesa_banho,159.0
505bdfe93e66810bd2dfd42bcc61976b,informatica_acessorios,159.0
48de27bd5c8f17adee291f6886cec06f,brinquedos,159.0
441293f432282ea2ab9c82fe5f0fb875,moveis_decoracao,159.0
437bd97b94971c4355b99e46d74f9139,esporte_lazer,159.0
418b40c9e83b7e5ac79e4a7ef975ebbe,eletrodomesticos_2,159.0
40776699299c733bc0fdbbebdbe8b9cc,relogios_presentes,159.0
3e5047976e9d805d4cb72a96649f9b11,beleza_saude,159.0
3846547667e1aa278c1d0259febee234,automotivo,159.0
2f46e035eccda1e1e2127096bb7483e7,esporte_lazer,159.0
2bfc998cf625e54b2c6447bfc7c18cb4,utilidades_domesticas,159.0
2bbafc7b18384308a1fb3f64c022b25c,esporte_lazer,159.0
2b4ad41f87f5ca9daba350c8f886b729,moveis_decoracao,159.0
2b3a5c2260dc61103f0b61bfa35a5d2f,esporte_lazer,159.0
2b19dbb6e225fc04cf9a80d83f949b88,cama_mesa_banho,159.0
274bc3c5b0b7fbc7fb99bb87af4c0535,esporte_lazer,159.0
1ff0bca5b9068c1855e89ec8a9bb6382,cool_stuff,159.0
1f2a3bd182a1004ffa295c0c54d1a653,automotivo,159.0
1697727d6c82c23c7149c6c773683d2c,esporte_lazer,159.0
13d10ec6bc5633f5b34c710ba5ff866d,beleza_saude,159.0
0de59eddc63167215c972b0d785ffa7b,construcao_ferramentas_construcao,159.0
0dd71bad88beb4fe0f85284f5b06e028,automotivo,159.0
093be8c4566a25d70e577faa3539d7d3,moveis_decoracao,159.0
08279c494018541f71443c07d77560f8,utilidades_domesticas,159.0
05d7e1ea3fb7a5e3bf83bb9801603418,livros_tecnicos,159.0
05a9dadb8402b6b7ae3dd28f7da187b5,informatica_acessorios,159.0
353453049f39e1273c7e57d80bd4d55b,consoles_games,158.99
0135900191d4383219257d6fde585ccf,pet_shop,158.99
a630323d497e2acc89574e8b792c6936,informatica_acessorios,158.97
819386cf1eea26ae023a2895cd2f73d1,construcao_ferramentas_construcao,158.95
1d9311c8ab3fedab5eb4df1277b84bfe,construcao_ferramentas_construcao,158.95
dc6012b12115251bd0f6ffd93a99c070,moveis_decoracao,158.92
e09d5f4f915241efd18cd37fa543d7fa,esporte_lazer,158.9
d801448d8cf48fd15a66dc8779d47241,relogios_presentes,158.9
bdb398ac06c2ed352859d8f8cf2f713c,relogios_presentes,158.9
87ea2f45559e10519513a20b24147316,informatica_acessorios,158.9
7ca498260c343bafc4596d101ec12490,papelaria,158.9
5e56d835ab5e03badf5a23368f777341,cool_stuff,158.9
455819d0d2ccab9c6041aa8de3ae6b16,,158.9
41b14d5cecdea3f0e8debd1d0bd155c5,relogios_presentes,158.9
ccd686475dbff77b93871eae4754526b,brinquedos,158.75
37095a57db396667492dcd7e10f5b792,ferramentas_jardim,158.67
4413a608a42bd21bbf9d5abbd58c249a,cool_stuff,158.62
61779602040b50203b4cdb85dbf2fa83,cama_mesa_banho,158.6
0b4b59f6bcaf697444a8b7b14f630b15,cama_mesa_banho,158.6
0e1cd2215a878ad18b2c0b482330a9aa,beleza_saude,158.5
83e5adb51c0d54eff80057f064f808d2,consoles_games,158.47
7762d533895097b6e2f2b64ef66b2ec9,utilidades_domesticas,158.4
dec0886d6479d5bdb56d856c501e01c2,malas_acessorios,158.26
6c3f9c870ff6e96ad4f4511602078fb0,malas_acessorios,158.26
ef305675b4b5113913f5998336fbd86a,utilidades_domesticas,158.2
9e982c02ee2aca70d2bcd8799a2487d2,construcao_ferramentas_construcao,158.2
0accb86cd9322f97f4d1523781e10fa5,cama_mesa_banho,158.2
1272db6c9d16e3c3b9878c3462a0f369,malas_acessorios,158.13
7bcdb99b3fc6f5c31ab72c04b5a99359,perfumaria,158.1
f105318b219b352b992001c976c847b1,fashion_bolsas_e_acessorios,158.0
e4411c56bcacca2700d5bdb004eecd63,pet_shop,158.0
d84895a804248d73a16480c0b2e18604,esporte_lazer,158.0
c653c26ffc8bf64d1f4350006dad8688,esporte_lazer,158.0
c62af29c3eb929d6ceaf29e52fc433cc,esporte_lazer,158.0
b6397895a17ce86decd60b898b459796,ferramentas_jardim,158.0
aeecb1d0e5d4d5ccc3fcfe6fe91103b6,telefonia_fixa,158.0
9db80a1001d694e578f7e4ed77db792e,beleza_saude,158.0
81e11b02560e506662f5d75a88b94fa5,utilidades_domesticas,158.0
7d1f165a4a03757ada8c56e9aba9fb41,moveis_decoracao,158.0
5d0163a1864ccff91f6949a1b03a37ae,utilidades_domesticas,158.0
5a734305711f911ef984b0b59c9b7936,utilidades_domesticas,158.0
53466539c80d0960583e3d74d250ae38,pet_shop,158.0
4903460ef3e8a5a22e2b8027f3f63dd6,relogios_presentes,158.0
47b627a984bc4bde1b90fcb73fe0fd3c,esporte_lazer,158.0
389ccdc358e8e98aff57a6ed3e038547,utilidades_domesticas,158.0
2c484c3b1f80b8c735fcccb9b1f0f0e6,,158.0
21dda9c8f188955446cf905038acd22a,ferramentas_jardim,158.0
1c29e0998c641090dccdd718d8d2ce61,utilidades_domesticas,158.0
1042c4a6f451ec0825e8accbd9486349,moveis_decoracao,158.0
0ce1adfdded63914231951b7b34624fe,ferramentas_jardim,158.0
0a6cff78b203b5224378cf8db2dff5a6,bebes,158.0
759d6e247dae636cc8e135f50052865e,moveis_escritorio,157.99
56d45b2c27871322801134f57d1b9dfb,cama_mesa_banho,157.99
83b00325c13c44245b2c3a2befa62a0e,bebes,157.94
a37a8ef49db46a932a778ab081d7c40b,cama_mesa_banho,157.91
fb7eda79f009c621d394406fc3c28d5c,fashion_calcados,157.9
d8e94b73f80bea3c8c7d5cc257fbd4b1,fashion_calcados,157.9
d60ad4f168fafa0a30d6d5f03b6b7572,fashion_calcados,157.9
ad6cb6097e3d27661b789a84ec7cc9aa,fashion_calcados,157.9
aaea62612b84679ddf91cbdda1183e7e,utilidades_domesticas,157.9
9630b857efd71e4e583678219f57f0e2,malas_acessorios,157.9
8ae7db511529da9af9685c9d0375bd82,consoles_games,157.9
26ee5f6601a9ad36979b8a1a8b389165,esporte_lazer,157.9
0a8038344359ff23c26156650b801e6c,ferramentas_jardim,157.9
43d2e0df7224cb1c252c23cf36d597ad,bebes,157.89
c0a3d13743c894a0bd017a85acb658f3,cama_mesa_banho,157.67
4f017feb2973d563da787c6ac3073b44,esporte_lazer,157.65
9db0afe3dcd2942f8bef6f7195b9a2e1,utilidades_domesticas,157.62
3554200c1d7f3b4b39a0ae68aa1c0a54,malas_acessorios,157.59
e855dc52ff8689424725e4a7dea082bf,eletrodomesticos,157.5
b7f0f972e1acd83e63a4bd8298c2cb48,automotivo,157.5
9938217cedf3d56b2abaf11f2d3feae7,automotivo,157.5
648b8a8c89e77c27e1e894e857667f6c,beleza_saude,157.5
59b47581b7ba51a62bf9c3dd4fef36fd,moveis_decoracao,157.5
f6e6c65001237d8ad94691b224e17753,moveis_decoracao,157.49
632c37951cab36a4e928428cbc4fa4f4,beleza_saude,157.49
a869ec6209c361ca46dad85a5530e119,esporte_lazer,157.43
199a6bb74fd406310616fda54aa93a80,alimentos,157.41
33f38661c7e75dfddb833dc4cd2f1c27,moveis_decoracao,157.4
32b9c3230a57c4312a9419c44a2e45ef,esporte_lazer,157.23
4606f0b0bceceb75e7a887e6b57cae3e,informatica_acessorios,157.18
d22625c4bd160a54f96629f139153c74,esporte_lazer,157.06
9d8945bf83fcf586d751dacb07e28a3e,ferramentas_jardim,157.0
99a227ce7657e0627fae79ca776081c3,cama_mesa_banho,157.0
94950d6ddd0b24c0d15f7f09d61a8148,cama_mesa_banho,157.0
2fcbaee260e3146369f5e4f2b2abe551,ferramentas_jardim,157.0
d41fdddc347b82c2904b477df7fcea9e,moveis_decoracao,156.99
c37123a4ab536f2b55e1164f5759318a,cool_stuff,156.99
629cd04871a85607710a2bc120766c0d,cool_stuff,156.99
be7f0912ba01126704c81b3f705aaaf2,perfumaria,156.97
3cdff94d5455b793b415be775cace03c,beleza_saude,156.97
a4f599bc20c26f1845518f370c437896,ferramentas_jardim,156.92
b48011c2f47dc5194f89275e79d81465,cama_mesa_banho,156.9
81e5968d5cc613a7fb67502880db9946,brinquedos,156.9
674fa4e0401faf80b7d4311e7cb636f4,brinquedos,156.9
595b8278e4e5c52c86a4da3812b70081,cama_mesa_banho,156.9
1ef71d12e77a6bb27f555c45747807ab,brinquedos,156.9
09cee4288906c4cff9cd235f33dc0ec0,utilidades_domesticas,156.89
16ec3cff48acf77c13de21217bcc8af0,cool_stuff,156.85
f95d9369ebf76f811194c72bd22ff244,moveis_decoracao,156.83
8d024e70a7e9e92b8851684d047a7021,esporte_lazer,156.82
5a2c5357841ae997771d179eee3f2027,esporte_lazer,156.67
6e3186505d9f4c946921bd51a5b79742,informatica_acessorios,156.63
cee4ebfc997a2ac7f01145efb59cc7be,livros_interesse_geral,156.57
b19e331e05bee8900ed6e582b4c8dab6,cama_mesa_banho,156.57
8fb8fc612eb9832ae220a1b88f3b375d,beleza_saude,156.5
2423252b2432f1803e4f29e0974c6cf7,brinquedos,156.5
7b35ccd93a2184646c03b70326626923,esporte_lazer,156.49
81bc8fd12691dc4b290dc8c668532e1e,casa_construcao,156.45
54d7ad85b648d3cb2b7069ed446d7f35,informatica_acessorios,156.39
eab67bf937aaadc19f83383a331d2dd9,moveis_escritorio,156.35
a5db577b646be1ddbfdcf6dddeaf91ea,utilidades_domesticas,156.33
6cdedcaa72a7ac7fd354bc71adb02ddf,utilidades_domesticas,156.33
fa3a067994b6fd52b6ce674ee19a5bdf,utilidades_domesticas,156.3
f00b39a2c66d045f07fdfe7d8ddc4ed9,eletrodomesticos,156.25
d596ce99ed43dd6fd753b1f6c078417f,esporte_lazer,156.25
fc1449f3ffc59fd2eb9640505aea0581,informatica_acessorios,156.19
c80525a7dab2df6000ca88a2e7197323,beleza_saude,156.18
7c898e0b8ea203dd94ba846627fc34d1,moveis_escritorio,156.05
ff2b293ae4b3c204113bdec91e27a584,beleza_saude,156.0
f8aa70d9a3144410291ddb62d20506b6,esporte_lazer,156.0
f152b09d0630df240acc7c63009e814d,utilidades_domesticas,156.0
91e9e720834fd442374e12835393387c,beleza_saude,156.0
72348c2ae355b4d8c6680ca93a8e263a,utilidades_domesticas,156.0
17f6a6d7f6e0334b28d8d026d12db169,beleza_saude,156.0
e2b9488ff4e25e7fb5a2973a65eb79e2,cama_mesa_banho,155.99
ba664def852b1416351aaf61e2c7b1a5,casa_construcao,155.99
b8ca27a8b7658a95a8040f0a9489c952,cama_mesa_banho,155.99
9a31d1755410172ded96acb8fd59ba02,consoles_games,155.99
8f6c8ef57595ed8bc0a6d716e38dff95,pet_shop,155.99
74136808e9dcf6fd885771521203035e,automotivo,155.99
65735dc44187883022fa8d0d78c807bc,consoles_games,155.99
1468c44dd6c3ecaa8e9b12a8a2a7ed0c,relogios_presentes,155.99
c06b0271681be1b35ce57c3fc66a9e53,construcao_ferramentas_seguranca,155.9
88e59749c8b39fd1a9b7458147e0dc62,utilidades_domesticas,155.9
691c322c9ee65a95651ef57d6b0875ad,climatizacao,155.9
5d80e2d738a30fcf851cbd5b4951374a,fashion_bolsas_e_acessorios,155.9
596bcac386727c4440b2c62434621e1d,automotivo,155.9
571547781b09e0d5b1b0fe849e41728d,malas_acessorios,155.9
41c8165f95f664347510a0bd739f2509,brinquedos,155.9
166afe76948e93ed13181b01febfeb25,cama_mesa_banho,155.9
154cacf31b15a08f71d7666a1ac3c0bf,informatica_acessorios,155.9
f52b6b9e0bc35ec9d682eea89b27ef38,utilidades_domesticas,155.87
cef4f90ce027751d3acd18e554ca3e4c,relogios_presentes,155.8
06bb6e704f99920f51dbbb0559187d98,cool_stuff,155.79
55afdf91178e38185fa461b5ca028a57,beleza_saude,155.77
ad88641611c35ebd59ecda07a9f17099,,155.7
3e0569568b8fa37cc1f767bc94fdc395,automotivo,155.7
9ab817d90bc61ed772ffea01b4cdcdb6,beleza_saude,155.67
8b3fe8c89624abf9d932b87faae6b587,utilidades_domesticas,155.67
f3c5707e7c539ab6533e3611da02b648,cama_mesa_banho,155.66
4c1fdadeda244374699fdc31917e5b34,papelaria,155.63
9b79fa6654cc0c0440fa9a1f52d2f248,perfumaria,155.6
426c58d69aa402e5397c4b6471420fbe,construcao_ferramentas_construcao,155.6
19b7148be60fb48eb30c7eb0431c1a8b,eletronicos,155.55
72031b4bf33aa4f09c67e884dea3873c,consoles_games,155.53
563bbe0d8473acb99ec159079a8352f1,casa_conforto,155.5
c0eb3c049747e427282803363d9d7067,beleza_saude,155.44
928c2c0fdf465581daac95380af04b3e,moveis_decoracao,155.33
86f2416d4670e4ea3ca5494d043d9f24,moveis_escritorio,155.33
7f10c4dc56e0a914b0552b6c3ab524c2,automotivo,155.32
b2467a0d160e2d74cf50312ff80e75c7,beleza_saude,155.29
7039b86e688d15677bdccc14562801dc,eletroportateis,155.27
af5606ac1cb97d0519a67bd7d9af79b6,sinalizacao_e_seguranca,155.13
c4defdb2bce4d658abde5891e3be4bb3,perfumaria,155.06
d7718dae97c4e5cbbfbfc528873b43db,relogios_presentes,155.0
c8a0fe4fb537a7864e6aca0477a6da9c,cama_mesa_banho,155.0
c1d05d28dad5612edefcf3106e4276fc,automotivo,155.0
be7e1eebdec8d6a9842ebf1c2c2c3dac,automotivo,155.0
aab4ed0a026e2f1d486ff1556e12b7e7,esporte_lazer,155.0
9eae1df2c1112be7a7c57d7b09fd9bcd,bebidas,155.0
97c58626cc3e15d514d2095f69650220,perfumaria,155.0
91a5ae441d12befb1c62c19c4ffc940e,ferramentas_jardim,155.0
85bb2ec914e43df39983d98c9156ce59,relogios_presentes,155.0
82758517d6c9cc65c509781f1e14e9f2,,155.0
8092fb20e422a961ea52cd441b5a4244,informatica_acessorios,155.0
78c4f2e6da6786ab39f8806a75c3db33,relogios_presentes,155.0
6a41e9f388cfee3b924ed19821527c21,fashion_underwear_e_moda_praia,155.0
69d95947a8a85a44375af7c667a5d61a,fashion_underwear_e_moda_praia,155.0
654a7e7cc8b61ba09cefd8e02be969d2,fashion_underwear_e_moda_praia,155.0
4c995db5155717035ed4a91b0e83a426,eletrodomesticos,155.0
3d39adab5a0c6d3a6124f1a556589aff,moveis_decoracao,155.0
3a3f0628722b2f548673a2f7f5fa5605,fashion_underwear_e_moda_praia,155.0
35bc6c77029697004675d3a2ce505916,informatica_acessorios,155.0
33c99a74eb3e4e67bb70dca408c352d2,construcao_ferramentas_construcao,155.0
18670ef035870b452690c54a57e13009,construcao_ferramentas_construcao,155.0
15bef25125df6626665f702257bd1e79,beleza_saude,155.0
04abe952a7292c9914a0ddade6371114,pet_shop,155.0
d8d04b94572126180be57d08fddb186a,moveis_escritorio,154.99
d325b4b600e06bd11a1f8afdfdf3679c,beleza_saude,154.99
b9871eecffc86e4ce44299d2e0d10cdd,cama_mesa_banho,154.99
b33eafe0578ff59c3c9c0853a365e3b6,utilidades_domesticas,154.99
aa21b6a3f4c75c7a9ae8d9ba32796914,cama_mesa_banho,154.99
7f975a63ae36e04759dccaaf14a1d408,utilidades_domesticas,154.99
73e0db4719016f90a37238ca8e5a1cab,casa_conforto,154.99
487cc4260ca851ec6cc283db8d235fc2,automotivo,154.99
41b43381a92451746dc1374dbbd4c43e,moveis_escritorio,154.99
27066995b777fb84dbcb25961fd6d007,brinquedos,154.99
d5d5bf01f70d61a8917ef35a3595edbc,papelaria,154.94
092efe1dbcc1a4752b17a19fb6de36dc,moveis_escritorio,154.94
0e54696a1223698bef52eeff59a10098,beleza_saude,154.93
f39d173b39667dbc8a170145b8035ae2,ferramentas_jardim,154.9
e59710c424d7084b69c46fab3dcc4c47,papelaria,154.9
dd68bcbc459a7f8b1e8d41efd8e076b3,papelaria,154.9
dad114e8bc5146e75d68b6f69867e356,esporte_lazer,154.9
da08cfe6c77b65a07d8396113d827f18,papelaria,154.9
d986e4bd747ca20b348abcd013cd1303,esporte_lazer,154.9
c4b5776ae19c3e9ee28323b38d41c72f,moveis_decoracao,154.9
c36b3f0e13d2e953ee290c7ded304c57,relogios_presentes,154.9
bb1fe952bdc16ef8974d4ca11aec19b7,beleza_saude,154.9
84b88b5f25e4651dbc4c1c9c7e4b7d27,cama_mesa_banho,154.9
7d935f57cbfeccf7e6952dd286c3eba6,relogios_presentes,154.9
44774af511346f08083720dbba61ade0,fashion_bolsas_e_acessorios,154.9
2e217eb628a12a225a0bfb3fc6512fcd,bebes,154.9
2b6668f997fdf67b759b63fa849b0b39,cama_mesa_banho,154.9
1ac5b02a81e28c27713b7229144a773e,utilidades_domesticas,154.9
18e2f2853af64a5c039fb829e8609da1,relogios_presentes,154.9
e4bb5bd18b0b3b6e9b7107ecf4fd11cc,cama_mesa_banho,154.8
c9f62bee5c17494edcb5c3f3f56d75ad,beleza_saude,154.75
c3db113c416d50ed94fce65297d016f7,automotivo,154.67
570df4c7c2a1ba5d810f27b93c584232,esporte_lazer,154.67
a1efe4a86746c22541813e22e1d23e33,cama_mesa_banho,154.64
b114bf337c0626166abe574eee9e3f32,moveis_escritorio,154.59
39e3b9b12cd0bf8ee681bbc1c130feb5,,154.44
186052b3f166a0f7227e78b2d27652d3,casa_conforto,154.43
67e3279668ba06a3dd977cb31399a311,ferramentas_jardim,154.19
fa8b90b254398a181c77d51bae41eada,beleza_saude,154.0
f9d774a1820f792952eea079a40a7c6b,beleza_saude,154.0
c6d339a1fa8873b1ffe76fb1b7cc10f1,esporte_lazer,154.0
be359e4dfd741cfa415d9965fe0c417f,pet_shop,154.0
9d99a79d596f4a054c7ace6068b446a7,eletrodomesticos_2,154.0
9af87df86e72ade39565a7b20d8cecd3,beleza_saude,154.0
9ac3f8f66132539cb797c44296f1fa27,papelaria,154.0
8bba571a200eafc25322c17a89ee24b0,ferramentas_jardim,154.0
52d828eb9a52d8cfcc750bd79254b9ec,informatica_acessorios,154.0
3e37c91440010c93d96718a9e6a33b8d,esporte_lazer,154.0
25cf184645f3fae66083bf33581b8f13,ferramentas_jardim,154.0
0ee362737f0fade7293e5a4f375f2446,casa_conforto,154.0
d12626c1266a0263a1b0d907437b5fe9,beleza_saude,153.99
ce6bbfa347690099b21b9d688772d5ab,automotivo,153.99
5b3a080274573239e92080e9e7278470,perfumaria,153.99
edc9d1ff2bc5d9610f292c313d5c861c,relogios_presentes,153.95
3a135477bf41350a0b1d8afdf616d446,brinquedos,153.93
ec743e758e4f6c47b4b9e73ddd129e86,utilidades_domesticas,153.9
8340db0bf9aa66946ce4a1f74c97041c,esporte_lazer,153.9
54e9aeb95d23962bf361ec89ac47cea9,esporte_lazer,153.9
10be3a54fb1b2a42ee3ed8c9ee32010d,moveis_escritorio,153.9
0254d6e0da36c6f28720f89cde66819a,beleza_saude,153.9
3e4684507e866b7418a457863bfcd3fe,brinquedos,153.78
63cbf4066cf395d6634831160ddacbbd,moveis_decoracao,153.75
0c276318593d4450cf9b178ad5b4a8ce,eletrodomesticos,153.75
8c292ca193d326152e335d77176746f0,beleza_saude,153.68
25f86162fee18735fffdb762dcb10d7c,cama_mesa_banho,153.61
a25b58b67aac0bfa8888a3b7582ea77c,moveis_decoracao,153.6
eac4543cfde63c7427a4659b8c907098,eletrodomesticos,153.5
c8543f8ff0cb8015bea93c0c61b15024,brinquedos,153.5
b891c682fc2f37ea421cd3bf2f4fcd00,utilidades_domesticas,153.33
89411fc3098e56bb679697117c2055af,moveis_decoracao,153.33
0603d2d85bcc46beb11bd247870c4841,cama_mesa_banho,153.33
138d7037b59dcee052810952c983033b,esporte_lazer,153.25
7cdbfaf362a70dac1f854b7d8e18e4b2,utilidades_domesticas,153.17
a96d7b91547c9d381eef6793af2c639e,ferramentas_jardim,153.14
b67841db204fe56a1b7d0b4d7c6fca8b,relogios_presentes,153.0
4a25fe90f6685b9fc991af9a796f74c3,cama_mesa_banho,153.0
48f866f20b5b6015a324210988e73387,cama_mesa_banho,153.0
4636c8e02578902bfff42ab00f84fbd6,eletroportateis,153.0
36a3aa7d9d4e2bfcd7edb9c2abf061a6,cama_mesa_banho,153.0
1136bf18450b05b755f50b49657c1943,eletronicos,153.0
0030e635639c898b323826589761cf23,ferramentas_jardim,153.0
cf857bce01d442bb8631a548a4432def,bebes,152.94
981d19b32de498335ca41b1faf1b4e35,esporte_lazer,152.9
37afa38a724c6ab9b04b797901d821c7,moveis_decoracao,152.9
07821918ef487fd64eb20b3c8aeb897f,informatica_acessorios,152.83
03bb24d19ea7449ce170e0888d830707,informatica_acessorios,152.77
cdba44bccdafa757b44f7f41b70f4e23,utilidades_domesticas,152.72
b61d1388a17e3f547d2bc218df02335b,,152.66
8adeb1032429e0cdb52dcc55cd422bda,esporte_lazer,152.62
5b94462ef9789d7944ba155fed57d178,instrumentos_musicais,152.5
02a3073438c0d024f60e34a05bd340c4,automotivo,152.5
4e191b1e429b88c6eae1a014f823cb7c,casa_conforto,152.49
c4df35b0ef8a1996cd7118d81c1632ad,bebidas,152.42
39a1a3b9314738724fce4b2907ae6686,cama_mesa_banho,152.4
224e8e64188b2731d83c3f5bfebd29d3,construcao_ferramentas_jardim,152.4
cdf5c5621e09ef8189cee13cce5eb46b,cama_mesa_banho,152.37
4395690ceee4379785f481610bf962ac,casa_conforto,152.33
2a1dc7b4d777085804b1a6389639870c,eletrodomesticos,152.25
0174eb125f49a617bd9c6277e5aa76a9,eletrodomesticos,152.25
9cf46f1d4af935182cc2fa4690a77a00,relogios_presentes,152.15
d3d2f358e7e92dbbbc0a37d0b7435253,utilidades_domesticas,152.14
0ec7b6a863e219792bc4d50d3a62a839,cama_mesa_banho,152.04
ead9ade61e81ab9e26d83640c3164e76,fashion_underwear_e_moda_praia,152.0
e59c0bdd870c05d20216271d1d605a08,esporte_lazer,152.0
aa5889064ca9c81e3a9dc65dd018187c,esporte_lazer,152.0
972373c479cecb6ce4715c729b27ec9c,cool_stuff,152.0
72a6b7b5ef0cfdf2477f484e2dabfee4,relogios_presentes,152.0
7167a194119e3d3b0da13963e0417c8e,esporte_lazer,152.0
68fda662b16d76fbfc062c124171a29d,beleza_saude,152.0
5f5e612ca8903e6425fd6d2d3f7fe985,beleza_saude,152.0
2ddfff9876c59d6519013ab6943d17d5,esporte_lazer,152.0
25fff16924bfec818c5c4d46b937ec0c,eletrodomesticos,152.0
15b0e8706bf37a95f2bb3665c4cc4c6c,fashion_underwear_e_moda_praia,152.0
13a3c6eda5d4bac4227c158ff70f0a8e,fashion_underwear_e_moda_praia,152.0
b1434a8f79cb3528540d9b21e686e823,cama_mesa_banho,151.99
82fd0e5d33b58ad696f75449679c1470,beleza_saude,151.99
57b46ac6f5503699255bab6cdde8222f,cama_mesa_banho,151.99
ed43976cb61c922803515e4963d9e5cc,beleza_saude,151.97
a37d5c6bae47cb27d8701aac7bd0cc3e,eletronicos,151.95
9f2d98026e781b854b26e7551b263a6c,informatica_acessorios,151.9
9a803c36a15de3fd981f42c0e4cabdea,esporte_lazer,151.9
7b371f0aeffcb6d62f97ffebe79c4e59,pet_shop,151.9
74c5ce32712cad35780e4da885dff757,utilidades_domesticas,151.9
4a0938478787f49dc07af734b86be96c,relogios_presentes,151.86
b63e8531d772927d6d0b5e4ee1c48389,casa_construcao,151.8
3e362e76af5b6669122b87d6f0a38eca,moveis_decoracao,151.8
3adb4888b6e99ae73176ac7979dc03a0,moveis_decoracao,151.8
f3b5bbdfd20be94cc96583501d2819ce,beleza_saude,151.74
f2c6bb3c72a67ac37f14bae1faddcf40,beleza_saude,151.72
cd442924cc287cda38d9de01d285b263,beleza_saude,151.72
b4ba27d5fad6d6cde99f855d72b5afcf,eletrodomesticos,151.7
bb463a67fa5f529fed44b2a697346c4e,relogios_presentes,151.66
0543393758e5da8203fc69c4e6707c75,beleza_saude,151.52
3b60d513e90300a4e9833e5cda1f1d61,,151.49
52e9413ed0d3e64b796aac2bc2291d50,esporte_lazer,151.48
9ada4c8f4e072df42ff63b30520b6975,moveis_decoracao,151.4
707f450cad7285fab5ad90bc3e7edb0c,utilidades_domesticas,151.4
167b4b8c4bd0c401bea62f5e050d70a4,informatica_acessorios,151.39
38db388d2fc1b20662fcfd3f38b0be28,construcao_ferramentas_construcao,151.3
a87d9e903f9535b37cc8c45e0ab5edf2,ferramentas_jardim,151.24
d93d7e81a8d724c4ef661e75647cf325,bebes,151.2
cd46fbff1f4a0d9b923f70e332add4b5,perfumaria,151.11
d902e8400cd0c58b64ea157af940e670,bebes,151.01
d43f4e32cbdc4fc0a825ed4020475c82,esporte_lazer,151.0
c5c322bee0fbbd74896c84816df9c6d3,beleza_saude,151.0
aa70c29cc4b519f080d45ba24d79e144,ferramentas_jardim,151.0
98ef57aa2a72c64d8b7b53a64b6b6584,utilidades_domesticas,151.0
1cb173e22a594e4c0883a4f0502b5360,construcao_ferramentas_ferramentas,150.99
cc73dc77ba952afd7940214d39d23865,relogios_presentes,150.9
9e1260b3b3b06ad0be8cbbd26e4ec9fc,beleza_saude,150.9
37d19b9dd7ebf721bff9d6cdab3a7452,fashion_roupa_masculina,150.9
09bdc9003e3b369d49feb3e300366074,fashion_roupa_masculina,150.9
b2a90ba22313bc64caf4664c557a7703,ferramentas_jardim,150.88
ea13d597910697c345c5e41c59512986,moveis_decoracao,150.78
6d811b6e8cada9a8f7f38bb315620e1b,esporte_lazer,150.63
8a1fd01f61a59d065493359a492e754b,cama_mesa_banho,150.52
349ce46a0e2e20054aa9d80c48af8816,construcao_ferramentas_iluminacao,150.47
1d1fc8a85e598b6b83a558fbd354443d,instrumentos_musicais,150.4
84003eefe52bb4112252409a24ae3a73,perfumaria,150.37
a39cc58c1b5926b6f9f378daa89f1315,casa_construcao,150.28
9d7cee5f2a133c35af653eea7e1eb292,perfumaria,150.24
5d6bea33648f018dbb563f3a2fab09f3,moveis_decoracao,150.22
fac82ec645519b81e8873570d454f00e,beleza_saude,150.0
fa76b5636dfcd56d3d02b6657b64fb67,beleza_saude,150.0
f29f1a6b117a13d500cedb9798790dd0,construcao_ferramentas_construcao,150.0
f0c30886d15edcfa2589922d944f4816,informatica_acessorios,150.0
ede21d9928e12f59d3dcd5586c77cf09,musica,150.0
e812fc7aef7bb52779e06df484b57ec1,relogios_presentes,150.0
e60929757cfd605adb6061bc68412253,beleza_saude,150.0
e236a6527b89f3e6dacab326f7a33fd9,esporte_lazer,150.0
def347b50c7dcc58410c7d66d14b87b4,brinquedos,150.0
d87fc3441d23a38e9921cd2fa603b931,casa_construcao,150.0
d6ed08469f23517f07ed6bb451361298,fashion_bolsas_e_acessorios,150.0
d4b5e9f5b09b266d88471826549ae94b,industria_comercio_e_negocios,150.0
ca1cda1c95c49298cc81d8815c1c1af1,moveis_decoracao,150.0
c5bf5c2b99a640123e9225fecd004e3a,brinquedos,150.0
c49dc13854423d39760ccf13496f2223,cama_mesa_banho,150.0
bf5fe03d1ac5be6407a279b3681992ed,beleza_saude,150.0
bc4b1c6c831c93b87cd134c9089c657d,fashion_bolsas_e_acessorios,150.0
bb1378aaa2d6f539069001a8dfda9a58,brinquedos,150.0
b91acff8b390a54505696f51260827a8,utilidades_domesticas,150.0
b3bd55bb626fd2657bbb08dd016a0cde,bebes,150.0
b36f3c918c91478c4559160022d3f14e,,150.0
af3c32ffb86784d96ad53372364b9d3d,telefonia,150.0
abcb73cf728c9fb13c9d9b2b3abe609b,brinquedos,150.0
a7caf970fe61b23afec3d2d0ba545eb8,cool_stuff,150.0
9f6b6b828b980352cbd59ff7a03a7277,cama_mesa_banho,150.0
9c0f79b9daf5436386477b4e17b94389,moveis_decoracao,150.0
98354ddeaeae40bd6b705381191a9ffc,informatica_acessorios,150.0
9116d72465bec45e9931216018aa5b2d,cama_mesa_banho,150.0
83305c6ed635e62d461539dae8a11487,relogios_presentes,150.0
829002c1d5f40820ebbc6ecd4bcdf3ab,casa_construcao,150.0
7b67d49bc14fc6014038578cb4eca3cd,automotivo,150.0
75f492a14681b1e6558a531bbb970c53,moveis_quarto,150.0
7037ab6505f028103214580cac828445,moveis_decoracao,150.0
66b5c5aebf9e74e8311c2c1955e04322,moveis_decoracao,150.0
419a18f1940972e64957006dbfbf318e,moveis_decoracao,150.0
4052517cac9e78357d895976124f6972,eletronicos,150.0
321a78ad1321fa42286dacdd0e9825eb,moveis_decoracao,150.0
31a89a7044c5b133cf646404a4e86022,utilidades_domesticas,150.0
29d5359e5182f2c0632e139faf56b663,esporte_lazer,150.0
26479f7e6b832d2e19a14dd8393bb30f,brinquedos,150.0
2381a3052dd37f97e616bf160467acae,relogios_presentes,150.0
1fac2e6b0fdfb2e529fc9960c5270aeb,instrumentos_musicais,150.0
1ceb0f188c42888c33459e15c22b2c8e,automotivo,150.0
1190eb246390ebf377a858260f546a98,relogios_presentes,150.0
1147151b874f436976ef5ad14a8a7694,brinquedos,150.0
0d22e0d0bfa33bac40ccd83ae1c0649d,beleza_saude,150.0
06db40df51cce7cf21aaf53f8f8be312,esporte_lazer,150.0
f053dea99f0b1bda091c0441b4104cbe,consoles_games,149.99
ef6fb97da4e206dd38306ba55b9d5cbe,cool_stuff,149.99
e9f31c92ab2b5fb1c5835ba61f39edd3,esporte_lazer,149.99
e9beecfff0ff694e24d6e8d18c855fbd,brinquedos,149.99
e345e8d6127fd25603bc9fe0f99ecc46,esporte_lazer,149.99
df7602d6d6510cb4e44764939fb8fd1f,esporte_lazer,149.99
de4fb1ddae276a3503afed39c8227cff,esporte_lazer,149.99
d4a4ff95f641981ed47802cce0ea5c88,fashion_bolsas_e_acessorios,149.99
d274714b715480aa8ca7fca7d2524233,utilidades_domesticas,149.99
cd3b8a153ef3be4fdbad9e011b7b35e2,eletrodomesticos,149.99
ca1a0f9d5386abb248034b9b18e2c981,eletronicos,149.99
ca0439ecf23442fd24fcaf4c62b85ed5,moveis_decoracao,149.99
c6cd44f8f6b12ff7a20d0b51ff3bfc82,brinquedos,149.99
c656d2d3950c3165ec6574f3f6b9353e,brinquedos,149.99
c53ca80f7d74aa37ac1512e8d9a8cb6b,cama_mesa_banho,149.99
c28d0e4df4c6507137950f31b9bed1dd,construcao_ferramentas_construcao,149.99
bb674e06dbfa1c64d429fd65dfc02f87,bebes,149.99
b6e47cacea0b2e89b721529d6d8683e7,automotivo,149.99
b2e9a7118faa5cc45d5bbaef6c53c40f,automotivo,149.99
b2717842efa4cfa2f813f3c59f187869,brinquedos,149.99
acc78c9d340dbe682491c9d31ea7e187,bebes,149.99
ac86050d1e979b8f28958a52deee6cec,telefonia,149.99
a916a0b56448758409cb1147fa3d1f8b,malas_acessorios,149.99
a13374144d7adf59d766eee43e93b849,malas_acessorios,149.99
9e0a9b3ad116b6cb174065c2807897f9,relogios_presentes,149.99
9da2cf291ccb36ad01ee959e9ccdbc03,market_place,149.99
9c985e2ff7b419faca8c549f4b1673c2,papelaria,149.99
95f04ee255992d18cec1e3df22f82a6b,esporte_lazer,149.99
951098957e7871bfeab769de5e3871a8,relogios_presentes,149.99
8c2f7d1e586af9f4ecd42ffa5ffc4216,utilidades_domesticas,149.99
86b7e59b8c6473f95f439aa2d445d879,utilidades_domesticas,149.99
794a58949439ec61f210c58f05fcd177,automotivo,149.99
766b2d2c334df279c3c6c7f138b9a38b,telefonia,149.99
719845ce971819fd01ef5e1e9441390b,brinquedos,149.99
6fdff9bb5aeb9f318970366654b3b0a6,brinquedos,149.99
6553ffe8703fdc36bad125ddf9f6d691,malas_acessorios,149.99
63d117fa87d2dff89156e2c9d885dba7,telefonia,149.99
5fff011a1080f30f5ef452bf7ea65820,automotivo,149.99
54f757fd2efc9fdaddaa3234ea537a2a,brinquedos,149.99
4d48ac77f9d392c0ce075a49390d0b76,esporte_lazer,149.99
3e0d14278859868d181ed3f1dd51fc32,moveis_decoracao,149.99
3dc485b15eb3f5a61fab4f5ed17cc24d,brinquedos,149.99
3bfd31bd6ca35eba88eab292090ca291,cama_mesa_banho,149.99
39774ab6b55af4ca99782e23935a97a4,moveis_escritorio,149.99
367dae93cb327a921daba5eddd2dc401,beleza_saude,149.99
33d26f298db59a201858e0248d9cee6c,brinquedos,149.99
2a49ec12c4a8acae6944c72a19359a5e,automotivo,149.99
1e6981e727154bcd941d51fda894b183,bebes,149.99
1e17a95099678da4cd4479d4c5b8f391,brinquedos,149.99
1d51c52f849033c63a9ee3250a3c1267,automotivo,149.99
141807ad4a13efebac9bbd9609137182,artes,149.99
13191128a8f50089d2ed9b7a25dc21df,construcao_ferramentas_construcao,149.99
0f3c8906e5b08127d539956bc587074c,esporte_lazer,149.99
0f2ee8171adfc13c81f69ff4dcb2b635,beleza_saude,149.99
0c761b0e33d708e6a3694a94ac4b82c4,beleza_saude,149.99
08d708da93f03eb686328dbb33bb731e,esporte_lazer,149.99
6711154203fd685dabc8bf121fb9fde4,utilidades_domesticas,149.98
623eee74e76dce26984376983737af86,moveis_decoracao,149.98
c44343d9d6d3551e161f3c72bfcbfc3b,utilidades_domesticas,149.97
aeb4d384616f8c5017174084bf6c0ac6,utilidades_domesticas,149.97
a0ed1aca46f54c17bd17c88a799e055a,moveis_decoracao,149.97
5e6248437b2668bba62c0fdd71eaf72d,ferramentas_jardim,149.97
f5ea2987f3303da7ac961ca96223909b,telefonia_fixa,149.95
51ff0a0f61611dfa94e43c834c949dd3,utilidades_domesticas,149.95
3dd2a17168ec895c781a9191c1e95ad7,informatica_acessorios,149.94
2ef87e8b6ce7e78d811c0ead73d63507,moveis_escritorio,149.94
fd1eb7fd67e76cf3283618735a57cbcd,perfumaria,149.9
fcbdd87d29fc2d2fe700a7459d43445a,papelaria,149.9
fcb7e7f24f5e50c7786b39f30d5ae704,bebes,149.9
f7fb8cbbcb9cd35f6fc536c77ae02ebe,cama_mesa_banho,149.9
f7ed5567fe5b3e1c257886976714043d,beleza_saude,149.9
f73e87b204f0a4bcfa8edda38d11b334,automotivo,149.9
f6847515f58b8f340dcc75d150d6a0ab,fashion_roupa_masculina,149.9
f5878588566e438fc92fbe0cc38d4cac,cama_mesa_banho,149.9
f538ab9eecaa662135da8cb772bc8236,,149.9
f37176efea4bfd72f257552d84235716,relogios_presentes,149.9
edf41b78574ca881eee5140ffff55dba,esporte_lazer,149.9
edc044b1d3b518153d2b3b2c811ff0e2,cool_stuff,149.9
ecc10d287641039c31deb3a2873215e4,esporte_lazer,149.9
ebcb541a782d81080d82782ab65cc98a,construcao_ferramentas_construcao,149.9
e56331a76de436e89a803efd4738a7df,bebes,149.9
e52df1e744f358d08c58c2371609d616,cama_mesa_banho,149.9
e4782ca6e59722999a1b22f350c28ddb,esporte_lazer,149.9
e2e2c6003104c5c3b265e60c980904d9,sinalizacao_e_seguranca,149.9
e01bc2ad5c6f46c0f53f73379fcd602e,esporte_lazer,149.9
deafef42415ecde158b2a30ed7981e65,ferramentas_jardim,149.9
ddb9028236525b8ab493fc24f99e8d1a,cama_mesa_banho,149.9
db13a5fbc4bf2465d9c83b80aeb0697c,cool_stuff,149.9
d8c83b90d022e897454430e70afdc5d3,automotivo,149.9
d7de6f5b1c0d552167bd5a8d4b45f6da,moveis_decoracao,149.9
d6bdc30ad1fdc8e4ee7d1712df81357b,cama_mesa_banho,149.9
d48bb8824fcf4720229d970fff608fda,moveis_decoracao,149.9
d39315154e72bfcbb3b85863ecdc41d6,esporte_lazer,149.9
d10a774b4598f38e0313d45db68008eb,eletronicos,149.9
d03a3e22b08287c1c29aa67a79f3b2ff,esporte_lazer,149.9
cfd43c5e600d45ac029357406b05dd82,climatizacao,149.9
cf0cc04c3744454b3bfca288d96e959b,esporte_lazer,149.9
cd69bc556c1071e2dbd17d21a0dc4d1a,sinalizacao_e_seguranca,149.9
cba669f99ae8cbeae619bfc757c4e894,cool_stuff,149.9
cb48e30ec967ad7cf282f8b417e397e2,bebes,149.9
c9dcb2deb4a49214eb9e72aafd096eef,brinquedos,149.9
c847f8a786c8a1a4ba04f7c3626cbd55,utilidades_domesticas,149.9
c5c7cac0e35d3343b86942baf5c92f79,cama_mesa_banho,149.9
c0bb0aa12494ff55f377008900ee04b5,bebes,149.9
c00963ccd3f4428e1c8d4c12aa376c59,automotivo,149.9
c00627ba53d46c497a4d302caa6d43bf,brinquedos,149.9
becdef3ca4da8b5dca0f783acc5ee300,malas_acessorios,149.9
be03e34a55f76b77a89d16d72ee6c53b,automotivo,149.9
bc89f8dfbd722882c9b67d50870bfd1c,construcao_ferramentas_ferramentas,149.9
bb57d3e2c056ffaa1f31ee222dd81ee3,fashion_bolsas_e_acessorios,149.9
b9c941066a5b61862d712489ed544aee,bebes,149.9
b8dfc1e5b0c44b7e2d725ede90884a71,automotivo,149.9
b8985a4d0fd0f1502eec53355f322670,bebes,149.9
b87bbfdf00132276418f99d965fdf676,casa_construcao,149.9
b7b7c5293e270682d3f343c31355c52a,moveis_decoracao,149.9
b6ae00a2c239c532a6e622262e49bb55,musica,149.9
b4d5c697ff3cbb690703c8d117f95abf,construcao_ferramentas_construcao,149.9
b3fa89053a8298a2d3265e6ea6c79588,bebes,149.9
b18040a8b795afd0802abd9c3755ea64,esporte_lazer,149.9
b0c025bfe73a24057cb15eeab19ebdf2,,149.9
b03d643b91ddef4385e8124891b237eb,bebes,149.9
af3ec22cce878225aae6d9eb6c7a78eb,cool_stuff,149.9
aaf0d4a362d1cee82e4361f19af2b01f,esporte_lazer,149.9
a9e0e7b3976de987fdbd2773ec699f0c,cama_mesa_banho,149.9
a622b421b0b5684a1e110c5b1d9133f4,esporte_lazer,149.9
a32c3352c3c5fbaa5fc5f8a8f593e2af,cama_mesa_banho,149.9
a31e2b31d699c94831605bd8c9f1b36e,construcao_ferramentas_construcao,149.9
a179fe5e75138e812571da4d038f0271,automotivo,149.9
980afaa22ae7fefe2118474b4bb444e6,moveis_decoracao,149.9
94f2d239e688aa415a2dd620435e8344,fashion_bolsas_e_acessorios,149.9
91f55803717622c017fb93898242a592,alimentos,149.9
912d5af95a68c1f1b7ba4b69e4344e61,beleza_saude,149.9
8eadb15da16b50dbda472cd6a95565e3,automotivo,149.9
8c49cb6b9f063faf0ec568571e59072a,cama_mesa_banho,149.9
8bbaacd2cacfabe138774ccbebe689f9,esporte_lazer,149.9
83d5757d175fa2b1b90e5369ce549b8e,malas_acessorios,149.9
82106c53e35330a18505af7659371206,market_place,149.9
8100d323ffa1909cfcf9fdf05f20b678,brinquedos,149.9
80b6ed0e8830e4532f348028372a3d42,papelaria,149.9
7d9f42ecf65ca91f7e28483c5008dc4b,cama_mesa_banho,149.9
7adebeebd22a2f3271bdb33ebe37caaa,automotivo,149.9
77ff4f618d7c0d6b442ecdf5f02f6a74,esporte_lazer,149.9
7650dd3b2dc10798a8cbccc78d9e6e3b,bebes,149.9
75423b8b404590d4f2f6cf28cfc80702,beleza_saude,149.9
72461dcd49c85b6c618dcf915d7aa0c9,esporte_lazer,149.9
6e945cffb2e4e63d0ee8c5e7cfb717c7,malas_acessorios,149.9
6d8e78c479334cba03552e61a97eca2e,fashion_roupa_feminina,149.9
69383c86144a5cfa4d16a0b7dc23d69a,beleza_saude,149.9
68e6674feb1930d0886bf0227361433d,cama_mesa_banho,149.9
677d432d850b00ce1a7ec62680f221bf,moveis_decoracao,149.9
675dbd52c3dadeafa9a8c96ea5a9bfc6,bebes,149.9
660c32ce966761f6ed394953aef732b4,moveis_decoracao,149.9
64c8a86009dbb2a079c083b315733c49,bebes,149.9
623b4f1591eeb1d9019c79ecccd8ded5,papelaria,149.9
618a8dac41d5f04a248927a5f44c1f13,fashion_calcados,149.9
5bb4be64a977a8d78895f043aaa3b174,esporte_lazer,149.9
5b45b90d432972e54f815d543084e6ae,brinquedos,149.9
5b0b1b9c6b42c532349cfa6d0d5bfa58,beleza_saude,149.9
59da9108971775375af05a7280fc14be,esporte_lazer,149.9
58e03c2c00f9e4f3a35b6cf0d13cbb67,moveis_escritorio,149.9
536c813a40c7f1e71aad4f9e1a7da2b7,brinquedos,149.9
521a361808bedd9fffb32181e501e09b,utilidades_domesticas,149.9
51dea5d1ada11e6deab755d7ab30fc6e,bebes,149.9
4e6b5b56a9001b46647ece05cef25465,esporte_lazer,149.9
477dae843da64019d49703a91abfbd33,beleza_saude,149.9
4413e2f854c2f02d80065a178decb9c2,cama_mesa_banho,149.9
414829663add2bcd9db69ee3ad351a9e,esporte_lazer,149.9
3f4a7c8646dfebf0d04ed19adab8e9cb,cama_mesa_banho,149.9
3f289108c4090cd68adf56e2ae40dced,automotivo,149.9
3ecbc951688c7c4888ffe682edb8d651,esporte_lazer,149.9
3cdb91cbeb22b6e87c8b595b68dfd5eb,construcao_ferramentas_ferramentas,149.9
3c0410890640cfdd1ca5844ba86ddb9a,esporte_lazer,149.9
3bbacbe586e957acbf26c63b3ed532a3,pet_shop,149.9
3b30fb3ac17cda9e7e5b5112c692f665,cool_stuff,149.9
3b041207e72de52b24fc37d412d6f02a,utilidades_domesticas,149.9
38fbdbd0a9be4733e29cd1afe360e23b,automotivo,149.9
38df299a636da61c8341b984b9d799df,casa_construcao,149.9
3560cb23f7a6760dc967498e22caa460,cool_stuff,149.9
339dea747edd309d3de1cc833cd28137,informatica_acessorios,149.9
337a76815f8f765a51535e787101c8fa,cama_mesa_banho,149.9
33202a8e7a645388c41ed714203d7131,alimentos,149.9
32155c6d462c8ed99e97be6be884475d,beleza_saude,149.9
3181a2cda00b1579d8ac2519f8820139,pet_shop,149.9
2fbd6c502ff27429087a4e30355f37ef,automotivo,149.9
2e0c6cc9589cfc1c8eb99242ac6e15ce,telefonia,149.9
2e04efb6656990084af256e304d9a573,malas_acessorios,149.9
2db5c88d6c9f09b9d0508cf01bdc54b9,esporte_lazer,149.9
2a7835ac39ba7753ece75242d290f044,utilidades_domesticas,149.9
2a763f02c6a7a8ab7c1be0460ff891d0,moveis_decoracao,149.9
2776dfdf555739816e6987a1f00e9224,esporte_lazer,149.9
27051f70cfcbd63fec388f34e1f0d2a2,climatizacao,149.9
266bd39cb9a2ea456f82d4175e6306c4,esporte_lazer,149.9
24fee4a800146a47846fa0e345b6d6ed,agro_industria_e_comercio,149.9
2235d08138bfce7801a73463a3168ea5,esporte_lazer,149.9
1ca1d7d7a101a1d1f2ca213994fd8596,construcao_ferramentas_construcao,149.9
1a09c4a332f5df9d0b846c482e93cc3d,esporte_lazer,149.9
18901878788fec7ddc55e64d1ace8187,bebes,149.9
15d0beee06988a8a3a98717582e478e6,esporte_lazer,149.9
157d8cabb7a3a318aed5ce596f4be96e,artigos_de_festas,149.9
151f727718fd1e3d913e793a692c0f14,esporte_lazer,149.9
145af826c44181c994b7476667a3ab00,esporte_lazer,149.9
13cde3217a6ea7e5eb08bc8972ba9049,bebes,149.9
13b65def7883556df481f81caf3908c2,cama_mesa_banho,149.9
1309e677b68af1ad09167cf712dc0de4,automotivo,149.9
10a21a549ce4ea6b6218d0f6a235d1f6,moveis_decoracao,149.9
0b60c390c7176d836fa228baa164af0d,construcao_ferramentas_seguranca,149.9
0a4c11f70d3d4d9f2a540804b873e9e2,cama_mesa_banho,149.9
0a45c6bb3a03e8c13228d4200cb964c2,moveis_decoracao,149.9
08f7d5ada29287296d46f79ec4d397d5,beleza_saude,149.9
078cd7c7e05802e62f12b568aa50ed9a,brinquedos,149.9
077319a417872fe55c94c3883610b874,esporte_lazer,149.9
03c94210a8223f2f0c811f6783fe3d22,utilidades_domesticas,149.9
037f82112a937df3f1486fa81eb1f127,esporte_lazer,149.9
023473d9db1c319f2bcd010e043b2ba2,moveis_decoracao,149.9
fdc1340be043a0e6807741d687fc1cd4,relogios_presentes,149.8
d129a973e3b21bd2f01b9c25d930d2e8,relogios_presentes,149.8
cae2e38942c8489d9d7a87a3f525c06b,moveis_decoracao,149.8
b2680b3b7e17d0d97f9f59a28b8fc54a,beleza_saude,149.8
95df8ca600dda9824d93795c9066eb6c,cama_mesa_banho,149.8
8b5a201cdb79e1962baa08534f71d382,relogios_presentes,149.8
1b708fb3dcbea0831e21f2fb98d0acfe,esporte_lazer,149.8
87a9863375a0a462b168cb02bdad360c,bebes,149.79
5a21ffb33906d29b4ad9edf60f6f1b2e,esporte_lazer,149.67
da8b72e46537fe5af3ade4bc6120f05c,beleza_saude,149.65
cbf5cf4e5d906cda4c6d91d5b7b15e8b,beleza_saude,149.65
81d2fa5b1805af5f9e0d08af321b2f35,beleza_saude,149.65
317dba41947df9cb9fec77921ee2d22e,beleza_saude,149.62
0e089f539eaa543b2d6e4b4b4e128a3b,moveis_decoracao,149.52
c8eb5b2d7173db25ec9bfc54dcb4ccbb,bebes,149.51
e2aa433aedb3d633cea92d4fe212cb96,beleza_saude,149.5
5b3ab91e567b3e46074a3507b06c9ad8,relogios_presentes,149.5
6d7e259fc0d18d051d87bac45bd45798,beleza_saude,149.4
4ebb7da18bd79f78995f5eb2243203e1,esporte_lazer,149.4
9565229244e9341fb8c8069879cf73cd,cama_mesa_banho,149.37
cec6b4ac0968c2cb31bf465a834aa831,beleza_saude,149.35
46957faa8ca08af2cb0e35f42fac6141,perfumaria,149.34
8eb72e039f7857d796c5afe824d0c64c,esporte_lazer,149.33
103aed057190376889bc9e796affa24e,bebes,149.33
0091d85023824de2d33252310c952307,utilidades_domesticas,149.33
1e114096c8024159923dcf2c857e4ca4,alimentos,149.3
f9be8e0e5acd947d8f49dbc390b9ab20,cama_mesa_banho,149.25
fc1d8637c0268af3db482c14b7ef8e75,cama_mesa_banho,149.2
d7b6379f142a6f28f8fc5af7b33d4b70,informatica_acessorios,149.1
fda6e6a7a94613adeb9bc945a6dbcc10,construcao_ferramentas_construcao,149.0
fb8848eaa1d50492a9c1e8424a86b316,papelaria,149.0
f38475d619e1481e8c2a3a863be6f49e,moveis_decoracao,149.0
ea1185fcb2a7197e60bf9680e889f475,cama_mesa_banho,149.0
e8884e9848d271e0a15364723850aece,papelaria,149.0
e5a9ed1edaebd9efadcc8b9e02b115ea,utilidades_domesticas,149.0
e3258912258da913595140fce3854b5f,telefonia,149.0
daf1e4584f54eb0f49b79f209e83d670,automotivo,149.0
da1415c61b55b4e9ea8cb19521c857df,relogios_presentes,149.0
d00dbd119af813e45588c5ca9b88ffe0,beleza_saude,149.0
ce374bee07166a6ac0a9bb103c8046f0,telefonia,149.0
cdfdfcc9f178dcfa37d46591c5bf2c0a,moveis_cozinha_area_de_servico_jantar_e_jardim,149.0
ca804be785914dd234a6dd0177c2c577,papelaria,149.0
ca4636eb45d6d3d09bf140125705038b,instrumentos_musicais,149.0
c8327011b01e4666db6770ebb8a86fa9,utilidades_domesticas,149.0
c615805546392ec3b8a20c6590c4d400,pet_shop,149.0
c4b3162faf1aec728250f9355a476380,eletronicos,149.0
c1b350ede922e02138912a3192bcc86d,papelaria,149.0
be8fabd5f8a50dbb81c1f36499f077d8,cama_mesa_banho,149.0
be1be330cf34043d1c40d6114cbd11b5,relogios_presentes,149.0
bdf87352f874c6be145c3fc27775f561,cool_stuff,149.0
bc855e59a6a8653f16264bc6d5b3f7aa,papelaria,149.0
bacd57da107b14a22ff6bb86830fd4b2,moveis_decoracao,149.0
b2cadb94baef5a2eb2e36c6047dd5f34,moveis_decoracao,149.0
b1d207586fca400a2370d50a9ba1da98,,149.0
aeb4a18fc6dad1f6cb6474d69f634ad2,cama_mesa_banho,149.0
aaea09c7da84ba1efdfd3079480271f6,relogios_presentes,149.0
aa670897230f03aba3286289219cf955,esporte_lazer,149.0
a8a2dc008fdc6317702317958b880000,perfumaria,149.0
a6fb3c4f1816d9e2f52ff88e46c114f2,automotivo,149.0
a5c0a72789779d4debc2f72204111cb0,utilidades_domesticas,149.0
a4c7e73a8ce075149b5f6592fdd29367,informatica_acessorios,149.0
a367f823feb49954fedb4f4a43ad9db2,relogios_presentes,149.0
9fb9a39f2e393018aaeb432394aff48f,livros_interesse_geral,149.0
97df7b55f088f5c0c6d785d20a433d55,papelaria,149.0
97b788c43a70403f7a9646d778ecc9c9,cama_mesa_banho,149.0
94aa4a6893284c0236d6c79c194ef5a6,papelaria,149.0
9380b51efce9f9a6a52e1f2be1838d60,telefonia,149.0
937a0cd52717a017956a9309a7bc49a0,malas_acessorios,149.0
8e35056a353550809b6675987b99a117,moveis_cozinha_area_de_servico_jantar_e_jardim,149.0
8a8d870b168dfa470a5f28efab92145d,utilidades_domesticas,149.0
8919fe2519b9ec1fb828896ac4f52959,perfumaria,149.0
8734d9a13b93f1f8addd0be7c53b6928,dvds_blu_ray,149.0
8513feffb6292582dfa47ffb6f73fa35,utilidades_domesticas,149.0
8474b565abca4884081d595a23a599d0,relogios_presentes,149.0
83aa48c17491b729e02a906644a54fe2,relogios_presentes,149.0
81f054ba9bea6ec5d1a2adab1cf69d66,esporte_lazer,149.0
791d3e6bfa05746c3434250319e5e6d3,brinquedos,149.0
779de9dd06ff30d5097a959a1e9dacdc,automotivo,149.0
75840050584f39e359b995495e33f997,cool_stuff,149.0
710e89a75e7f980a83c21d9f884ae13a,relogios_presentes,149.0
6d779dde21981220a9ea25b508015461,pet_shop,149.0
6d012b3382ea59666e241f9aa352af10,cama_mesa_banho,149.0
6cc2b92f841b20c5e39281a44a9c68bc,esporte_lazer,149.0
6b8ad86f112aca07559fb0a4b03835e4,relogios_presentes,149.0
66fb81c8c95a92236d7858a4303dc0a4,instrumentos_musicais,149.0
6557070af155fe4cc5820b0e123ecdf8,brinquedos,149.0
6471da78a18edb60d175c10871161356,cama_mesa_banho,149.0
637ea0abda9b9824985e1aa64ba4363a,moveis_decoracao,149.0
62bfda7b1a58cc9a485cb563b99ea48f,esporte_lazer,149.0
5f8d452952e14aea06671fcc55e9b3f2,cama_mesa_banho,149.0
5c78cd7b50ea28c57bfe6cd09700dcb8,beleza_saude,149.0
5be202203d884803b74c45c7ff991706,relogios_presentes,149.0
5b4ef54978cc6c1a6b6d1dbd5d7611b3,automotivo,149.0
51b67230668746c1fe164ca744db9624,cool_stuff,149.0
4faca3ec2b35828a327cecd7fd0bc9b6,moveis_decoracao,149.0
4cee4c57bf2e00c0c0e10918245491c1,cama_mesa_banho,149.0
433c39faf9824a0bb3d61565a3517486,construcao_ferramentas_construcao,149.0
42e81d5b55c06ce473ee24c7e5d1d1f4,cama_mesa_banho,149.0
41170f223fcfb9220a82df1a646d5c43,pet_shop,149.0
3dff8f7d2b529f106998c4682b0eafa8,perfumaria,149.0
3d4c249691c5ff13ec7946d4d7a1aaa0,telefonia,149.0
3d39134696d3f90744ca0291667f0140,papelaria,149.0
3c332c78cd1032a39727291af7ad2932,cama_mesa_banho,149.0
37dffde0476450e75dae423136954b0f,automotivo,149.0
368343a35b2e888dae4f3f831d22437a,relogios_presentes,149.0
33ac889bc3af4ddede9c14fc789a3743,ferramentas_jardim,149.0
327018136fd4a966408df8243383a233,relogios_presentes,149.0
322159ea16aa68e7bff8da4025d2fef8,malas_acessorios,149.0
300469628605afcf5cc9759fb4cffc02,papelaria,149.0
27d38e5f89c1f61814444a5ac135b5a9,relogios_presentes,149.0
25d5b8d69bc7e6ce9f9a59e1a00ee50b,malas_acessorios,149.0
218f1b2280dec0aeadd2878022fb1e0d,relogios_presentes,149.0
214d074d545a9cedee55284805a1335f,moveis_decoracao,149.0
1fd78e3ef5fc49eddd84e82c035b682c,moveis_decoracao,149.0
1f6cbd49dcb5d56eb874bf9889f9fd72,cama_mesa_banho,149.0
1f388485320e7817bedef000d1890c0a,audio,149.0
1e291c0c369924c39765c90de669e4b4,malas_acessorios,149.0
1c4dbd58e9b07007a271122f96bb0add,cama_mesa_banho,149.0
168936313777f1f28b81922f681a1014,cama_mesa_banho,149.0
14d6a43dc8ec3b5e86ef500845374ebd,beleza_saude,149.0
144958cbd9bf55a1227516709f793e50,moveis_decoracao,149.0
0fc9a9ac471336734e8617de0b3c9ae1,esporte_lazer,149.0
0d826eba8e0a2ae3bca9e3a947dd756d,brinquedos,149.0
0c22c51625fc11357a8356efa31fe89f,cama_mesa_banho,149.0
0a48b93d24c0c87253c73da8cb8c2e80,beleza_saude,149.0
08820f7bf5d0df4247c9f790f94f376c,informatica_acessorios,149.0
05bbe113b2037f89552c644c5cb33ecf,utilidades_domesticas,149.0
03f02ee5e8fd233d41dcfe8ad911cf7e,cama_mesa_banho,149.0
0367635ea4efa4eb15a29f1e05887851,bebes,149.0
010c988805cc0a13b9ba455ffc6c8510,papelaria,149.0
cb5cdff97335d1ce76e991fb9cb2adb8,moveis_decoracao,148.99
6d066313ce43d3ed9fdfa17b4fb69baa,bebes,148.99
5e98bf1c0b10e3178f1278030034c1fb,informatica_acessorios,148.99
4addc533339aaf0023334f26403cd814,brinquedos,148.99
1b5da3da62c9390a62e96e29cca9e734,relogios_presentes,148.99
1860189a4eaca04ccb8324bf0ea4384c,beleza_saude,148.97
e45976e9ff4d139ed0e9bf83abeb5c80,cama_mesa_banho,148.93
739d233784c9f8e12635a19084e90cf5,informatica_acessorios,148.91
d790fcd60d4743d309fedf7e7bb4c902,beleza_saude,148.9
d5faac00dfa98a995784493a3ea08a05,industria_comercio_e_negocios,148.9
c89267ee22b330121259fdd56cee5696,cama_mesa_banho,148.9
bde17838f4e4b0da69933dc1d8e07598,fashion_bolsas_e_acessorios,148.9
8a1583ef3ffc9f4b5bfb7b78e74f4c9d,relogios_presentes,148.9
4fa33915031a8cde03dd0d3e8fb27f01,perfumaria,148.9
4a8a91cb75042e2b6496f1a6d2d1cdd6,beleza_saude,148.9
1ddab42b003ae1166c20d48725f780c0,beleza_saude,148.9
1b4a4a283a036d1473ff5be2a0d493a2,cama_mesa_banho,148.9
05c24fd82c39e05337fcc418f0a61e54,relogios_presentes,148.9
33cd5581eb3d0497d9af68a34603ec7e,relogios_presentes,148.85
efa1b15e58071189595afce796e08bdd,relogios_presentes,148.8
e6cca1e56d395424edec4a6346b5d4d0,relogios_presentes,148.75
c25a30113a3cb20b4914a605d8682953,esporte_lazer,148.75
f159439c5c382fae366d444e05c590c1,perfumaria,148.74
788e0f3785be86f57f6d42e107d081c0,beleza_saude,148.7
6fe7ef5f743e7b92a2c74264f40d0437,,148.7
6cf22bb1523c34ad8da500d1084155a5,relogios_presentes,148.7
1fce7b244f4a45431713165a869f5f32,perfumaria,148.7
8e6774f213b2625176287ad6c3d38be6,cama_mesa_banho,148.69
0c46b8ef03f8b4da7c2813be4287a281,cama_mesa_banho,148.69
15b5c55e291cc54d93c46c9a3c9bb9b2,livros_tecnicos,148.6
e303dfa61ada1f0823b4775f192606b3,malas_acessorios,148.5
d9fcf1be6830bf510f03d9e6c979e4df,malas_acessorios,148.5
b79361867edbe85462b548334d136a8a,beleza_saude,148.5
efe572a7ee9cf0317bbcd4ec8b98a088,ferramentas_jardim,148.44
57e1815b050566a793e010162f765cdb,beleza_saude,148.4
835d8502d265ddeb4bdd39591d55fa2b,beleza_saude,148.32
f1da618218e0af87b633532b561f5e6d,esporte_lazer,148.2
a6883f92891e256b926bf8b9c40fbe9f,pet_shop,148.2
f3991b3a54d391003cc570bf3018505b,esporte_lazer,148.0
e8e2e3a2e72afdb46b919f47023740e2,moveis_decoracao,148.0
c3b7e4d83e530c27a8e6368296aece48,moveis_decoracao,148.0
bed61c60f212a334dd0224469673c047,relogios_presentes,148.0
bb812a3e630d1d023c592cbc7b3bd7fa,moveis_decoracao,148.0
ba5707ce3b56a880b7eb7bc826132db2,construcao_ferramentas_construcao,148.0
b425dc9d3b678699e36a62753d0f51a2,esporte_lazer,148.0
ac477a098cb23c128ec2915a4f3c4625,beleza_saude,148.0
a8cd3c264c6b406a06a23ace0b16fd9a,moveis_decoracao,148.0
a322cb898d31adbe4a4de692f4bc0276,esporte_lazer,148.0
a0c2204c3d4f44050951935fc9eac14f,automotivo,148.0
9ec6b6619704c31e3fb6d15dbe229fba,moveis_decoracao,148.0
9d395a6bc9dbad2dfe60c8c92d8df397,moveis_decoracao,148.0
9b3d7d1f427df3cf9a6e4fa9a3cba6f9,esporte_lazer,148.0
9967480e361da5934ffcd551eb6fcdec,moveis_decoracao,148.0
93bfa65df8dfa699ddfb2693172f6f44,moveis_decoracao,148.0
8c832a513b94b1ded5579b054615dc20,esporte_lazer,148.0
873d2aa3911060e77ac89009410aa908,telefonia,148.0
7a0f68f9af53c0be1fbb77ab8bc0fffe,esporte_lazer,148.0
723e69796165c9cde80c4f791593df74,pet_shop,148.0
6c706bd66d6df5b9eaa716699943efd0,moveis_decoracao,148.0
6b9411af71e48f2e3ed1f01640c3a75e,moveis_decoracao,148.0
58cda2faccdf7f8620e45b6a863efd3f,portateis_casa_forno_e_cafe,148.0
528f7f36cb42efa01708315b00ced778,moveis_decoracao,148.0
4b54b3c4276e14492c3b466f49583f72,construcao_ferramentas_construcao,148.0
468a4d241243dd96169888c0ad022086,pet_shop,148.0
33bb7da523efcdef6cd2996cbf72d081,moveis_decoracao,148.0
30d2a003c4b64468d0a341faaf1a7fef,moveis_decoracao,148.0
1fc3aadb8bb11f56f13ea8999066bd81,moveis_decoracao,148.0
12cc2ed46e4c9ea184a622881afc1de9,pet_shop,148.0
12c27e1b053851f5d71c8f551a4a724f,moveis_decoracao,148.0
1168d8ebfef41c2720053c4c9f78ac87,moveis_decoracao,148.0
0b426fbfa39b2ae1c7a4a12e9b9d104a,moveis_decoracao,148.0
02dc711c164ca9c218d316491801ced9,moveis_decoracao,148.0
e65ab426efaf65e083b917d2e9eac80d,livros_tecnicos,147.99
754bbcab20b7ec2572eea091259f65a9,bebes,147.99
5112b1e13e8bd78e7644a05361e32223,informatica_acessorios,147.99
25a29533b41c5ea0f9f2b6848f7eb060,moveis_decoracao,147.99
210feb9ae3b060d29ec884aac60e5f10,cool_stuff,147.99
f6e0b7ccc34e4decc1b855f8da06a5fc,brinquedos,147.9
f282b8032570cf3ce692b8ea7e1b6c53,bebes,147.9
f1565c6b7be8ebed9fafb07bcb6435a9,cama_mesa_banho,147.9
791ca2a1ab6775e9c7e950de10febc1e,moveis_decoracao,147.9
5ed8f8ea5365a7ac8c451e7c8e836231,relogios_presentes,147.9
552a2a10932c4abaff715fe6a4d61280,consoles_games,147.9
123701dcac36412cf1b594f5aafc2eaf,telefonia,147.9
b415213dee0b8051901b7ebe5a6b99f4,fashion_bolsas_e_acessorios,147.79
2f280e90c002526eeef2deff70199cc0,perfumaria,147.61
d21bf4652c855ccafcf94116891cc7ce,fashion_roupa_masculina,147.5
d1c11e104455ab36d3e5b7458a9189d2,pet_shop,147.5
93ebf843a46dd3ba8085784ff4c604fc,fashion_roupa_masculina,147.5
37f9b5f1e37fc317e03a93b80915992b,moveis_escritorio,147.49
03fed41c5e9067007d852ff83d602753,brinquedos,147.49
97f1396a5a1f7c07ba51784efdec44b8,utilidades_domesticas,147.4
7405b565a367960901d88f91c514cd90,esporte_lazer,147.4
9f39e03276af0a6bbf2459ec383a19e6,livros_interesse_geral,147.26
2c855454330b900b5238383ea6e815ca,moveis_decoracao,147.2
b0f007aa08f8289b1b3471eda48c8d9c,esporte_lazer,147.14
72f47ace173a4fa96b05a1462e025aee,cama_mesa_banho,147.13
8934769521d632e65c27992662f05673,cool_stuff,147.04
1c155a30fb1a2c828c9064cdcb7d2993,eletronicos,147.01
e15014500e7941bc3fae1757c3cd48ad,brinquedos,147.0
a73521e768a217ac6a47c1752ceaf71e,cama_mesa_banho,147.0
59f05ef2066d40581892a96722e9c465,informatica_acessorios,147.0
2ceff09b2c03503b6dfe7b076c6f0c1e,beleza_saude,147.0
03613e666b3919a3e807eac45a8f2731,utilidades_domesticas,147.0
d275bb0f793c1f80031e1f6ae7e1ab00,cama_mesa_banho,146.99
d02d1fb4bb52737b8d68075e5a079a4a,moveis_escritorio,146.99
3853e3608767e301916da6f925cddb2f,cama_mesa_banho,146.99
1975ce374d56d707bd8b88065779de72,moveis_decoracao,146.99
0bbf093ffaa05565b79b64ee97f917cb,moveis_escritorio,146.99
b0364648b1c062169015d9234d97d306,esporte_lazer,146.95
b74cc46deca5ba8f6a2226df8041a0b7,beleza_saude,146.9
a6b8385d1008214b2b70342c04e8aafb,beleza_saude,146.9
801a695ff5c0c14970a71a4ceb70989e,casa_construcao,146.9
72b4b2eaeeba10703a63a5f639315366,automotivo,146.9
060cb19345d90064d1015407193c233d,automotivo,146.76
d5991653e037ccb7af6ed7d94246b249,informatica_acessorios,146.72
e748f783e8fa7129d8541dc5ecc507be,moveis_decoracao,146.7
aa765c0a9daeb0541a98ff48ea3ac651,bebes,146.66
96537ba8cc2b7b2d74ef574b5e78d458,moveis_decoracao,146.66
62e2471b884366ac7e2f2b28c3ed62a5,brinquedos,146.66
00c1e6d55fe174bfbb179257255e49bb,cool_stuff,146.65
66d59b954a33c0c14fc6b88548833370,cama_mesa_banho,146.57
fad3ac91e2ae2e3e0e3f0bed36a565b8,cama_mesa_banho,146.56
d5e448e00fb7c59b31e0f3e43c2de0d7,cool_stuff,146.5
6b2b9f5f0a28682d6e4912563426b64f,beleza_saude,146.5
f081174cf4cde1e4f75cd45b4518bbe6,relogios_presentes,146.48
31a2f42a87890f87d77daebdfabc182e,brinquedos,146.46
5f21301936c11698db6aee5444190da0,perfumaria,146.44
163365b4428bf91ee261186233e5f796,cool_stuff,146.39
d5ccbdb97bdcd82d309e35f10adea197,beleza_saude,146.3
6a057a401eab3b3cb8083d9e42972233,beleza_saude,146.26
98e0291e1b138b5b5384f44fd7a2d149,beleza_saude,146.11
731637d822dc03cdbd74407e66c1c443,eletroportateis,146.06
e039dcab487fb6c6901fcc65bfa82593,esporte_lazer,146.0
a54f6200fb09c904053b05461c2e91f8,cama_mesa_banho,146.0
62f9a2fb6e52ef49cef0254cecab4ba7,relogios_presentes,146.0
5f24f9f041b1ab4de5de1b37994952d8,eletrodomesticos,146.0
2bd3e6ee15d713b34654f04fe0375e17,automotivo,146.0
fe4d09201362b0d4332259c78af0f761,construcao_ferramentas_jardim,145.99
c73c029653f68c6a83cb371dd148adbd,cama_mesa_banho,145.99
b8b8c1d09039868046cdc2251e973b1b,cama_mesa_banho,145.99
b06f8079f1110e9edb2be867f2296544,eletronicos,145.99
687578da8cc5f5b3da7d328a5aebadf7,automotivo,145.99
344f1e18ffb703f6f105b705fc63a2d9,cama_mesa_banho,145.99
30ed98dda461030e31c6751bafe78746,automotivo,145.99
2077f60cc760ebe4b478e0b0711c5218,brinquedos,145.99
1b30d1c25bb529469aa0c83e326834b4,automotivo,145.99
10eca571d1658f6a268a7bd6055a4a9c,construcao_ferramentas_construcao,145.99
f5eafd694f3a7959e352920537496c7c,industria_comercio_e_negocios,145.97
62a5a3de0af802fb3718a83c74c3ff8d,beleza_saude,145.95
310ae3c140ff94b03219ad0adc3c778f,beleza_saude,145.95
d689403366ea94295d3c38f630928568,relogios_presentes,145.9
d1ea91b8c54f9200cfee8d6a1d1fc5e7,cama_mesa_banho,145.9
bc3d15dd90a6794ea7710f1642aae319,,145.9
af64ef75bb87ced49e08b2f278bd8bb8,automotivo,145.9
875e0d1c97176d76e9b04c98d06383d2,bebes,145.9
731cf6fbf44cc64a9583fabe2c00750e,bebidas,145.9
64123627d4116a2bc8284f1bc0a257f3,brinquedos,145.9
62efb2cde9269a637ebc6d2c0e02edfb,beleza_saude,145.9
5b5485de978301834d9e5f3943ade7da,relogios_presentes,145.9
4754d89182db4010eabbf20da5fb7191,utilidades_domesticas,145.9
388ff2c827798649fc2a40fd7af129d5,moveis_decoracao,145.9
14081f2d6a3ce46cfa9d852c9b1b92ba,cama_mesa_banho,145.9
e59dd207c69d86e890febadc796d1078,cool_stuff,145.86
943c812216923e4244e83099e0c62a08,beleza_saude,145.86
ee6c49af1a2de55aa0e076257ab4ab99,informatica_acessorios,145.71
b812780d29a366e40afd8d49b17b6d01,automotivo,145.67
f59971e26d747cd4c9b8f70d8f4afdfb,moveis_decoracao,145.6
d76c049f36a5b4975aa3cf095a6fa499,informatica_acessorios,145.52
f89a6b6cc862b9a570c453336b8dc15f,moveis_decoracao,145.5
cb69547b36cd7dd0fd98f7e6469dfd51,papelaria,145.5
b021c76fe55cfee1a103b025bda7346f,beleza_saude,145.36
93f7388e80dcc16be349c47fc83f56d0,livros_tecnicos,145.35
301b4cdcb73666033d7c96fcb1fc758d,tablets_impressao_imagem,145.32
18dacb31f154c3607af782584f59b3c9,relogios_presentes,145.32
0ba8d6ed826271d06a9ebd6e3c3e8b3e,beleza_saude,145.2
95fcb44ada4cefca4f03cc0b4b69ee33,beleza_saude,145.16
0e9923b15d37f33cac70de6648429148,cama_mesa_banho,145.01
ee147042ac9bc25ab2ad108442bbecde,livros_tecnicos,145.0
dc4f0da054d6a37385d337699c7ab043,moveis_decoracao,145.0
ca4ac4e6aa504eee6279289a7a51c6a1,moveis_decoracao,145.0
ca0ebb053b17d7de027780de787ed000,relogios_presentes,145.0
b98992ea80b467987a7fbb88e7f2076a,moveis_cozinha_area_de_servico_jantar_e_jardim,145.0
b6082890c14103b3f5f7b63c46e0791c,esporte_lazer,145.0
b3cd491b3a347c8becc23fa5515440f9,utilidades_domesticas,145.0
aba0c26e6fcc5a413da7fcfad4b04ac1,perfumaria,145.0
ab5b097435a43ee034c6c17438726945,perfumaria,145.0
a85c8524b5ee70cd1f5fc717304870bb,automotivo,145.0
9d6580f17a0cba74324ce82874fbbe13,telefonia,145.0
93c480c7d11c68ba0a71e850da61b674,informatica_acessorios,145.0
7c9d0c4f31e1c76d92518112b8f4b348,perfumaria,145.0
7a7f15a177bc01a71d26274bef4311fd,telefonia,145.0
76acdd98759c649f3b6ecd0dc8576c8e,esporte_lazer,145.0
7058b559d90923e6e2a76b2e67f6f63c,beleza_saude,145.0
6ddec579963d2b73c36e62647ea26389,moveis_decoracao,145.0
67f1245615b59bf0d4a61a83d7a7a6b5,automotivo,145.0
67473aa97e981b3b8abaa6a8a768eb26,beleza_saude,145.0
6435be64ad92f52631170f9a92718a99,moveis_decoracao,145.0
63a6131d519d5b4920f93991d2df0551,relogios_presentes,145.0
5ef9e1c3025c9f6e28f8c3406de6a456,relogios_presentes,145.0
518ef5de2c2b3a255e326a4594ba15d9,cama_mesa_banho,145.0
4eea8502d7c2de8da6eea6bc6243b50c,informatica_acessorios,145.0
44e5dd2a8bc1c55eeeffac2f3df1e8cc,beleza_saude,145.0
3e19791ee3fa124c96da5a87616794ac,automotivo,145.0
31666362dfd77bdc5d7777b463acfe68,eletrodomesticos,145.0
29589c613b8c17e6fe91da9af08ed148,automotivo,145.0
27777fe4174b166a89d2359ba1eeec7b,automotivo,145.0
20424e1f503b9ceeeee60b717b11ec36,utilidades_domesticas,145.0
1a4eccba16567c9ffa6e98d0f552a883,utilidades_domesticas,145.0
183b0c895605218dbd34cdcfcfa8af28,moveis_cozinha_area_de_servico_jantar_e_jardim,145.0
079f8274f5cca61e595fc11c5fd3aa2f,automotivo,145.0
fe7185e8ca6be33b48072c4ba1b6056d,cool_stuff,144.99
ea5650a1a8c12b9348a0cefff6fb1d24,cool_stuff,144.99
e53439e32b15b04bee8c938b0b85b605,relogios_presentes,144.99
e531b5635b6b1acbc902a4d3ea268f45,beleza_saude,144.99
df33ce690c4eb43954b4d511302ed033,beleza_saude,144.99
d862ce2954329a2af9498e8568ee9b1c,pet_shop,144.99
cb07b3df7c64648bbeceb85cacd464c9,ferramentas_jardim,144.99
85d187257cdbf2692d10649a11c7e78b,malas_acessorios,144.99
7ba2e13e168f62391e3f2e9c946bc2be,automotivo,144.99
4105d1e0439f5f75b5da2a645905d747,brinquedos,144.99
283ede5fd5aed76f9b6163d057098554,cool_stuff,144.99
083e8ca099c4307911ac90d162896350,automotivo,144.99
966df4b1e05f53d4048170d49bc650a6,utilidades_domesticas,144.98
f25b4b41194b370120c42e1b19bd2a8a,cama_mesa_banho,144.9
c81fba3eddbbb1ea8c6300e880673021,cama_mesa_banho,144.9
c69ba46dec8f8fe69ba08a6e8cc6ef05,brinquedos,144.9
bfbb69c5813c20a95466cc03a1274efd,cama_mesa_banho,144.9
b214e7013d82644243e8560287d1ea90,cama_mesa_banho,144.9
a6b56b20f93907299eef6ea711338269,pet_shop,144.9
a526c4bc0a48c0e4345f97af496d87cd,esporte_lazer,144.9
9d0e4c40f96d84fbf6beb84671fb149d,utilidades_domesticas,144.9
93496c0926637f2fe3bae9caf7058e6e,moveis_decoracao,144.9
8471182114c4e0e3b1586fef0ad240a9,automotivo,144.9
7cfda1a28e3673a7dcf2094f856bf54b,ferramentas_jardim,144.9
774ea72f37a7fbf1fb32b973a18f2348,construcao_ferramentas_jardim,144.9
76c04eec31170f3439b76c6fa6601cc3,bebes,144.9
68c01f1f3e73b30776f7d737f6a012ac,beleza_saude,144.9
3fb22448e11f38ac4437c25693fcac1e,moveis_escritorio,144.9
23c8673349e70f9408b2d15865532c53,beleza_saude,144.9
1d04827ad9a5255800c08c3231a86639,brinquedos,144.9
081d21aa3dc9b583104a15fc4dfd1160,cama_mesa_banho,144.9
c54fe6aa647b1835911c540439f62300,climatizacao,144.88
c57b94c82ebde2f6789cc52101988d19,moveis_decoracao,144.8
219afb1f0e44578d70b027c74e50ce74,relogios_presentes,144.8
0901b25598b3ca109f48e16a52e2df1f,bebidas,144.8
ad354f777df2a1eee8211950fca142a4,moveis_decoracao,144.77
6a56304794f91b7996022b7ce5337371,papelaria,144.66
b865aecbf934fe78d172e5a0f7a73ec0,bebes,144.62
a646b69b17836ad6e76804e6b90facf1,esporte_lazer,144.5
56a474f5d7d6cfaa8500cddd0aa35bba,cama_mesa_banho,144.5
de5596e009313841e57616878a6fbce0,moveis_escritorio,144.49
e37d07fe13615c6846d4b3911415d963,bebes,144.48
fc5043902812d122c4e80113ff924c1b,papelaria,144.45
af9418dfcdd7f19b51906a2f32cd6bc0,cama_mesa_banho,144.4
fbbccb1d65066d96ce4cc9edef2f5a0a,pet_shop,144.2
59089e1668cc247d055ca3f9149093fc,climatizacao,144.15
4e0f5e97804431100c5bded078a48df9,brinquedos,144.14
3b91132e7eebaa17b615edbcdb5baa8e,construcao_ferramentas_seguranca,144.08
4fcb3d9a5f4871e8362dfedbdb02b064,automotivo,144.04
d46fd2913d3e97327005905cb5eda90b,relogios_presentes,144.0
c1e4bd7e1144f99ac576aedc324a5cb3,ferramentas_jardim,144.0
c06d2c20b8ddf6d40c23294a6e361c78,beleza_saude,144.0
b9b44a9826ac288d8d3caf327f709007,climatizacao,144.0
a203dd46978039dcbd6329a71112f09a,eletroportateis,144.0
873bd7c76637dae61ceaf0dbdb4d07d3,bebes,144.0
5ed3835ea6f96c77bdbe416dc1a96850,papelaria,144.0
34f1d812e50cac90f35094208c67cc8b,moveis_cozinha_area_de_servico_jantar_e_jardim,144.0
2c5fcc9e14a473d00b0b538c1aded7f7,cama_mesa_banho,144.0
1d2ead71bc1ce7734db8e8a241fd1f1e,livros_tecnicos,144.0
fb2631932085fc37d651d3408aa65a8c,esporte_lazer,143.99
f6434e7eb6bcf886ebd61c123c5bf060,cama_mesa_banho,143.99
ec1a2701e8f1d9d8703e876f5c0342d4,cama_mesa_banho,143.99
94dda8dfb4b1536bf54afadab8759430,papelaria,143.99
8d23da47a7828cf786103f1c3fbeab43,cama_mesa_banho,143.99
30c687d22c1be52d2fdf233f0dcadf24,beleza_saude,143.99
285da42a6ddd51a0d38372df5597aed2,cama_mesa_banho,143.99
bd07b66896d6f1494f5b86251848ced7,moveis_escritorio,143.96
d62404ec5fe357da9b6369b3b472f162,esporte_lazer,143.9
c144fdb6fc3bda28fb58900cdb37247c,moveis_decoracao,143.9
563d3acc8617b83d2db122e43905a17d,cama_mesa_banho,143.9
dc6d974a3b29ff63697e0926f8c76c51,alimentos,143.88
3e34352aa9c04170d941a9a8c6a895bb,pet_shop,143.84
38a3b0c53acb7f9b75ba80fa1c597219,market_place,143.8
c0681a586716a6b03826f9d15d4bc830,eletrodomesticos,143.75
a53009171e5b711cec2681a7871c0016,beleza_saude,143.75
a151eeef55883e0b64e1ceb52810db4b,eletrodomesticos,143.75
e424f69523d159f82480c01a1ebf9f7e,esporte_lazer,143.71
0dce093fc7ec4dec214256df878e3c08,relogios_presentes,143.67
e9b2560544c293e02f2b966041e10f24,esporte_lazer,143.65
ee4a5109a6b0bf0dd3a3347b73955c95,cama_mesa_banho,143.6
c8a93a4386deccaca35baaaf72ec918b,moveis_decoracao,143.6
5adf18557fb630bec009793ac8ae4483,cama_mesa_banho,143.6
c6e3c9a59b663e36a8b95b2dde81fa33,esporte_lazer,143.59
a916e7d54e45e5db64b1c99b970d6f15,cama_mesa_banho,143.54
6a4bdc32bf81f50cb387fd6178ce7b07,cama_mesa_banho,143.54
568ba441f7f464dc73d23a91cf8ca671,cama_mesa_banho,143.54
042426e17752f5d722a5b80940edc915,cama_mesa_banho,143.54
ee406bf28024d97771c4b1e8b7e8e219,cool_stuff,143.49
6413f7a28e149a324c4a914000399fb2,cool_stuff,143.47
189e539d996a9b8ba4bba1a140a024a7,beleza_saude,143.4
f8da9c0748a30346a534634bbdc28bec,informatica_acessorios,143.36
153c09356373389880c8dc8d701a60d7,moveis_decoracao,143.35
a694f2632fae82ef419fd71587103dc9,esporte_lazer,143.29
19ae992992da3f4401e014758f5d58dd,beleza_saude,143.28
550dc4417c636abc04c71404342de695,informatica_acessorios,143.12
b5e2d4b3fa2f9ecad4c1df951afcc8ce,esporte_lazer,143.0
a0eccc912d428eaddf1ef4fe47593ece,moveis_escritorio,143.0
6ce335b97b0cc8e73bbade08a44a23dd,utilidades_domesticas,143.0
39f3ae59da5b8f220b4a98a157b93af2,cama_mesa_banho,143.0
3033b785da7b2b5dea9e41fb29b72109,cama_mesa_banho,143.0
ad53b56bfd80cb8adc160a3deaa239b9,telefonia,142.99
0c8b321d3fd08377fe038cc6257d64e9,pet_shop,142.99
cbd2c1ba72b7f4ce36a69fd430c019ae,esporte_lazer,142.96
59c5e6e108b88212fb98525c9000ecfb,moveis_escritorio,142.94
f79d8b06296298b788c13ecf27b9a9c1,brinquedos,142.9
f07c770a1f1628deda545e01082a0d6d,beleza_saude,142.9
a7d3d3e064f3d5311563df3318983165,moveis_decoracao,142.9
19f78d4a9dd029e7a9115a8e1d5ccd94,cama_mesa_banho,142.9
190b553d3cccad7ceb5e15a8ec148920,esporte_lazer,142.9
027325f946f1b3d8f94c3496e9a59a10,construcao_ferramentas_seguranca,142.9
1314f921440038604b4bf1e1b18204d6,telefonia_fixa,142.85
870bcc6c58e03ca658cfdd13db4bbe28,informatica_acessorios,142.81
b75bc6d95abd11862892008658b17f49,utilidades_domesticas,142.8
dbfa741e0e5dfae13c9f023d8b8cbd96,bebes,142.79
559602c54359e6b67d7cb7fa336d0ca9,utilidades_domesticas,142.5
80d63636780c5975e5c93b63236d481d,beleza_saude,142.47
def3587f2a221b89fc8f342e858b2176,moveis_decoracao,142.45
0417855683de23ba1e20e8a358a5ac7c,automotivo,142.4
23af6f1d463d55ba48b5b89085acb74b,automotivo,142.3
77b22dbf8c7b5ba7b64f212c1344f7a9,cama_mesa_banho,142.23
b6f134ff2933bb0ee1f36e2865f21a91,moveis_decoracao,142.2
55ff52707f328833ed80ea342bbaa115,moveis_decoracao,142.2
2a2d22ae30e026f1893083c8405ca522,cama_mesa_banho,142.15
46014d47c7acdbd7ab5850d95ec85106,cama_mesa_banho,142.14
fbce4c4cb307679d89a3bf3d3bb353b9,cama_mesa_banho,142.0
fa99f765b9d185e1726708bdaf27f8e7,cama_mesa_banho,142.0
db933f6b3a695ab2f9f990ced2a0c258,informatica_acessorios,142.0
d309288ee9ab5d3d3326efb574f9b555,beleza_saude,142.0
ba2f091ca82d75e44ed38787ed180aa1,utilidades_domesticas,142.0
a37ac4848a06b9240e633912b5e03eda,cama_mesa_banho,142.0
96ce4ff64224301c9da1dd92fa9551fa,utilidades_domesticas,142.0
80728f3330e40b60b5ebfa9c6f740b8c,cama_mesa_banho,142.0
77626943dadc1bafb9625f65d98724e3,utilidades_domesticas,142.0
53a49e6f80917f8d611ec74ccf84c157,utilidades_domesticas,142.0
48b177636b95ce71e5cc0411f2c7a9a9,cama_mesa_banho,142.0
4039be757013ccb66cb41d683261dece,utilidades_domesticas,142.0
0210b75f6f4de09dfc17a66803290f8a,bebidas,142.0
742979e885a7f5409cc6a938eb7c4843,cama_mesa_banho,141.99
6eb6c5cb7df0f863538b61a47fcce962,perfumaria,141.98
a2c499ca39527cc328317e93c302112e,relogios_presentes,141.95
3ff718959f57e5a5c7e17ee1af98dc10,esporte_lazer,141.95
fd09697dea5aa0de13308b83c6e03f69,beleza_saude,141.9
e1f3f6e6cd65169825945c5d696f568a,perfumaria,141.9
d3013b06b7a68f7ea7f29d55377d9bd2,brinquedos,141.9
4808d0f726c21019e47863e21427cb48,cool_stuff,141.9
4298b7e67dc399c200662b569563a2b2,informatica_acessorios,141.81
ec6cf0744914e96d2c1bf6a1bc475665,eletrodomesticos,141.75
6987398dff454a3138231540e2a6ec61,informatica_acessorios,141.7
da31a8967c1dd9649b9e034eaa588783,pet_shop,141.67
0bd478959805d86aabe80febd51789e4,esporte_lazer,141.67
abad2a82d0a25653323cec918ba3e54c,beleza_saude,141.64
ef814c6dd6dc000a73c50dbaedef4002,beleza_saude,141.61
403e95f4460939e06a89a253a15dd99f,casa_conforto,141.5
3cc8beafc2e30054e0af2e8439561303,cama_mesa_banho,141.5
b0759d549c07bcc21fffd7ac9f3958a6,utilidades_domesticas,141.38
bc23e7ab33428b722eb04acc660423ad,papelaria,141.29
b92a7304ebad1ca5b393b53b2de5c70a,moveis_escritorio,141.29
c92f0e7b9d49a9543558d6532772441b,malas_acessorios,141.24
50692766f5927d896a4b516389e92b4a,construcao_ferramentas_jardim,141.23
3ac29f1f25166dcc60b97e65d9a5885c,esporte_lazer,141.23
ea2999d120b8644995f93e02aa9660c3,utilidades_domesticas,141.22
de99a4603fe6d195354676f800253ae1,bebes,141.12
8ea6651a5fee129653198012abdd4185,bebes,141.12
10f75f0d9616ccb68feb85e06535efcb,bebes,141.12
d6c084a3a3efeccb338446b39dd37316,moveis_decoracao,141.09
461f43be3bdf8844e65b62d9ac2c7a5a,relogios_presentes,141.05
cc59cf334461196527f790e5c9191ece,pet_shop,141.0
ae04d3b0fa8cd38fa974ec0c4c03c5ce,eletronicos,141.0
8afd2ec5bf821e4d1a061e7ca31cac24,relogios_presentes,141.0
7f1397b28abc37d9564825dbad2539bc,moveis_decoracao,141.0
5ad98f070157eeb5bb577282dd1a7f06,eletronicos,141.0
57d5fd37a8452e7577b5eeb0186caba5,esporte_lazer,141.0
e37522e3e9aaee5f8831b244b3efd218,construcao_ferramentas_seguranca,140.99
e307be52f60992a07fd121769b8ea9e8,cama_mesa_banho,140.99
bb741dd30a6663863873c51be6c1061c,informatica_acessorios,140.99
b9b5b714e7321b73a1fea73395873dbb,moveis_decoracao,140.99
6f33a4a09ae1180a0ee1ff4682b2d21f,brinquedos,140.99
87aff1d9a5e94db6840c5b963a5cef90,esporte_lazer,140.96
91c1df7de7a609fea82ba617a6ec2d6e,brinquedos,140.93
aa8cf1d1d094ac7ca06ad3df6d87633a,construcao_ferramentas_construcao,140.91
f49f01161658f6dac1132f4dcac4b2b9,brinquedos,140.9
d5ad1429503cdb3871407ed2e8fbf859,moveis_decoracao,140.9
be4759b234eb97ef5af31ef0ccd0498e,esporte_lazer,140.9
1729e3ddaf29904f44575844e62cbdce,esporte_lazer,140.9
21a95b5525c6d658ff4e5e1b50f7c02d,brinquedos,140.89
0df95ac688e582eb91f23b4b3ffe7ee8,bebes,140.89
ba4a91633739ceceb2b73b627e2cfbc3,moveis_escritorio,140.85
4c1bbc12438daec98a77243c2bf7a3ba,moveis_escritorio,140.83
c56400aa5823575d5a92a8f98077490a,moveis_escritorio,140.81
ac5b95f5dc30a0bb558f9b6edbcaab5c,perfumaria,140.75
edf9320a431f41502045f83bc1308b0a,esporte_lazer,140.7
2239cf6b4421c4bd57f8a87127800929,moveis_escritorio,140.7
4b456247c6fd6370f0c01903b0c6d67d,informatica_acessorios,140.68
29bcb163d2d9fdda52f39e9b84f2eec7,informatica_acessorios,140.6
b7f980dbd49d4059a8c4acbada394e4b,,140.5
063d853b6d570a9a5d06e8e044658c21,esporte_lazer,140.5
dbf47a585df3a9d8f0b5f4c125a2b8e8,moveis_escritorio,140.49
03bb06cda40712fb8473f7962fb7d198,cama_mesa_banho,140.46
94976cc078d10e74c19c62f0b3b52432,cama_mesa_banho,140.43
fe01b643060a6446e59f58e3021e66b3,perfumaria,140.4
057041a5c3e1080ad700db092badca71,cama_mesa_banho,140.4
87ac7e3e844a79b97f7b98cecfbc69db,fashion_roupa_feminina,140.3
e4643202d9053d132303d7927dc71f8e,pet_shop,140.2
afc6bc70dc56fcf15c7f9f1e4bc67dda,utilidades_domesticas,140.2
f706789a48ef8564b44640d0180b1aa7,cama_mesa_banho,140.0
e788814dbb6e72ac15d42d8651324b56,cama_mesa_banho,140.0
e3c0fe9e5a36dc645cee4e5a2ec95f60,esporte_lazer,140.0
dc23131445c27852a44f8ad0d94b3d0f,cama_mesa_banho,140.0
daf7ec5956e0377c86e427d04ba0e315,cama_mesa_banho,140.0
d4c7a502c517c851a64712d940286778,esporte_lazer,140.0
d22458d14bfebb37eee78255c5ff338c,moveis_quarto,140.0
c828d9e817355cc55ab8a449b2299f25,consoles_games,140.0
c70b0f9e669ca384c59b1230576199ab,beleza_saude,140.0
bf5d132b4d30a18970b8ee7798725af1,moveis_cozinha_area_de_servico_jantar_e_jardim,140.0
bcf8ba04829268e7eab9fbfc2555c18b,bebidas,140.0
a8d8c3a49c2c4b4f2982b529311ce670,beleza_saude,140.0
a8b3b0af05abaf1bc4d318debe51f3e1,beleza_saude,140.0
a45d376e2359c18076d5c16a042777e5,esporte_lazer,140.0
9e86427a5a9119af3ad32f27ccd9df52,esporte_lazer,140.0
9b191ab94826390cd135c837fb7bc881,cama_mesa_banho,140.0
974d9d3338a9d3d2b96ac5d5d9379968,esporte_lazer,140.0
958168282b745d22ab817ba81a0987b6,esporte_lazer,140.0
94ea362da29f43390e967e874c6fa842,esporte_lazer,140.0
93f9c7eb069e7ef8685ebe71ca606135,telefonia,140.0
8e4ddd0db3411d756ce077eb15a63272,relogios_presentes,140.0
8baff20b1d1f194101d0b37036772bca,esporte_lazer,140.0
819cc553cef53e5f33e1e74ef5133409,beleza_saude,140.0
737d985cd93b0a4844c3c5847d945ca4,relogios_presentes,140.0
731f32f46216108c900621c487081dcb,automotivo,140.0
6a03d0111afb13361088ed0e23d9ac12,utilidades_domesticas,140.0
65618ab7607d1878a338904c41cff515,informatica_acessorios,140.0
5ea070e7319fb213f4bfd5a468b07373,consoles_games,140.0
5d1fb1b8ad5adc868c6050e9bddcad27,esporte_lazer,140.0
49427490053ae7f72efeaf0a89c84d26,esporte_lazer,140.0
4590e33159d28afa51c996b1133eed09,audio,140.0
3a56185b0baa8dc98beef8ebba000b96,casa_construcao,140.0
31b67ce37b96cd227508185134875e22,esporte_lazer,140.0
2ce9227f31dd89541bd4b89d835e9056,consoles_games,140.0
2ab7dca60e8a55e3172c3e757111f25a,cama_mesa_banho,140.0
2216232cbfdfdc984d20cd53acb7aba8,utilidades_domesticas,140.0
1a37e7d1d8e98b3d70e6eb7d5deee99c,moveis_decoracao,140.0
108fc05afc7b739e4a355e2bfa12bdc2,bebes,140.0
0ad10ec3dc489499e5d7cd19b5181ffe,esporte_lazer,140.0
faa445166ca307f7436e1d84d68a893d,automotivo,139.99
f7ffa4d2418f29ea48467e55f3a770c2,utilidades_domesticas,139.99
de5a06d0d4cc5fcc6e384d789bb0d7cf,automotivo,139.99
daa46fa57a171867a99dcc8a71ec21cd,cool_stuff,139.99
d52d7fb0d4ea10cd52baa3255c5c0a34,esporte_lazer,139.99
d472a70d40f4f72dfd5f6024cfc89a13,casa_construcao,139.99
d10375970dfbcb0ed9ccd97efbd9e806,brinquedos,139.99
c348450d15a924d32e7f9b0dd91ca938,bebes,139.99
b42e79652dbc591a49bdd2f577b57dab,papelaria,139.99
b316b3aedd7d2e26569a318e2611e6c0,automotivo,139.99
b1ab8c16165f6d66427b01ac9b26e141,beleza_saude,139.99
b0141fc41043ae23a16677f3a7e282b3,utilidades_domesticas,139.99
adf9f5989ed8d85d68ea6b941de7a633,brinquedos,139.99
ad242deeefcc0d81a0f001a0fb9b585e,pet_shop,139.99
9d86a51639004c70d7b6037f43ecc070,ferramentas_jardim,139.99
995132c3d9a4d244fdc9fb4b3d5c8e82,brinquedos,139.99
99342b88d6faf8f67c940d2269922f7c,moveis_escritorio,139.99
9477e72598d2f21dc53f809bd42cf7a2,casa_conforto,139.99
8eb2787f0bb7f47e87e61e8c9085ade4,informatica_acessorios,139.99
8c43f35d57e033ca588137603db17d80,pet_shop,139.99
8ba9596b8e1d12a239692a8243de14b9,moveis_decoracao,139.99
8aa2eacfedd0c7a0c34febc7480708a7,climatizacao,139.99
8aa1ba72d595bcf58ead2e5636f006cc,moveis_escritorio,139.99
891f85176bb33d23b19f1cc30eb2660f,audio,139.99
826990bc0af28681bde1dcd66a336763,cama_mesa_banho,139.99
7a6a8e721213b9881cfcb60aaafcc3d3,fashion_calcados,139.99
79d5da4087dedefe5ef7086bf68e6408,utilidades_domesticas,139.99
7931c305032ec48bb0ed7bd63539aeec,construcao_ferramentas_construcao,139.99
788a4c7f064e9ac6d3e9900512825aa5,fashion_bolsas_e_acessorios,139.99
73b499a2f5002c0a2158a478cc5a096c,utilidades_domesticas,139.99
7384fb8f06ad25539cdc1f9f56d02947,fashion_bolsas_e_acessorios,139.99
612fc86af2e1c8927886a7503dcc67a1,automotivo,139.99
600dd8d6e08f57945bf0798abe1b1b5b,brinquedos,139.99
5e7cc48697a854bbc6724010b0ef229a,pet_shop,139.99
58f1f70c378b16f78eff44c7104aa772,esporte_lazer,139.99
579447868ed3bc1c03b199dd2f0dcd07,moveis_escritorio,139.99
576b0f2b5001819adda7c2512b9f69b9,moveis_escritorio,139.99
531caee8b7069e4b692eddf59ff98eac,automotivo,139.99
4f84ff0aab6b53675317e34f2406ea99,beleza_saude,139.99
4c36e30350c41feb82b1a47b0712c9b3,climatizacao,139.99
4b1bf508b7e2b27e8472c16d7f189909,automotivo,139.99
46f739c1cd676603026c0af4d29ef7a5,automotivo,139.99
46073ed592d49422d9ade51d5d9919bf,moveis_escritorio,139.99
44c2454898f2a54b488fbbd767589cbe,papelaria,139.99
446f791c0261ad0a93d4dced49d5d0bc,moveis_decoracao,139.99
3cb92605eba23721776a8a26f0e62921,automotivo,139.99
3a63f38267d980e6107579e72c2f1c51,pet_shop,139.99
39e496dace43a41056e2a487d41c8629,moveis_escritorio,139.99
246aa84ea966f137a2d87ef0041fa6ef,moveis_decoracao,139.99
1fb368a1506cced21a07abb6d220c4e1,consoles_games,139.99
1e96993bf0abebd3ee50f96a52bb51aa,moveis_escritorio,139.99
1ba7948f3aa31cdaf78a4885f3c5385a,brinquedos,139.99
188a7a06ef624d9549bad5dea5e84ea6,moveis_decoracao,139.99
0ceb7ce77881482fe28344a2c31fb584,automotivo,139.99
0bf1dea484fbb8cdfa09e2767ce30574,alimentos,139.99
01b864cf36d60d972e2e29d8c5084d64,cama_mesa_banho,139.99
cdbb028dcdcdb294fd86a808b3569c11,,139.98
48390200e49b570705afb0bf9442ee5e,utilidades_domesticas,139.97
f25f304f0e7163a29c271960a6704b0f,moveis_decoracao,139.96
976f5de0b6a1c79fedf4e1f713251efa,cama_mesa_banho,139.96
1ede3c17889b7e18f4ac33d2fd0bef96,moveis_decoracao,139.96
2b2cde418c199f2ad971a7511cac11c0,brinquedos,139.95
e40dacc1c350d93c25ee648abbdd9236,moveis_escritorio,139.94
787a015e505e9dfe5dde6e5be78f0eac,moveis_escritorio,139.94
3b5c8da5a1bb814b0a0d43918fb1223e,moveis_escritorio,139.94
7a670a2551a3ac07c9152f8078eee043,cool_stuff,139.93
f9a1e7b118211efcf90f87de886dcc7d,moveis_decoracao,139.91
fef6029430dcac1403570d19150408ea,brinquedos,139.9
fe854c3521ccdb837e2daf3b653fb929,esporte_lazer,139.9
fd8427a5b8ddccc638a8861eed9aef64,cama_mesa_banho,139.9
fa35b4bf358c776e80d08e8079dc1d4e,fashion_roupa_masculina,139.9
f77f34a4f2b8f31e2bcc50a478888064,relogios_presentes,139.9
f30f863c9a7488715d627cab44ffbd4e,esporte_lazer,139.9
f1b5bab9091189a35c60f52afb5bcfa0,esporte_lazer,139.9
f17ccf83f9deba389fc0a010257e949a,perfumaria,139.9
efbb1aa8004b5afbe175d7d6ce557342,moveis_sala,139.9
ef49c266450dd5f0287cc0f4e23d914a,papelaria,139.9
ef226f256d9c1986ee2d02ff216b15c3,instrumentos_musicais,139.9
ead72457c58dcea14f94c2223c684716,esporte_lazer,139.9
ea73128566d1b082e5101ce46f8107c7,moveis_decoracao,139.9
e8e86cbab028363545a5bf0ca5e226ee,moveis_sala,139.9
e34f7accdfa3f3f2ab0c16db77858f6d,cama_mesa_banho,139.9
e2f3f7ec8185e5931ae0faaa63175ae8,brinquedos,139.9
e15746c8f73cb5e9d74ae01533fa02a5,utilidades_domesticas,139.9
e058c61cf68327217d4bc8b13d07cd64,automotivo,139.9
debc531d0f769b8c390ac1cef839c12b,esporte_lazer,139.9
dde07b9fedc0682cc6acbd81d92ffe22,cool_stuff,139.9
dc6040ee940ab73a2fdb3b90c6513ed9,informatica_acessorios,139.9
d90d7857e8369bf261bcbaeb9731b64e,perfumaria,139.9
d8e68bbaf74b873af3726c252399e2c9,cama_mesa_banho,139.9
d53d0094e20a39b4c5304940cf8995ea,malas_acessorios,139.9
d537e54e990d95194a5733e79f1af1aa,esporte_lazer,139.9
d45677ec0d65c4faa31698316a6be391,cama_mesa_banho,139.9
d40788ec5b01ba52711983b9c54b36e6,fashion_roupa_masculina,139.9
d3796e73f7d260e45f5d5b9dc1c5a7a1,cama_mesa_banho,139.9
d368d485a71290394dddb034555b8eff,fashion_bolsas_e_acessorios,139.9
d1f1c64b5ad001769bb3a6f20994cdd1,moveis_decoracao,139.9
d0b37eae654ad7f4cc8d29d7bab39431,moveis_decoracao,139.9
cf71bfa06fb0f932bc3775020acde164,esporte_lazer,139.9
cd20f878813b93b6ad1df1b299775b0d,automotivo,139.9
ccc61dc31608c5b78cf0cbe85582fb77,papelaria,139.9
c8d1837df49c5b4d91a388c81795156c,esporte_lazer,139.9
c77330cb95bf8227f54bda2c2452a11a,brinquedos,139.9
c478b1bbf9ec8c5691f37ccb83187386,informatica_acessorios,139.9
c26592bb29cba57872a926be4835a246,fashion_bolsas_e_acessorios,139.9
c0a933a473d7482b1ae218c7f3a0c743,livros_interesse_geral,139.9
be8aef10cd8c8a52fa98f5f7f71bb373,cama_mesa_banho,139.9
be4271765ed350485cd8861c951500dc,fashion_bolsas_e_acessorios,139.9
bb927b73a53da18d3609acf60b8595e9,esporte_lazer,139.9
b95dbc4fd2649678edb475921d43bdc8,cama_mesa_banho,139.9
b11802a8f8d0f813ec6d3fa8967aab21,esporte_lazer,139.9
b0f4447a9530af5f5bc2d17091704558,moveis_decoracao,139.9
ae7799f14ab78798325fba1c61aac7d3,cama_mesa_banho,139.9
ad2b6bedd7908a039ae14d7758805299,cama_mesa_banho,139.9
abf005f4791cfbdb0cb9596298eb5f4f,brinquedos,139.9
ab94356394683706626f737b7c135ae1,beleza_saude,139.9
aa720f8684a8fc318f7a22c52c02a2dc,malas_acessorios,139.9
a64fc2f46aef1e68dc0bdc591c84832c,esporte_lazer,139.9
a60473775ca8f0337ed9af1b1f55ede1,moveis_decoracao,139.9
a5260e6fb64e23948b99be5aa3ecc996,relogios_presentes,139.9
a44d4702562f2bdae04d6f3d144fde5c,eletronicos,139.9
9d9352588abf60036a50fd28e3bec382,cama_mesa_banho,139.9
9c98b59719a74f32903537bc5c9262ce,papelaria,139.9
9c62adfd2a4126042e0410e01a0f1630,moveis_decoracao,139.9
9c5748657c370b7dbd989b548b041544,papelaria,139.9
9aef37b9deb4c4565b32f24a593b06ca,brinquedos,139.9
9a89064fd209d1c1661271942a65099f,cama_mesa_banho,139.9
99fb0293e181af6a2b692fef4ddac420,esporte_lazer,139.9
990246075b83e422c5b4b9005578a8dd,cool_stuff,139.9
97b6b2b77117d7e304364b433fcc649e,informatica_acessorios,139.9
977f845fc71d6dfd5af3a0aaaabf2161,bebes,139.9
948c22764c5080442c29a9c3da89b40f,cama_mesa_banho,139.9
90f83991bae254d0fd02bdddaa20b340,moveis_decoracao,139.9
8e8d71f2bb02bf4ebb57a8017789f98d,cama_mesa_banho,139.9
8e601ab9bb87f5970ac09492a4ed1c9a,relogios_presentes,139.9
8cd1fa74f1b7e9cd6e7c574607081522,relogios_presentes,139.9
8c71c9f045a49434865c087cff7bfe02,moveis_sala,139.9
8c1e9287e6b9508f4663a1bd31d2d837,papelaria,139.9
8bc9663f392c9296600c684c5736a674,moveis_sala,139.9
8b3a9476f74f5297f7ff0ec6d95fe1ea,moveis_decoracao,139.9
81db1eb74948f2d18f83fe4c1fbcd88c,eletrodomesticos_2,139.9
7c4625a299889fb920765a0cac740045,esporte_lazer,139.9
7855801875dac05bda454284be8be7db,utilidades_domesticas,139.9
77a76108c16a41f20a2da26c6afdfd4e,informatica_acessorios,139.9
778c4dffd777dbe97f26efe02565df49,livros_interesse_geral,139.9
7595cd7f319221fe4153dfd0db083582,utilidades_domesticas,139.9
736000073edfb5a7d5fc8d710e93772a,automotivo,139.9
7273e94a33eb07341d5d86a7b815f901,consoles_games,139.9
711027a82d762aad9b42dc032629dd18,utilidades_domesticas,139.9
7041ae473941c8270e3a0f3cf73a379f,cama_mesa_banho,139.9
6feecc05ee0c88b6194450c8a580629b,brinquedos,139.9
6d15a14a5c04e3ef315ab136bd824d72,construcao_ferramentas_construcao,139.9
6c7e28016af5eda3ec8765073e907d3e,pet_shop,139.9
682fa9a2b1120191903abcde5950f072,esporte_lazer,139.9
6711372a1a1512247ae964b1e36525d6,bebes,139.9
64e054669023deb2bfa82f61a2829404,cama_mesa_banho,139.9
627025506c84c8b1d34791a89aa3a8dd,construcao_ferramentas_construcao,139.9
620ea491128bf83c51950ac006de001d,esporte_lazer,139.9
618a3fd33448d434c96fd55360397e25,pet_shop,139.9
59d8c83dc367b690a114f47a4bf78f8f,esporte_lazer,139.9
566aaaec94561903dba698b1ff3cf459,fashion_bolsas_e_acessorios,139.9
560d9dfbf91783d36e00581a288fc86b,esporte_lazer,139.9
54405df05005a5933a1a2851d1c69c86,sinalizacao_e_seguranca,139.9
537148287359f3f816095b3bfc368130,cama_mesa_banho,139.9
5272e64de887c95d7a1c9c64886b90f5,cool_stuff,139.9
5140431c54f26f3706d901fef4b1a528,papelaria,139.9
5073cb7b965df5f1fea32e8728782a8f,malas_acessorios,139.9
4e8e9ef9e7003217fb1fe04df616fa69,beleza_saude,139.9
4c89737c10cbdd71a70bb34964577657,moveis_decoracao,139.9
4c809e61a89993ebeb2ad634b8af3c15,construcao_ferramentas_construcao,139.9
4b7ddf18ef3c5205f6ec288dffcd7c55,cool_stuff,139.9
4a69bf67fa5c94b8e301ef9c94950755,cool_stuff,139.9
49770e2e1a22b61e15a13c2cbfbfcbbd,brinquedos,139.9
485977d79fe47209050d22d220aaab7f,cama_mesa_banho,139.9
46d92d8c6c48c2ac51bdd6be618d0531,moveis_decoracao,139.9
4689718bc1b839a9baeaa91d2c278598,cama_mesa_banho,139.9
420db7fc556a05b1cdf665a103f9ce6b,moveis_decoracao,139.9
418c8127e2810370323241e326874320,fashion_roupa_masculina,139.9
400e2ea46d0af06d91c744b624ed8a59,esporte_lazer,139.9
3bbfc7ab9b28d67dee1c87ab14c2ec07,cama_mesa_banho,139.9
3a1d2391ad7b58b404bce1939446332b,casa_construcao,139.9
39c0f867b8567f91295186c270767552,fashion_bolsas_e_acessorios,139.9
38969df72ffea063ee2905f51b08d428,informatica_acessorios,139.9
38201aa4f47d255ccc9f259c913854a4,esporte_lazer,139.9
36f78198534cccd08c53c29b56e82d55,beleza_saude,139.9
368ab9ae54053acc2a79f2e9f5fb4cbf,cama_mesa_banho,139.9
34282a40b7d2b7aae8762762cb6ebcad,moveis_sala,139.9
3411fcf3ea2ecbf29a0b5ccb867c44ce,cool_stuff,139.9
33403c26bd55e7f57cb5fe7ecca9de83,cool_stuff,139.9
2c0b52e701cc59a38908d46a131e94b6,telefonia_fixa,139.9
2b9c3fbbc252238d3a35a75dcc19d8cb,papelaria,139.9
25c9bd06b9af867e935cca386b6acece,cama_mesa_banho,139.9
21d512be0373dc6a55cf1c97977076d0,esporte_lazer,139.9
211f62173e6bd1cf140c0b05ecf78cbe,livros_interesse_geral,139.9
1f2b62e693c588aef7be1f457137b15e,moveis_decoracao,139.9
1dc9d2804c35122e2f168a135f8a56c2,bebes,139.9
1d0f7339adddb21ecab3c4170865ffdf,ferramentas_jardim,139.9
19ff2d1670779cdd13a453274509bc1c,fashion_roupa_masculina,139.9
17619e7c2727f3ee8c7877eea79ce30a,automotivo,139.9
11147e87671eec98729e98e8e38c868b,automotivo,139.9
0f820791c5bd8fc3b05f6b897877fb1f,construcao_ferramentas_seguranca,139.9
0f3547f2b32d5660a50961768fe2d929,brinquedos,139.9
0b5be7ee64611405f84c31be31ad0d9b,esporte_lazer,139.9
0a69d717eddde56680a2f9af307f2b05,beleza_saude,139.9
0a2baff646a591a97387bbe599a7565d,industria_comercio_e_negocios,139.9
0a04ebe637717bf7f0a9290adb51971f,papelaria,139.9
09ebc052c8e265f5ea1e86320c049322,moveis_decoracao,139.9
052516c377ebbc53a39f053af1db08b4,cool_stuff,139.9
04d5a0ec1f6db00db01676199151df4c,relogios_presentes,139.9
04869307f7e7dc5b07f1d83406ade1e5,brinquedos,139.9
0268130c8c3e3cac87b5ec4931348c73,papelaria,139.9
0182db9fc95fd36e324e8a4c40c0819a,bebes,139.9
53e695484b71a194bf7d89b48700756a,fraldas_higiene,139.89
03da3203e7fba42baf48e3d87cd4b75b,esporte_lazer,139.89
1df4766d26ab7bcb152eaf8c600210a6,automotivo,139.88
3db4edbe90c563f7b6c038f9a690fde1,beleza_saude,139.86
d57df0660328af2e535fa009f227d575,moveis_decoracao,139.85
95dacbf52db1d378303344b43f821cb6,moveis_decoracao,139.85
7933eeb8cf79ae899bfac71c0edb076d,moveis_decoracao,139.85
ee649ca4e5cd395d0b2ad35f3f6b7d4b,cool_stuff,139.84
cad5ce42d21fcca572842bd63d5f1552,relogios_presentes,139.8
0d3343f683310b281c291419d96c8132,esporte_lazer,139.8
0830788ce2a21bb3aacbd956403f7851,esporte_lazer,139.8
1b8ee158f59c098470fad33f39660964,moveis_sala,139.71
8d39a63db6a98e40571f486e0c711cf7,,139.7
9cb211b1d12a3222bdf0d49b1c3cbc24,eletroportateis,139.65
9bf55e9d85e0b309f79e92927449d211,beleza_saude,139.65
72d6074ef5c81ec3102b3f2a052c5f49,beleza_saude,139.65
02f8dd9b448d3ec2c73e65a22da1121c,relogios_presentes,139.64
b3d0dc381a72d9d125dcb88e31a3e00c,ferramentas_jardim,139.6
dbbda25f6b7c74669cf2203b2e3139a0,beleza_saude,139.56
e4bf89766decbc6dd5e5c29edff02990,beleza_saude,139.54
9269d6409ec9f19cad883b2c1aa206d9,utilidades_domesticas,139.5
8c5f61f20b013d5dbe8b2e2f7794a873,relogios_presentes,139.5
7b5dc46fb60be9d57911ae41dd5639ff,utilidades_domesticas,139.5
1b9eb27d35b89e35c8b32fa9902cdba9,perfumaria,139.5
f3231cefd20f5eeb7a400d49b3c8163e,moveis_decoracao,139.49
ecab3fa721d1b06c225f23c30f02eb5e,esporte_lazer,139.49
2de2a40099e05d5f0e47d69623a3c178,eletroportateis,139.45
fab8297a9d2e7e1e756998675831f7e9,pet_shop,139.4
d496f7647d2eceba04455a3e682c59a6,cama_mesa_banho,139.4
bd43ce19089eb3d0631afdc559a57b3e,cool_stuff,139.4
f54cd09fa7e3c0f502187f200eb84084,beleza_saude,139.34
3de0f67a3747dbf94f485e9f5843b02d,beleza_saude,139.26
173581ced381362760c476bec9de53ff,moveis_decoracao,139.22
6ce07ff93c0dbafa9df5c10038e41287,cama_mesa_banho,139.2
8dcbe1c268314dc0f6df3ca28b5b43ee,automotivo,139.19
10717ff440b2320081989126e858b220,cama_mesa_banho,139.19
27ea0ddcb5e3a371b14a9ef16607676f,construcao_ferramentas_ferramentas,139.05
fedaaeb6d54cd9772c003ec97ce92ff7,cama_mesa_banho,139.0
f86ebf7428340f3c8a307502cc646e7e,esporte_lazer,139.0
f78f73f3c49ae249f939acc5d0f66b24,brinquedos,139.0
f72c05c5dadc3a4e05bdc5a92520f66e,relogios_presentes,139.0
f565767fe2205fbf1e7c0d1c2fc5773b,papelaria,139.0
f444092e1a9f9dedb91cf0717d6c4cff,automotivo,139.0
ecf4224a061a867a5dd5ffc39cdcaf35,informatica_acessorios,139.0
e8721f5914c9d5f55e228402b21351ad,portateis_casa_forno_e_cafe,139.0
e5255f9b1ef223780f2e2d7d3e11fd22,esporte_lazer,139.0
e47d150b1ca529641e12015c3109bb24,papelaria,139.0
e3f154094d70c797fdb364c6f7160252,esporte_lazer,139.0
e169dcec1f41c7d588f6648886492792,esporte_lazer,139.0
e06b4c50b1658106be58b72fb9f8c12a,beleza_saude,139.0
dfb97c88e066dc22165f31648efe1312,automotivo,139.0
de7e97827841985dae27ef4c4769da95,automotivo,139.0
dce7d5964fd84b401af7d9369a9df643,automotivo,139.0
dc5810c618a462436499ac6e62aeddc3,esporte_lazer,139.0
db338cc243c685a907b392a864bebe41,fashion_bolsas_e_acessorios,139.0
d9fbc33029641ba345b15a2c8dd86f10,cama_mesa_banho,139.0
d7522f4bc0a993667ec6491b9e1b86e3,utilidades_domesticas,139.0
d0d2f2b156caf4eecf8a6a9d25e52d36,moveis_cozinha_area_de_servico_jantar_e_jardim,139.0
ccb162ed569f47d83f62aebd5700d7ad,climatizacao,139.0
cb74508159c5743a4fd58445a3038a95,brinquedos,139.0
c92af8ae65f217933c222f02ab10e73b,construcao_ferramentas_construcao,139.0
c7944f654db61924bb81f0e3160ab757,papelaria,139.0
c4760efe81b34457c00f5ebf9af1104d,bebidas,139.0
c3a954d7be97f5818bf83f743a17863a,moveis_decoracao,139.0
c234674e4e175c7be49f4412f97c1248,automotivo,139.0
c0dacf0751740480573fe22a20a984f3,esporte_lazer,139.0
c04b6b2045c90dd226493e0413796f85,relogios_presentes,139.0
bae8ac5e125a98fe445bc17714104709,malas_acessorios,139.0
ba90d9569ff1f3add3d6bc10532688f9,instrumentos_musicais,139.0
ba3a7bd4aec1ff58474f768b3446045a,eletrodomesticos_2,139.0
b8eb8663142255eb7ab4526b3ee1c7fd,informatica_acessorios,139.0
b1f6881dc1fb3b2b665cb287418ba7be,brinquedos,139.0
b18e0607500acc7479614f4857a15c14,perfumaria,139.0
b0c6bbb845653e49fc570726f2d5e4c5,papelaria,139.0
acce642ddd64b83faaf4c3e30200cf63,relogios_presentes,139.0
a9008cd162e8e98ef1a087a797df2fd9,utilidades_domesticas,139.0
a2767073e632cd6f8d0be8a1f40f0921,esporte_lazer,139.0
a177ae30ef17394975b58f6d5883a56f,pet_shop,139.0
9fcc521cfe8074cbd26206bcb2e92f55,consoles_games,139.0
94938d42be4ea1064db3325c385ee6d6,esporte_lazer,139.0
904df51afc994cd2a7bce1ec3ff5d9fe,papelaria,139.0
8c7442b088dc69fece3db05b53234860,automotivo,139.0
89cd489d2c75553eb7fd7de3e25dc7a7,livros_tecnicos,139.0
82da31ba11331ed88419773d888bae7f,telefonia,139.0
7fa3e1a663cc86837564958cf16853b3,bebes,139.0
775596b5ab8f1cb5890c7263c1c92bc4,la_cuisine,139.0
76397820b3556e99a4a2e3056eca24e5,artes,139.0
740adb81f19fb346d1ce72237211ba51,pet_shop,139.0
737039cf7d608ac96fca4148ba80fcc0,papelaria,139.0
6c8408bde0e2dd939bade6cdbd789b65,automotivo,139.0
68fb1d8f0c51d866116189cb07e652ea,,139.0
68c9f9b8e43c476c1bf8d6009270dde2,brinquedos,139.0
66740f6bc8c6a2393283871b22d5d32f,esporte_lazer,139.0
658675929f516ce89c6c508269123f98,esporte_lazer,139.0
5ff6f5d729e40306d114d501700a838b,papelaria,139.0
5343876e3ae357d3e47e3bf3c89dfc86,bebes,139.0
502ed403f8e1f7d179ba2f64172af3e9,bebes,139.0
491efdd8025d870ef06034b0bc39c3b7,construcao_ferramentas_construcao,139.0
48ece3b2abc4abd9d02f45aca7c3476f,esporte_lazer,139.0
48cce5e4d2191b274474ac6327a3df2d,moveis_cozinha_area_de_servico_jantar_e_jardim,139.0
48aaba1523759485364bcd94f4d4c4f5,esporte_lazer,139.0
488445f08d5b536d6aaa8dfe5c06a3db,beleza_saude,139.0
4466f429e81266e99d1935267aa13329,bebes,139.0
44408f8595b18c8b5a854f5945de6082,telefonia,139.0
441d3f638e532d223ae9a0661abb6de6,utilidades_domesticas,139.0
3da76d120922f2c5c94b3ec02db563c9,utilidades_domesticas,139.0
361009da0572b0d1d961d347f10e09b1,moveis_sala,139.0
31596cc4bf31a702bc34ab7223a827da,eletrodomesticos_2,139.0
2fb0efd1f61f186ffdda9e8ec70f27f2,bebes,139.0
2ac41de9b0580f84618e017249626a72,moveis_decoracao,139.0
273e331241d86e8c9dd35408c755751c,esporte_lazer,139.0
22a0a4cfaf39559db703230823bdc13a,telefonia_fixa,139.0
19f1b5c58fd03aa8c41db25200829903,artes,139.0
1893eeba0f624153fe2b3f0711e4a554,moveis_sala,139.0
17eebb377a986cfb90285ec913767939,cama_mesa_banho,139.0
1708d4cfc42166dc7f44e1ad501f4933,cama_mesa_banho,139.0
15be8ab92cd1c32b16ff30292ef39991,utilidades_domesticas,139.0
159e7e73295b609960c0797eb64b3d39,pet_shop,139.0
108fa3ef6742ead062d9ad59b471ce26,relogios_presentes,139.0
0e53d55e7f56c386b4545fb0e9f4dc6f,utilidades_domesticas,139.0
0b48dc720b9a40d75ce14eda10be0922,moveis_cozinha_area_de_servico_jantar_e_jardim,139.0
08834f7365a6bc07d7049b7f4e95f8e8,utilidades_domesticas,139.0
081088b5ca67de215fa103434690cedc,consoles_games,139.0
071f9a2b7591f2e8a2a59a50ecc5a297,bebes,139.0
032e8352e7d34cc2558d4ae22132866c,moveis_decoracao,139.0
0141015d2469c1c5f9d7d377d1cdb44a,moveis_sala,139.0
ac11beeebaf7911a13f63d7d6cb89d46,consoles_games,138.99
234495ab7809d4517bc1330c439da1bb,bebes,138.94
f5195736fa7a5ef076d923c03675184a,automotivo,138.9
eaf932b5c1084510c0db4ab4b721fd97,construcao_ferramentas_seguranca,138.9
e727f4d8f80efebd371b5e2fb9e5170c,relogios_presentes,138.9
dfdb2655c564597331d2197ac771b2c0,perfumaria,138.9
dce8ae5ccc379f3de517423fccda65cb,relogios_presentes,138.9
af3da1cd239d042efbbf8100b9ef2156,beleza_saude,138.9
575c38b4c88fc7b35ef22fc8312bfe1b,cool_stuff,138.9
35aa06ce9cf87fdcb9b19797c981c4a6,ferramentas_jardim,138.9
0a07b2c989441aaec80191da39c79c99,relogios_presentes,138.9
05fb095572e53e2a567a685765101704,brinquedos,138.9
671daae289ba175770580ddd6240ef76,ferramentas_jardim,138.89
008cff0e5792219fae03e570f980b330,esporte_lazer,138.86
dc93254d4d00a9ff3b05490e585e5376,brinquedos,138.8
7185389e32acf9c5c5f61e6a23c0ab3a,cama_mesa_banho,138.73
f4f4debbcfcafe6858d1e37a1f6e436e,moveis_escritorio,138.62
20531b0644a0719b8d506c4db3c56609,utilidades_domesticas,138.61
19dcb307b859214c546c3726043e9c2f,cool_stuff,138.6
55ebae49cf4c0963d5738a39e1e79750,fashion_bolsas_e_acessorios,138.56
76ec315dcc55a9e20ce3c0cd6124a9b3,esporte_lazer,138.55
4f74d757aae5755017f9afc37c65afa6,construcao_ferramentas_construcao,138.52
d7a389b75ee484bee049db1a54882b76,esporte_lazer,138.5
a9fad6340b388d87b8c173d46a53cf5b,esporte_lazer,138.5
9373cd8d23754193eb73e734128d55bf,cama_mesa_banho,138.5
3b40b07af370eaeb124725c4c70ed73a,cama_mesa_banho,138.5
3f94f864742e33fc293053063b7783fa,perfumaria,138.27
dff7fe87b6455dba4be604aa1d2938fa,informatica_acessorios,138.23
d12429bcf1d0ffe5940f9df2a8761c79,cama_mesa_banho,138.2
5b3b5f9ae84ca9ead3138b199420cc94,brinquedos,138.2
912d1fc21117a94dc8a67186df6010a7,relogios_presentes,138.1
fda8e9e4aa94f525fc48f6777ff040ea,cool_stuff,138.0
eb0db7338f21fb5467875d41aaebe7b3,cool_stuff,138.0
e878662b68e175a58b5951e44574d5c8,,138.0
d4a9f03055ff0e12e1821a706f554322,esporte_lazer,138.0
d392a00a8d96150a649853d20d63e8ba,esporte_lazer,138.0
cfa14c9ef22bd6c41e20df06de9dfa76,utilidades_domesticas,138.0
a9568a13a4077638b75b8a64bc4818bc,relogios_presentes,138.0
a17f13897e9a6dd83b91944452d54daf,papelaria,138.0
9a8200a7f3448bfb18683080c03b54b1,cama_mesa_banho,138.0
8f2fb4fbf4005e8763fc99f57dabb236,informatica_acessorios,138.0
8ea996926ff2f9c0e50e2f70b8e01051,beleza_saude,138.0
8d77b937d01f4d6ca31ea084ec26fced,relogios_presentes,138.0
8c4e5e50a08a443b7fbad34ad7587625,construcao_ferramentas_construcao,138.0
888de7e3435c871d1020b85023328c5b,esporte_lazer,138.0
6edf191bc69fa313660424f725f82041,esporte_lazer,138.0
632fe3d92c45b5c83f4102fadd94ee92,industria_comercio_e_negocios,138.0
52a0cc66507fa8ae445cc135c69e6d96,beleza_saude,138.0
3b4a72dd3f5ecc82d97d6a54725952ec,utilidades_domesticas,138.0
38f3677364ecf032090b33915b155161,utilidades_domesticas,138.0
2644ba2d059f5ddf0520e34db25fb62d,relogios_presentes,138.0
1c12e2e95f36322f3a5ab8153a76bd73,utilidades_domesticas,138.0
191c65cf8988d6fab9bde989aef39d61,eletronicos,138.0
a9ae3095ce9466944a7427933de5f784,papelaria,137.99
9be9fe1899a02ec308ce97368cf4ef9f,pet_shop,137.98
60c031bf1162848b7ee14f56f432285b,beleza_saude,137.97
2b24cfb25ee90eaa2ebc34844fba07b9,livros_tecnicos,137.94
b0c2a004d315a5ba0b19584393ac478c,cama_mesa_banho,137.9
8da90b37f0fb171b4877c124f965b1f6,perfumaria,137.9
45af78e8f5b2d214adf9b3023f2a5bbf,ferramentas_jardim,137.9
2e2b9bfa91068239d5fb2b39764b92a5,beleza_saude,137.9
2293f7375b46e963e55be5b56d3b77b0,pet_shop,137.9
9b6459fd1853c7e4422ff0bdd8184cb3,,137.88
44053ed0088d0655ed338810cd2d4d51,cama_mesa_banho,137.88
6bae58cc7b604c823271ecb0f82de699,fashion_bolsas_e_acessorios,137.77
8ec2aeacda2a58c1e118e8c1ea90c605,informatica_acessorios,137.67
a028a0cb37c1e9693e906ad948031da3,consoles_games,137.66
d1c427060a0f73f6b889a5c7c61f2ac4,informatica_acessorios,137.65
7ca842c587021040e7e0135fac921602,perfumaria,137.59
edffab3eae08991a067c2c7664821661,moveis_decoracao,137.5
ac11c132793524428ef353a3e4956ed9,utilidades_domesticas,137.5
4c4e033bb95fdaa874d3b1c81c972dc3,moveis_decoracao,137.5
398eb7af23a74b3470f90b1744a48697,brinquedos,137.49
91846781ef75057e134949400768e272,esporte_lazer,137.46
e7d5464b94c9a5963f7c686fc80145ad,relogios_presentes,137.45
f07ef9dd6e2d9a366ff30a25e210be70,telefonia_fixa,137.29
fb10a064e6f5151ebfffc589e166c917,audio,137.2
94e25ee525bdcdce608d423d902a0372,alimentos_bebidas,137.2
da98518441170ed0b0afcc0b471806ee,cama_mesa_banho,137.1
13b6735a82ec831943957f19fe66f71e,cama_mesa_banho,137.1
4aaa2ddc43f64a2db232b71fc4639064,eletronicos,137.04
df2e41520cb6197bd02beaebfa6e788b,cama_mesa_banho,137.0
d29534bc8c74cd3d91e0f175a5c9b366,la_cuisine,137.0
c59dfb699331407c6b2ab0c81b723a57,ferramentas_jardim,137.0
a794505b7d66eea7dbd7d5649881ffb1,automotivo,137.0
4e0dbe365a79679e8072f9ce716d3f5d,utilidades_domesticas,137.0
f78d57eae3aa976bdfd5f0db33141a79,cama_mesa_banho,136.99
ea7ab4d3d8f539561e8078feaca6ae07,bebes,136.99
8c22b9ad6943f7dfc87fde6fb92ab133,moveis_escritorio,136.99
ff80f0538290775336ee74b4997a855c,relogios_presentes,136.9
efaadc79a826a716708034fba428f44e,brinquedos,136.9
d938227f7f7591d77e900cf3df3a645d,beleza_saude,136.9
99a31da32285762c037b6d6bbdb0ed42,bebes,136.9
6f5483fb232683fb73098d741756fcc1,informatica_acessorios,136.9
4e8d35f24bf710e87a6392ad7c3b011b,beleza_saude,136.9
4d496091a266c21966fc846720b8435c,utilidades_domesticas,136.9
3cc8edea2678a63c9e01c2dd190a395d,eletrodomesticos,136.9
2ce9e5390d425b70acd6b9b016c9ac13,papelaria,136.9
1c080978925cd796eb3f7bace4ef4239,construcao_ferramentas_seguranca,136.9
81a3f1e46ec16acb4800a5002b014438,perfumaria,136.78
5e65e068400cdced025ac4801d36ed4d,beleza_saude,136.77
dc1ef651c56d45937bd23d0166a66296,bebes,136.76
11fd9d7ba552e1d28872e008acf1e050,cool_stuff,136.74
11c273f63badb1626f41abce9a038587,papelaria,136.68
78018501054dd80dc909eee2f22ddbd4,cool_stuff,136.66
8d578db76b524efa43a961df4ac2d7d9,automotivo,136.57
096b00d9037146606b19d614cd67ab65,beleza_saude,136.57
fbd4031ddbc3d02b95834b62769d3ad0,utilidades_domesticas,136.5
016becd5c493d3b3872aaa7294accf52,esporte_lazer,136.5
315affd5901833621c947264eb9f2588,relogios_presentes,136.42
fec95e3df8533d6872300b23b9a5a943,moveis_decoracao,136.3
fe077ec80df6b4ee60bb4498d5ab1962,informatica_acessorios,136.27
906b11f3bc3c98f883afa0eb67b0fac7,esporte_lazer,136.19
475e8a9ddbebf13af503d1c7eccadb1a,moveis_escritorio,136.16
bca66c2fcd992d2efac1dd904524edc6,beleza_saude,136.12
93a12c289ca2b78e7069e469f5053ef2,informatica_acessorios,136.1
f3f77f4a417da1f06a6e0eb648d20a87,beleza_saude,136.0
f18e94c9042a09a45c22444e432c0fe5,esporte_lazer,136.0
ea0698c943d7a9133e6d36de68654750,beleza_saude,136.0
e6d528652daa9f45b90b855c0596bfbf,casa_conforto,136.0
cfb2e04130d80dc8944679f3db75df76,perfumaria,136.0
9e9a222ec8c28d9ab56658263c17f16c,automotivo,136.0
9020ce7adcc384b2899ae87ddc54767b,papelaria,136.0
712a72a78ffb66cb6eee87eebbf54519,esporte_lazer,136.0
63cec29ad7647672c20955844b3a212e,beleza_saude,136.0
4b5ab3be3c6e52d0a7d6ba17bf6e6246,esporte_lazer,136.0
3e71aff24a7ddd21185c3d41ecd9b335,automotivo,135.99
349dcde76e42ad7a08253c7e825af897,pet_shop,135.99
2c84220fe9da006b23135d32964d10ec,malas_acessorios,135.99
d6e7ac236e583af1e1543d8068c91676,ferramentas_jardim,135.98
6f560724f3fa3fdb4940c4fd4996a359,beleza_saude,135.97
fa28f114992077c601cdb9810c5108a4,utilidades_domesticas,135.9
d254a74f52754b787c8c54f0e76d6214,pet_shop,135.9
af98356c2ad46bed20c994d7102260d7,cama_mesa_banho,135.9
976307932e1b8bc2f2da2feb7a027fc1,artigos_de_natal,135.9
7920997b359085a651b60a714364257b,cama_mesa_banho,135.9
78d7edf3fda961dc8ac6999761ba5b05,pet_shop,135.9
6e5903fa584754f29471f356634b6334,instrumentos_musicais,135.9
6b7de889f456ee35f031172d358b2cd2,papelaria,135.9
629506c6fad04664b0daf2a5105d6748,moveis_decoracao,135.9
270447c8593b4b89e594781f9f1aff84,moveis_decoracao,135.9
928e52a9ad53a294fdcc91bcf59d1751,utilidades_domesticas,135.83
3c6c586873c519088ed25e7e28362bad,automotivo,135.8
c3e275e10cfd7f3b56f7f657699cfafe,cama_mesa_banho,135.73
f1b8b583029e70fcff9db190d83b3460,fashion_bolsas_e_acessorios,135.7
29e4631be78811ab993ae12613053b53,automotivo,135.7
a6dc9ab5ad94c307903acdc50a106a5c,climatizacao,135.67
e78a3e8673e3084630444ea05692785d,malas_acessorios,135.65
c42a54d639771f80d5ea22dd39a0d845,moveis_sala,135.58
657aa59c6c58816ddc4f86c51a2759c9,bebes,135.56
96b7d9d0248d6f0f688e1a1987642733,bebes,135.5
07b6a220c2eaa7e458c5df73daec6e6e,ferramentas_jardim,135.5
52198ab6a720304fd80cac19c691a049,beleza_saude,135.49
3bcf64d8d26d6e06bd568d27fe31d8e8,cama_mesa_banho,135.49
0bc4d2de176747bbc8b5e680bfdb66b6,esporte_lazer,135.46
bfc0d01be79d9038c7720f983bf954e0,relogios_presentes,135.44
e579c56ed22a86edeb6e142d180972c0,pet_shop,135.4
23b3e6e0aafa806f323de78534212b67,construcao_ferramentas_jardim,135.4
f83c9874b5b5044ea58fef1be68c1ea8,cool_stuff,135.38
0e669e3efedd9f3ab75fcbe334e1177e,brinquedos,135.38
cd4b1bc1c7c94fdcd94b2a7a87eeb050,relogios_presentes,135.33
e306ca54c91b21392317d5b4632c9fe3,consoles_games,135.29
a822f75b08133d32f99d68448e2fcedc,esporte_lazer,135.21
259318f8df188cf39e275a77f0f6f02d,beleza_saude,135.2
f3dc2177cd7a26726dd80204c34dbb48,moveis_sala,135.18
ba461a0fdc83975aeb97c66b1dea2802,sinalizacao_e_seguranca,135.13
2ff06b0fd363bf0462e1116bb6060379,relogios_presentes,135.06
fd9bc1610a48cabefb0ef59453f7ebeb,moveis_decoracao,135.0
fa243e761ae871597627e917611eeb23,cama_mesa_banho,135.0
f91a53ddc9bba002d1f3d77e9a39c07e,malas_acessorios,135.0
f51f0dff431ac30d20b87401944b10cd,esporte_lazer,135.0
f3dbf072e817667fbde052aae313cce1,esporte_lazer,135.0
f2533dc1eb7dca7f684254fbfa98caf8,cama_mesa_banho,135.0
f1f8a9e252e1f78ae6022bb2d40c392f,cama_mesa_banho,135.0
e79755f8622cb7f42ca6f7b72284a7af,informatica_acessorios,135.0
e2cd18ee8f14173a56ae0ddbe05a9cf9,cama_mesa_banho,135.0
dedd57098474e57405e828a077012e46,esporte_lazer,135.0
de41aaf0880256b515a29b86285a45c7,esporte_lazer,135.0
cff9da3150a0d8147cd1ec0d71681858,beleza_saude,135.0
c6bdd07f0a20ccd19d51de91c1551952,informatica_acessorios,135.0
bf7e253a79f85c001ccefc2827a0fc25,livros_importados,135.0
be812bad75438bfa69480ee7b2930070,beleza_saude,135.0
be59d6c35e43e4bae41772d4b87136a4,cama_mesa_banho,135.0
b815c6ac9af2fbea9b2588de81c53905,moveis_decoracao,135.0
b751ddb6ca6ae7ecb5de059d5611b3c1,beleza_saude,135.0
b564734ddca77a1cf8aea20acd9cd9b5,utilidades_domesticas,135.0
b07d64d413a7a5f5dac72fc60b3b14ca,construcao_ferramentas_construcao,135.0
afdb06ebeca917512783bcbaa8ed28c0,automotivo,135.0
ae90b5cf5c0d5de5936b9843dfe58e02,telefonia,135.0
a80f456f25c5adc5c42db3a682880367,utilidades_domesticas,135.0
a565c2e7c2af3eaf353b14a2e82daa53,cama_mesa_banho,135.0
a4fbb3775a887454ad56b9b912b526fb,cama_mesa_banho,135.0
a0727420c4f72aa6600840eb1da0d3d1,moveis_sala,135.0
9af30b38efe5ca2a1a97330e77400717,esporte_lazer,135.0
990166f4c0d91a6cb92663b4d190ad1e,utilidades_domesticas,135.0
98e55bdc6487be7b8c32b0eb689dcb8a,moveis_decoracao,135.0
8ef8561be5799da29925c5baaf083a13,bebes,135.0
8df319d9f48776cb857c83625848367e,informatica_acessorios,135.0
876a3339df70e1a65e56eb7715687787,esporte_lazer,135.0
87600b5691804854827b5df8c04767b2,esporte_lazer,135.0
76052d3aafb407055d02120f56cc8a26,moveis_decoracao,135.0
736dbfee5f7255179bdc8327bf1e38e0,fashion_bolsas_e_acessorios,135.0
6bdd2265a037dcd0b0823144b0043912,automotivo,135.0
62a068fa5b6d1cb8015c754504a10bfa,moveis_decoracao,135.0
5db9185f3c52c4c488fd8a8dcea629f1,esporte_lazer,135.0
57dcf5497a141d23764008088c8d9974,esporte_lazer,135.0
50562cf6349c8e6b13a79d9dce87c4c7,fashion_underwear_e_moda_praia,135.0
4fd676d9c4723d475026e40aeae56957,ferramentas_jardim,135.0
419b12eaf8841add29c3503ee6cddb91,esporte_lazer,135.0
31959c80177d03b7e67c88baffa71d6e,moveis_decoracao,135.0
2fad6925ba23d76e45c9496828e62a79,utilidades_domesticas,135.0
2d3a6bdc41b55fc4a14a6e70621940d7,moveis_decoracao,135.0
209f9d016dbdb12e4fdbf57e5827fd9c,utilidades_domesticas,135.0
1f30aacc69904c0d0bf8d05cb2abef72,cama_mesa_banho,135.0
1de1332e38dc2f575edfeae165edea4e,cama_mesa_banho,135.0
1d1183a8de24782a216dc5066d7421bf,moveis_decoracao,135.0
1acb18fc869c5489d5f76abcd681165e,esporte_lazer,135.0
11cf21fc07b965dd7f4bf7a2c3e5f1c4,eletrodomesticos,135.0
da2d3c0905cbb6888fc1ca9a18f38ba3,cool_stuff,134.99
b58894ae62ca975959eb3a8d4c8f4f92,brinquedos,134.99
a294436012a512193adfae667b8465f8,brinquedos,134.99
8f0ff18b3c249ca69a6a4c6571e38335,cama_mesa_banho,134.99
86513cbf63bb505ec42c62b661324672,cool_stuff,134.99
6d97e5cb4df5111845c6aaafba7111ca,eletrodomesticos,134.99
30364952b2a2bd659cfdda1b5112358c,cama_mesa_banho,134.99
2f0ea37228e35c052271f5617038986b,esporte_lazer,134.99
f5a9be6a5b9fbbd35e67c6883914c1ab,perfumaria,134.96
420575f8e2c456d57fd9ea8fe99090f9,cool_stuff,134.93
f9549e7746c357cc4228720985abbab2,utilidades_domesticas,134.9
f3412532ea4da687eaa6943639812bc3,fraldas_higiene,134.9
ecb050847b3d0db36fe380cf68ad02b5,automotivo,134.9
e85d91619b497e98754390b6198a9818,bebes,134.9
d19284bf0893e07e80c26fe4ad33458e,moveis_decoracao,134.9
c8cfa622661e047ea2499f8bce4731a5,bebes,134.9
c5fff00bf5f821911d676badbb286675,cama_mesa_banho,134.9
b83738ac1903f7c8f0ed378cb085909c,eletronicos,134.9
b808914cdb615d812fd24aab699cf952,cama_mesa_banho,134.9
ac0878b52e5945bdee454c4115c40f41,bebes,134.9
a75142054d1e335a68625bb7f3c2f130,cama_mesa_banho,134.9
98fb14af0b841908695e1e8b4db1f4f9,automotivo,134.9
95d826ad9085b17f440392512675699f,automotivo,134.9
8603fd58099e4089e9811dfffe1d5ea2,papelaria,134.9
82f0d5f5a4d52cf6ca68a2080bdd0d02,cama_mesa_banho,134.9
7e67ad012ae8e50272b3856ec8e63667,cama_mesa_banho,134.9
78304982b107fb026e5e9a4a1f48acae,cama_mesa_banho,134.9
64673f20839446c1eb744c7d5c299db7,telefonia_fixa,134.9
6113c803231ccd88d4f0d30cb9b3edec,cool_stuff,134.9
5f698c146787891b6b3023648609ea2e,bebes,134.9
5c02e160e085328cf3228d73bf180342,beleza_saude,134.9
5a21af3df2589bc171197d1e388dd1e1,bebes,134.9
4e0854d426b0556ba1956db5e058f0da,fashion_bolsas_e_acessorios,134.9
4cc5551420f5d33daee6924b914125cb,casa_construcao,134.9
41b7b870b6097bb62f462bc0af141d0d,moveis_decoracao,134.9
3de0d67f8e1faa3e8f18906cdbc8b6cc,casa_construcao,134.9
386f49ab30388daa04bab06228b3ee96,cama_mesa_banho,134.9
37246960437c4a40a03c40f0ea2e957c,cama_mesa_banho,134.9
31945c8811d04df20bf86224210b4084,cool_stuff,134.9
306e6b5dda3397e4a9312f94d82565b5,brinquedos,134.9
303209077202f6ac32714e683352e4be,esporte_lazer,134.9
1abd8922e3c02c26ce30fc4f627158fe,brinquedos,134.9
144eebc150ba34b9f44f761513b5a394,automotivo,134.9
0fca2bf7fe83539c429a0357389333e7,artigos_de_festas,134.9
0cb8c29f963ae2069fcc3afe95fd93c1,brinquedos,134.9
0a5a2b08a41a3a61ee984c9445891098,papelaria,134.9
062d69b626c072fa369799d0018c95d7,relogios_presentes,134.9
37055d9442bfc227231d5983f329ff9f,market_place,134.89
3006b8f5b476750a03137c1b2755cea1,informatica_acessorios,134.89
060e9872b582bceaa83d520807008f1b,ferramentas_jardim,134.84
8e7ec8bbc0989d1ccbe6971f239eae9a,pet_shop,134.82
4fe43f61e04cd41cadc3bebf606fe77b,construcao_ferramentas_seguranca,134.65
9e19e45edbe26eb0f394152ec76da4fa,construcao_ferramentas_construcao,134.64
7a585ae6a8f9d910486651811c79f6b8,automotivo,134.57
cf82a4158ba3a1135ca9618d4ad1b204,cama_mesa_banho,134.55
a1fcd4b731530eed7fa5531f3f0c2fe0,cama_mesa_banho,134.55
ec74982f2c5381621923b6b704605624,pet_shop,134.5
3eaebcf7b4fceb70d8e052e8ef653415,papelaria,134.5
0a63240129d538ef9bf6e5c0aa8925a5,casa_construcao,134.5
a12c02e04fe31b34937656a5c5114a7f,automotivo,134.49
7bb99ab3c33719ecee18ad4a8036e705,automotivo,134.49
349b69653420b6014582513d4ce6c934,papelaria,134.49
d51e2b908fe3ce35d84e77bf5da363d8,fashion_bolsas_e_acessorios,134.45
04f352bc78b371f4392b0077d5648de5,brinquedos,134.45
9cc8a90a8f8b6a7b56a486b612b40efa,esporte_lazer,134.42
fabff014f52a6bfb8d46666506ef416b,automotivo,134.33
d918b3f4aa5272c2c3cd088d087ca069,esporte_lazer,134.27
28dc766929435d5a8555ce85e2f82667,eletrodomesticos_2,134.25
d22f287512fb5bda6efc5c8e6216c6db,beleza_saude,134.2
9523f1a3e7db9e38d55379435bd450c9,bebes,134.17
7c0a2a31bc479e366fe9fee1f5bc62b3,beleza_saude,134.14
73bcea88583002fe12b7399af4ae60da,relogios_presentes,134.13
f032eaa3a45e2f8093255251a93efa70,esporte_lazer,134.0
b9055c6417cea84a8198fec56ff6148f,construcao_ferramentas_iluminacao,134.0
a8b0dd2c57b49b649373ff5a495a697e,informatica_acessorios,134.0
9c3eb520c98b5461454930ccc3c5be7b,cama_mesa_banho,134.0
63955fd9443dc0f492c2e146c343bf93,cama_mesa_banho,134.0
355e78eaf102f03855b48498d1b7e996,brinquedos,134.0
1b90de90abbc056f24e0fe3c721a88ee,utilidades_domesticas,134.0
19652da3a9b3cf78255f933ad658ed72,utilidades_domesticas,134.0
14814051ee1f5b23865b40f70a259d59,cama_mesa_banho,134.0
0587bd8ea43108a16104b1430c15b283,utilidades_domesticas,134.0
db8ed3d08891d16a2438a67ab3acb740,cama_mesa_banho,133.99
50805a148492a9e871186240363cd2e8,cama_mesa_banho,133.99
389dab2c3ff642d27fccf64962be5d4c,cama_mesa_banho,133.99
0e62e9412bc4636f89f83b9dc9dfd897,cama_mesa_banho,133.99
5cbca81261e661159b5a3e6025bffba8,perfumaria,133.93
ee3e94e918d05a5da04a4cb547e91dcc,informatica_acessorios,133.91
ee47f3323aacfeba9e122400e5200fe5,ferramentas_jardim,133.9
b0d010ca0b17fe7e3587343f2c68be43,perfumaria,133.9
8ea469fda50c1d63e15ccdeb9afe170d,utilidades_domesticas,133.9
8ce0b48cdcc4b753ae4de64497998338,telefonia,133.79
4c1d9c97a7245db3b8d7a32fb4c02286,livros_interesse_geral,133.73
d1fd2ceaad67026458fe610f27c4c7b2,eletrodomesticos,133.69
046cf43a5b63303b3c3c4ba076d1d732,beleza_saude,133.67
ff415a8a6bfbaf8244f4ee0c7c30d905,brinquedos,133.6
ed3f40dab41c0bd6f688e3e3f846b893,brinquedos,133.6
11b0cf6be60c190c8485edd39f8f9dd3,automotivo,133.6
93b513d693c7e922381d6aec80dfb639,esporte_lazer,133.48
6afddd846da3dd77e807fb9af5930aae,bebes,133.45
08370229eb4e5ce898bf2348a356b7b2,eletronicos,133.4
1a405418406359cc2b8815f93bf359c2,esporte_lazer,133.38
6c75a613c78086bc739497cfc7b14f7f,esporte_lazer,133.33
70d105fdaaef81ef28419e11afe0372c,cama_mesa_banho,133.32
a537bc52f4b925ec56cc9937a7601636,cama_mesa_banho,133.27
8af4a717d0442a5fbe332dc587583296,moveis_cozinha_area_de_servico_jantar_e_jardim,133.23
54f45413afc0d5480c59f5dfeed2d19f,beleza_saude,133.23
45448d98662daee2e5ee969475a90826,livros_interesse_geral,133.23
4228398e19ac96e84e14924449bac556,brinquedos,133.2
07d78aaf21af9a0d738b9da323e3571d,automotivo,133.2
c9a5cd871df02fbd050ef58ef9a64510,cool_stuff,133.05
a92044ede94468b593b5e4d92498f6c1,moveis_decoracao,133.01
f6af530ddbadf0aaa7203f45880d760d,esporte_lazer,133.0
f449d5919390268a18a8c424e3a62dea,esporte_lazer,133.0
eb8dbe7d2dd22ab3547925e49a78feb3,esporte_lazer,133.0
e224d922abe83aaa3e7c47962cbbe1ff,beleza_saude,133.0
dad26ceb001cd2ad238e30d744bd9aa2,esporte_lazer,133.0
c81ae6207142d6d844dfe928e7e51b04,fashion_bolsas_e_acessorios,133.0
b8077b05c6b4d89a64114fd0c71d0097,automotivo,133.0
7e99ab6d9d5d63b0190513103bdc1188,cama_mesa_banho,133.0
79bd832302282bb4f305c5947c2bee1a,cama_mesa_banho,133.0
7721e900ec7c13b0746e461917604aa6,esporte_lazer,133.0
613a1da144b1ad65ab2cba8d417ad350,audio,133.0
570509b6d981370031c1f839592a1be0,utilidades_domesticas,133.0
49e038a7b8ba2e18d9a7a26c1f238544,sinalizacao_e_seguranca,133.0
085f9fe187c082982f23152f97f4e0c0,cama_mesa_banho,133.0
40876e499870e34fccde7cfb266a987d,construcao_ferramentas_construcao,132.98
779dd392d4fbe5ca656bf3ceabecbf0b,construcao_ferramentas_construcao,132.94
829e27d905ccac1f24f6dd5c5898de89,utilidades_domesticas,132.93
368e069951582162e3d1d2151051e978,livros_tecnicos,132.91
abba23912bdeb1990bd1efa30d888384,relogios_presentes,132.9
a9b7f02ab7d9c64b4aa0ed31c74fd1d6,moveis_decoracao,132.9
a21db7596e9fa3a147b6aa6c7c57c60c,brinquedos,132.9
9dae52e79d63184a0b32da87c5aabecf,relogios_presentes,132.9
874337e889ebccdaf2ac1f132818ccdf,pet_shop,132.9
5c221d7a454aa9da974e1685157d8216,beleza_saude,132.9
3f40e0e434d939f380a29f5e863cfb9f,pet_shop,132.9
05dd4bacd8cd34a33815b90b38176a69,cama_mesa_banho,132.9
0554df77f3ed2e36e06c60eb65dc357a,beleza_saude,132.9
5804729aafca1ebee7b26895d830586e,utilidades_domesticas,132.85
50f1880f1989251727fbbfe8c0a346a6,cool_stuff,132.85
e11f4a093cbabf75a2eb06a5748bf359,esporte_lazer,132.8
8f83335d6508c667813ff14dc437bc81,perfumaria,132.8
b4bcc9155de9c60e343ecbff22b86dc8,cool_stuff,132.76
393564b0bcdda0d8c4ada9d780ebcebe,cama_mesa_banho,132.76
f50df9b142a624bf4c4d8495489a207e,brinquedos,132.75
c0315bd17c58be3dec2bd04dd4233b7e,perfumaria,132.66
abaa4c2633cbc40dda16b575531db57b,relogios_presentes,132.6
a3ceb95649a48c0c54ae4bd1dd66d035,telefonia,132.6
81e32892fb8587aa24b175d42bb6bfcc,utilidades_domesticas,132.48
aa59c9e7a89f70e05e190130174cd4aa,esporte_lazer,132.45
3e068f21ad721826461bfe93ff04ee59,papelaria,132.4
009c09f439988bc06a93d6b8186dce73,perfumaria,132.4
3e4176d545618ed02f382a3057de32b4,malas_acessorios,132.38
041022915a950ec95b761b690ddb6b24,cool_stuff,132.38
44feb28a74abb0f2f303412d60160750,livros_tecnicos,132.33
378f61e89b6c50bd26a0a74c6ca046f0,moveis_decoracao,132.33
cc03fe412a0cde1ba3de9ebbce01adde,beleza_saude,132.27
f3dd572f31692bb5b6ab21d2af0673b1,cool_stuff,132.23
3425f911c976bb4f499d02aac8cf4a96,moveis_decoracao,132.2
23c6236434e58c6519c19e56c2dade45,esporte_lazer,132.04
163302a9e5ed53e2b3062577e254ce16,informatica_acessorios,132.01
fdf9ec5852bb18d630e683e3c796972d,utilidades_domesticas,132.0
9b20328274686c13d92234f6c1447c18,beleza_saude,132.0
7fd2dfb9d85ff5f61bf8d9abf82014f6,esporte_lazer,132.0
79b45f6fe16c752af64c050de4566693,beleza_saude,132.0
6968d8e58726cfe8f9677155ffc6b251,beleza_saude,132.0
636f5be2cd52da4047bb73b7b15329e3,audio,132.0
3ac233805cb3141450d80bfc775929e3,fashion_bolsas_e_acessorios,132.0
33900d427fa4bd3f509cdacda72e84a3,la_cuisine,132.0
135679c12dc580ad4a0c87b494a46942,utilidades_domesticas,132.0
0d954479e7991c06d35202c130844b57,informatica_acessorios,132.0
ca0934a412295c936586b99c0254e067,beleza_saude,131.99
8a8ffceebd3e62e6b982760275d38128,beleza_saude,131.99
071b82cad6de748755bb587ff3feec2e,cool_stuff,131.99
b1f51d216c9062dcc12ab42462293ec1,moveis_decoracao,131.9
7f7da198305ad62091daf841ed6acc6e,cool_stuff,131.9
5d43da09d9bdd70109b2cccd41632a06,malas_acessorios,131.9
55cbb9dbf16b1061448359e18094e75b,esporte_lazer,131.9
13c1b4c5f9f4eb68afa4132342e73777,beleza_saude,131.9
0b2d8323940867a9979b90f7692dcbc0,ferramentas_jardim,131.9
ec02a5d380128f7a188e9ce8f3ddd832,cool_stuff,131.82
b13899910ed51e5a0e45b71c21c46606,ferramentas_jardim,131.75
17878434ca0082537806de545c2f0351,informatica_acessorios,131.74
916bcfd7e756e0b65372da1378d1c125,livros_interesse_geral,131.73
d75fe2da6eb275eafad5535fff7a2005,moveis_cozinha_area_de_servico_jantar_e_jardim,131.67
64b4f32393cbf55be791078e7a2adca0,relogios_presentes,131.49
ba091f760e02c4b603a0a6a52c2d31d8,automotivo,131.4
5994a2fdff4b0f9ca4376c4226adb442,utilidades_domesticas,131.26
8ad94542132b0e6ff0bc2fd20bf4353a,beleza_saude,131.25
57f90b6fc66c06410e02e8bacfba79b5,beleza_saude,131.25
024553ca83fc6e9ec93f5a9c823d1834,beleza_saude,131.25
c99666957e5d14717bd1d5ba0fd33f53,moveis_decoracao,131.15
9165e7a5f9ef266f66ca19a816cdc657,cool_stuff,131.06
e19c8e70d39de9646d64163a66051797,fashion_roupa_masculina,131.0
d458378a178cd7cae60052319cebf235,papelaria,131.0
bdfe450775bde583b7abb5698f1bd6e2,beleza_saude,131.0
99bec487c37782c9e5e20d455970f5f2,fashion_roupa_masculina,131.0
9741b01d3911ec9a565569b19d533bff,moveis_decoracao,131.0
66471e25b47c629da4dae1bc0a52c427,automotivo,131.0
348ea09800ea8b415f488cef882bb755,fashion_roupa_masculina,131.0
32fcefdea166b8a08f869ab8e6e29086,utilidades_domesticas,131.0
e2961afb6ec0f6dc9220d37ff20aaa82,automotivo,130.99
c58fc7dab2a718f8aa5522dd57c2b18d,cama_mesa_banho,130.99
23206e13f48ea61c1ce141465951d74f,cama_mesa_banho,130.99
78f29023586e374cdc3773ce0af6bd2c,construcao_ferramentas_construcao,130.88
5b8423dc7f23089c9c59c5d140eb5a1c,brinquedos,130.88
e751ef808163a46290ab3b4cbd70b6ad,moveis_decoracao,130.83
576dcab3751246040666eae5a0bcb315,eletrodomesticos,130.8
4d5bb93bfa70f67cda10b1428f2a252c,livros_tecnicos,130.8
f5658e149ba52ed798f5c8d00c038a7c,relogios_presentes,130.79
90948d9a060616a06ed14846f7f1749c,eletronicos,130.67
3a7c9b0413d7b9cc7f4a18318fc5afb3,cool_stuff,130.66
16007704980fa90718364a0dd747133e,beleza_saude,130.57
e6746d9281278108ca3319c4f0e6d05e,perfumaria,130.5
bc14c71396065a78e05dcdfdfd4cecfb,pet_shop,130.5
1e618d311a1b7f88a9d96ec50aa85582,utilidades_domesticas,130.43
a38b238734207eeb0388676235cf56ec,relogios_presentes,130.42
dee88ebd74f8109d7dab6d12d77a7a64,brinquedos,130.3
fc8595227785863846b7daa2ae3f2c9b,beleza_saude,130.2
d4eb057c3dd5e4c9513bb461e9bb8ae1,esporte_lazer,130.2
ce3f4e32708399e3b18c71120beff50e,perfumaria,130.2
f6fe7aa38a197e6e9c4f000f1d44b24e,automotivo,130.0
f25de2089ffdbd1c151d1e971b67a928,beleza_saude,130.0
f020db7bfbac6214f8dc51b753800c5e,construcao_ferramentas_construcao,130.0
ef294607deabb11f3a073420257ab579,utilidades_domesticas,130.0
ebb4f25d7c40bb0db47874a03edca0a6,informatica_acessorios,130.0
dff4c23e8bf1e78f4a793d8f76c7608c,informatica_acessorios,130.0
dd8af0fcb0e10a6618ebfeaf9a988a34,informatica_acessorios,130.0
dc88749b92c7dd97a89577f11aea8c3a,automotivo,130.0
db1410474e61a057cffa687656918ddf,eletrodomesticos,130.0
d68e8addce6282d07c77214c6acc8885,automotivo,130.0
d2d6efda8da17405c017f910e61d8bbe,consoles_games,130.0
cf77fbd3b6f8bccc81829127933fba77,beleza_saude,130.0
c9fc5ecd15b368991441c9f12d4cff43,automotivo,130.0
bfa64d725aa1ca8be0202f5d93e13f6f,telefonia,130.0
ba7bd7333b4f0c78d1c1e1693a4f97b7,informatica_acessorios,130.0
b205c1d9481d550412cbac291356e234,malas_acessorios,130.0
a7ca7fd9bf5015bfeecc4010e8fa4ce7,bebes,130.0
a71f212d0b63c6c197437b928234b8bc,livros_tecnicos,130.0
a5917b970f3946ccfaabbd8599108ab5,eletrodomesticos,130.0
9cc0259ca653fa86df45978b3791b155,bebes,130.0
984a3b9f9bb4c8feb319da951212696e,cool_stuff,130.0
868ceb027ab706a4dee42e2220006b85,informatica_acessorios,130.0
7ddb76f2c7237acc852358b95e7946a8,papelaria,130.0
6f9be3cc1d2a7eaa92b86fde15b93ac4,perfumaria,130.0
6f1ba20b6411eca7f07ac5cf26381d80,utilidades_domesticas,130.0
6d0064c2c27664982756ef1dabd3ba8a,beleza_saude,130.0
6ca32b4631431cb1fe976880797a0f5c,pet_shop,130.0
61e8dfe8d80294860f85e9f5cea7cceb,automotivo,130.0
59c2f10b8a2fb03ed30afa9bb77c9b9f,livros_importados,130.0
519693b7e29749ed7b6ad60cb07b9400,,130.0
4bf205e4dc4e2c6b258e1ec0e2be9367,cool_stuff,130.0
3f9db4ff95890df33167856d315a05bc,beleza_saude,130.0
3ecdc0c6f18cf5c74f2b2e11c23ef462,beleza_saude,130.0
3528876f41132ca5604b505343619412,informatica_acessorios,130.0
30e538a84e5ed6276d0ef5dc07bac435,beleza_saude,130.0
2c19582c3eea7a6f53a30dbe0a8ffa7e,climatizacao,130.0
233ad2cdae25fbf46f0d090b678d23f4,market_place,130.0
180534717d1776626e418844a26a7c8f,relogios_presentes,130.0
15e71ca2be5a30e15c92ab4b36450571,telefonia,130.0
14296885533b327c1168b7940ae2bdb1,eletrodomesticos,130.0
10c2160beca6757676b447aab88e5129,informatica_acessorios,130.0
0d86df06a3a526cbe70d2e56c50a0b7a,informatica_acessorios,130.0
00e4ded51458037ecda216453eb79d3c,informatica_acessorios,130.0
fca5d31cf768e5bf8a75483fa7f4674c,moveis_escritorio,129.99
f2e024d05f3ba35de72a41c503d819a9,eletronicos,129.99
eb54d6afabdf1f96c248b81dec8f180f,consoles_games,129.99
e7ef7e0bc312196681f8304cf7ddd92e,automotivo,129.99
e672fbe634ad07cce9d85f412becb2c0,cool_stuff,129.99
e40c9663823a220588b8f0c552ff5c03,fashion_roupa_masculina,129.99
e2055b97e82d54729173aebed46123a6,construcao_ferramentas_construcao,129.99
e189be46c3e52f23ebe8a520e59d2c46,fashion_roupa_masculina,129.99
df925953cb7bc9b32e2df8d24afc25cf,eletronicos,129.99
d4f91ac96799dc3d9221293e29892e30,brinquedos,129.99
ccdc2cdf7a30f11bbc65d90c630c5e86,beleza_saude,129.99
c77abc8a8f4b7b1aa8a9bcdb48fdcf3a,cool_stuff,129.99
c10a7001e8b49dfc03817444b5f2ed81,relogios_presentes,129.99
bebcffeb66bcb8af8112dba655b1c1c3,utilidades_domesticas,129.99
bd3a02d6af913ac8e4c07501e2a13dd5,cama_mesa_banho,129.99
bb4f8cfc76a66cb770208b2c1d2c6269,esporte_lazer,129.99
baeb8e1a680cf9e1f13557d74b6cec3d,ferramentas_jardim,129.99
b59fc0a170a01469b1a02ebbc6e6fb81,utilidades_domesticas,129.99
b40f2e02089486d971fe39108eacc283,informatica_acessorios,129.99
adaf53b4c04b9aca88c0f5c9ba4c3880,automotivo,129.99
ac23312b29784c30304f2ec719891690,esporte_lazer,129.99
a92187be87fdc3bf8079f30ec9b151f4,fashion_bolsas_e_acessorios,129.99
a8177d9ba119fc738d8c3e06c6197106,livros_interesse_geral,129.99
a25a9e3433043fb8a0808f310d8d8203,fashion_bolsas_e_acessorios,129.99
a08ffa6ecdd0ab3c1f4fe348acc2553b,,129.99
9f539788ca1a54b65b430fb7b346a1e1,cool_stuff,129.99
9d47dddcc5eb825534e212b1b927385f,fashion_roupa_masculina,129.99
9a3ba846b3c74a316408ccf07a40374b,perfumaria,129.99
92291ca5b617b6ee1259736eb5ad114f,construcao_ferramentas_iluminacao,129.99
90ba8b896e0237e45804c8da0f058dc9,fashion_bolsas_e_acessorios,129.99
8d72bd9268379ba4f39affd5ac80ac39,cama_mesa_banho,129.99
83b9bc6aae6f527ff6aafb9e01d6cbf3,brinquedos,129.99
82f03c68ad0f694bab78643d0ff8c67f,esporte_lazer,129.99
7d8f983b213d00e33e83aeabe1ecea40,cama_mesa_banho,129.99
7b9b39b222adc797a65032aea85e3395,fashion_roupa_masculina,129.99
7715f7da32957a84ad267799121a90e2,perfumaria,129.99
751a90669988d4888aa82a198870ca47,fashion_bolsas_e_acessorios,129.99
72018b95e99f49156551362f086b62a7,cama_mesa_banho,129.99
6fd3ed85c5487d221849813b3552aae5,,129.99
6a061bfb29801343fcf5bf10207409ad,brinquedos,129.99
6739aafc60d0a6e50c6e050d5a987350,brinquedos,129.99
66b4cbf7d9a6926661daf377dab0d697,cool_stuff,129.99
661d83b6b4988942aa9b449b57e12f81,brinquedos,129.99
660fc6f47144a19180d7309e37155f1e,fashion_roupa_masculina,129.99
5d83f43544c29b5d5f522ee9955e2043,bebes,129.99
59dbefe045e850ce6df6b1fd5dce14ba,pet_shop,129.99
597b41d8d84933e89685ba67a4d595b7,esporte_lazer,129.99
591f652fcfefc35a0e6f10b0371a63e1,fashion_bolsas_e_acessorios,129.99
4c4a683ed26e07635c1be832f48df0ae,fashion_bolsas_e_acessorios,129.99
4c283386efa95fcc42ce7a7000afb0df,perfumaria,129.99
49dbea290802d8ca27cfebececcaa1a2,cool_stuff,129.99
3f9609072abcb4b849b1f901663cc08b,informatica_acessorios,129.99
3ef9c686c9865f2cfe88cd7f9976fd38,moveis_decoracao,129.99
399656db7a0d49d36300b81120bffeb1,cama_mesa_banho,129.99
36ed077d2f4915bc4bd14ead16a028de,alimentos,129.99
35b9e8c317cea9e313573fe8cd9af9a2,relogios_presentes,129.99
3594011e47b2648b3719447aa829a96d,cool_stuff,129.99
31c50827b6b5d0f51d61c8b2aa98f6e6,cool_stuff,129.99
2e7c89106453cfffae2446ab3f7c31a5,cool_stuff,129.99
29a42e500c8eae1e055a5ad893b46119,brinquedos,129.99
246d85d18978e56d249ebaf657bb44bc,cool_stuff,129.99
231b36f9858956ff85f4e71640188ca1,cool_stuff,129.99
1f78ffcfb88226a0905e335084c1fa5d,cama_mesa_banho,129.99
1e05a019251a285cb2e56c69cfad766b,brinquedos,129.99
18c2db7204cdc97ff47fb6727bb1aa19,beleza_saude,129.99
15f47d3a8c0c553dc9aba3d2d5dc88c3,fashion_bolsas_e_acessorios,129.99
1347d4320dcd0acd750e37bb3d94a918,eletrodomesticos,129.99
1226cd37bd51c6407009e8fe54f1cf29,brinquedos,129.99
0d2f2dd7132f16be810fcf84fde2d1ae,bebes,129.99
06944e4b10483df8e37fe55990a0ba15,utilidades_domesticas,129.99
0105b5323d24fc655f73052694dbbb3a,pc_gamer,129.99
6d637634f7ac8e9bd62dcc5fa03e39da,utilidades_domesticas,129.98
14b47a66430c89500f18cdaaef9e0c21,brinquedos,129.98
10698a66d71ebd12be9e8c39302c74b3,pet_shop,129.97
08958eb11767450566d8328f3f1b63b0,utilidades_domesticas,129.97
a7e03f1bcebad9ca43f8f4dbda9bc1b6,beleza_saude,129.95
9e732d38cfd6517373ef04c130323aa6,casa_construcao,129.95
8acbb05460d726307368e3fd43470285,casa_construcao,129.95
7c2de4db4b4bbf1bf34d1051536313ae,casa_construcao,129.95
74006af1917b5e79f78f35767fa221ba,casa_construcao,129.95
328818bbb9f31efcf6a2b39ce8724ab6,casa_construcao,129.95
2584d5fa1ac792c8c26168eca51bb4d0,casa_construcao,129.95
1b93af229a5768eaaed2064722b1c1dc,casa_construcao,129.95
ff4580bbb95dbae914ec0a9b76b0a5c4,perfumaria,129.9
fdc52cfa6830ea1f04bc31c0939b2357,audio,129.9
fd37eb547d2c63b60bcefd68951ee54d,moveis_decoracao,129.9
fc8b21a0fa8ae9622a79bd557b380961,audio,129.9
fa64259a73edf6f724b7ddf23aac1bb0,eletroportateis,129.9
fa2d929efb6b3c378099488dd6b02ca5,moveis_decoracao,129.9
f98d3e02315756bfd7a525732ffbb6fb,utilidades_domesticas,129.9
f47aba0548334576be219248646ff695,brinquedos,129.9
f3bde27c919cb7c36862e42cd52773f1,brinquedos,129.9
f20ecbadee5c21ee0f8b35381c49f267,moveis_decoracao,129.9
ef7bac3fcd96b1f97400cb9cf17902d8,brinquedos,129.9
ee99026a2d04ff2294f42f8cf337029b,ferramentas_jardim,129.9
ec90895370885d025efeb8e72e7fa699,artes_e_artesanato,129.9
ec43500eb99241b5278775e78a38dcea,pet_shop,129.9
ec3a3abf1c577856f4dafa59c126dccd,moveis_decoracao,129.9
ea17b2137544a3b0a3eaf107887472d9,utilidades_domesticas,129.9
e976121c90262b3c9d173aaf4e03096a,esporte_lazer,129.9
e9194103b1566094214eafb456b976c8,beleza_saude,129.9
e8cbef97b4aa646fb8fa170f0da01b5b,cama_mesa_banho,129.9
e6f7ac15692aee63b79778de70c3d9fa,beleza_saude,129.9
e673e90efa65a5409ff4196c038bb5af,cama_mesa_banho,129.9
e3b7ea73578fb43461cad7899a007f7c,moveis_decoracao,129.9
e2b8ce9f84328811476c63fc9a49762f,esporte_lazer,129.9
e0df353ed6d11a723c8046c7aec42d62,brinquedos,129.9
e0bf01f7bf9a2581d5b670edf6252aaa,beleza_saude,129.9
dd9da9cbb4e0c6fddd01b0d8839f3e77,moveis_decoracao,129.9
dd7a209a646c04c176d7e9e9c855eeac,esporte_lazer,129.9
dc60806ac9bd914a0eb467e756c0ff3d,relogios_presentes,129.9
dc448e6ccff3210312c96e9fad49552d,papelaria,129.9
d8a4f1d4d25d65f4325df92439fbb248,moveis_decoracao,129.9
d791e6e94247e3655aa849b1d4d7d2c3,cama_mesa_banho,129.9
d7252737cad49d030f9ce83b50249120,malas_acessorios,129.9
d531e4f4234b93eb3d8efc4a53f7e7c1,casa_construcao,129.9
d4b07c2026024b816cd6685fd312cd19,cama_mesa_banho,129.9
d32f22e03fb01595aa10383f4364d303,construcao_ferramentas_construcao,129.9
d2fc2696871ca6b94af5deb0a8d5590d,livros_interesse_geral,129.9
d25939c0074d27039e0e544878f12372,cama_mesa_banho,129.9
cf262d646b27e22488de0494b5d08da0,utilidades_domesticas,129.9
ceb9134650bd7cae74affc51800f309a,beleza_saude,129.9
ce4748dc1d048c720beb91fd9af46968,utilidades_domesticas,129.9
cc23781d58ff64842afc129409521776,moveis_decoracao,129.9
cb0fe29b88df5b43cb3d434b6b0e8db4,utilidades_domesticas,129.9
c9bd28e8a4220af0723c7b7f97778681,informatica_acessorios,129.9
c9a8800476293bb678ba46cf7df04460,automotivo,129.9
c50d3caa214edb26f1000f949b5e46e4,utilidades_domesticas,129.9
c1678a85525ac9b08eb174f36a1d944f,moveis_decoracao,129.9
c11485ba18bc927ccd486e58eaea6ef0,moveis_cozinha_area_de_servico_jantar_e_jardim,129.9
c0affe12cfb270f60fdfd2eef4905a2f,automotivo,129.9
c025fc620500ff6e9d4a169cb7aff42d,automotivo,129.9
bf2ccdfcde5e9644cc41491d56f4921a,cama_mesa_banho,129.9
be7bcd2421313e6b35f03717b13f5ff3,beleza_saude,129.9
bb7c4f517d04b6b36671d63ef0f198b0,moveis_decoracao,129.9
bb5f7cb699fd0467c5d6289669df9510,malas_acessorios,129.9
b9de40e43fccb6ba53b7eadbd5c49077,utilidades_domesticas,129.9
b99aa566793f3b99ab8bee7b285221de,moveis_decoracao,129.9
b8fd372c103037c02e9898f76ba0ab4c,cool_stuff,129.9
b72e63f4630dcaded1689b28efa4c583,brinquedos,129.9
b62a3631a65d7a467406d6ff547c37ac,perfumaria,129.9
b59cf7db0bc7ebb20a80f1ea335194b0,beleza_saude,129.9
b4b48db403b9792d92330c4a79262763,moveis_decoracao,129.9
b476230a04eae3e3bfdb0be6b6d61556,cama_mesa_banho,129.9
aac347ae582fb6041aa2ee59b68a813a,cool_stuff,129.9
aab5e2a4e6a2434fb61e694ed85a9888,papelaria,129.9
a9d70f6d031016d058af905f309260b0,,129.9
a632b5621f2a0e69800b6d491f5a20e9,eletronicos,129.9
a5d89252158ff2fc7effe07dcffbbc14,esporte_lazer,129.9
a5a96bde429831b98e34353c0645a103,informatica_acessorios,129.9
a427f68e3f088a7063c2c577537076fb,automotivo,129.9
a2359ef18f03db4e53c75d8c15172cfd,moveis_decoracao,129.9
a1d7fd9726f3447e898828befde19e11,moveis_decoracao,129.9
9faa5e4f81da9a1b33f8d8f3ed90e89a,papelaria,129.9
9ee8c8a931dd4d34148aa31f54ee93c1,perfumaria,129.9
9c3e26b41db239c14312aeaeb1e2abc9,fashion_bolsas_e_acessorios,129.9
9ba7a2e6df6dbaa83fe78f9b4ea0b3fa,moveis_decoracao,129.9
9b8fae0d687fadb80a75aef40ea60fc2,relogios_presentes,129.9
9b887ea9c5de0f08367e5bd0e48a4c0f,pet_shop,129.9
9b199d3982e566889a35509682da2435,papelaria,129.9
9a8aca8148bad37bbe7baf1f0564472d,moveis_decoracao,129.9
9a53219f889aa616af7f732ed9aa3fad,moveis_decoracao,129.9
98935aea5a6ca26c5d8cd205a97c98d1,papelaria,129.9
9644a7af60743efbb41bd30c624799c5,pet_shop,129.9
952d57ee94f3a9873bc70d9789a21c8a,moveis_decoracao,129.9
93a5fdb44a53e09f4a7d659420947201,relogios_presentes,129.9
91f2cf69ef0c8fa7d0f98492e5fd8c45,moveis_decoracao,129.9
8cc939634b5bc1029a1aa5fe945b8666,esporte_lazer,129.9
88f2c10f7a675e2f7e5a00ec528d973a,audio,129.9
87de61f4132195b028aa9453616116cc,automotivo,129.9
853b7c31821aa0c07455104dd026a958,esporte_lazer,129.9
84a5ff7347e4371b23168a1b69f2409d,papelaria,129.9
839e7452bfc0760da3a1b10477c43172,consoles_games,129.9
817e7f7aeb6d2edd3000b35a1de238f0,cama_mesa_banho,129.9
8038040ee2a71048d4bdbbdc985b69ab,cama_mesa_banho,129.9
7ebfa7cf67d9f95fff4e249db002e46d,esporte_lazer,129.9
7cfb84c1323fb861a17478de42b1839f,cama_mesa_banho,129.9
7c10008aef9fdc1807eb46f191a8ce16,esporte_lazer,129.9
7bd043584ab4b147b9b19d9e97b299a9,moveis_decoracao,129.9
7aa5da3ccd8f2addeb39eac7ec266e8e,livros_interesse_geral,129.9
798e4e153e7141eb95d330765208c63b,pet_shop,129.9
77a5af4a7d2e2717af0999f7dd0dd046,malas_acessorios,129.9
76d58c2f53f7d340cb9fe2d8514e38ae,consoles_games,129.9
75285f54a9546fb99e970a15b52e15b6,esporte_lazer,129.9
748fec9ebeacfa6835fb4d6894c49869,beleza_saude,129.9
72ef2864978e354bc54f72073b13f17d,informatica_acessorios,129.9
71aa33d57a832e38f213d7ed6bad3841,papelaria,129.9
6f57ca539fb6b20b79a272e17194d9c9,beleza_saude,129.9
6f5795735ab2c629b22669fe889b7903,utilidades_domesticas,129.9
6e9f9e5e78ff92b0c7ea485b416682b0,eletronicos,129.9
6dad2488df2de36fedd0b11be097c346,bebes,129.9
6856ab01ef22301e08a45d5842ccb247,cama_mesa_banho,129.9
67639b8cb7f4b8c431ed4c48a76866e0,moveis_decoracao,129.9
6743e2040ded41c39d0df37e1ab6667f,cama_mesa_banho,129.9
66f4a4e7df716d7d67d81496ccc1ccf6,esporte_lazer,129.9
64118e924b5de8663f5cb1caad0abff8,moveis_decoracao,129.9
632ba0c3ace598871c24c49380796d57,informatica_acessorios,129.9
632921e8d6c6b23ae47ff20950a56854,cama_mesa_banho,129.9
630822139240c0cff5dc0b45a61961fb,moveis_decoracao,129.9
60dfe129ad287ca8cd2656a8151138ad,moveis_decoracao,129.9
6023859c9a1cfdb91a9d035c7b2a8121,relogios_presentes,129.9
5ea241885816f6957dfaa9a8592c6b37,moveis_decoracao,129.9
5e655ad6a29335c852b7829a5e340c80,utilidades_domesticas,129.9
5df01d29194d92b3191aa24aa1eb3b07,brinquedos,129.9
5c73346e7049e11811ae921dee4103c5,perfumaria,129.9
5b3905d05840ce0b216434db7e7c638e,beleza_saude,129.9
5a68d72870a735b2e7ec0277013f7aa6,beleza_saude,129.9
58996344af284b05e0909b85f26dee46,moveis_decoracao,129.9
5895eb44dfac8b6062cb7adac3f84fc9,moveis_decoracao,129.9
53b660897772d156d1b39afcd576663f,moveis_decoracao,129.9
52a741f089f5c67d5c648e8437fdf22a,beleza_saude,129.9
5237c554fade603fbb83dcbcdadcdaac,automotivo,129.9
50556c630443502c11acde1c320fe278,beleza_saude,129.9
4cde3ff89f4a66c712c088e5542ee7a6,moveis_decoracao,129.9
4cc4d02efc8f249c13355147fb44e34d,ferramentas_jardim,129.9
4b6c44983d57ae2a934d661aca96d267,cama_mesa_banho,129.9
4a2aa2807d3b21d35fe604f5629b40ad,papelaria,129.9
497f3cf6e1c584b489ca78da2bc08d5a,malas_acessorios,129.9
46bc787381b2bee84ed87b4ebce24505,moveis_decoracao,129.9
44ce1d7bd584edde67a1d743349829f2,cama_mesa_banho,129.9
441b81eac0773c6ed4ec1e1fb42ebba5,papelaria,129.9
4340de579ecca5b411504b2d06d2edc3,moveis_decoracao,129.9
3f55594c92f61283dd292a1e6f1c6427,esporte_lazer,129.9
3ed88583f131691a34dbc2b4e4f83f2e,brinquedos,129.9
3e49351c2f191cb67c4224b392531a74,malas_acessorios,129.9
3c9196215083130155392c4e138fd7fc,beleza_saude,129.9
3b17509fe0ed9bc707f338cdeed4fb45,esporte_lazer,129.9
396fb20791c69a78b3ec80ccc7e9edad,relogios_presentes,129.9
37664a6100bf523c545b7040be69ad00,beleza_saude,129.9
34604421b410aa74270f4309503a4338,automotivo,129.9
2eba1f60a964be9175787f85c9e23d9e,moveis_decoracao,129.9
2e58d459f2a674ee7b0d3d1336712acb,perfumaria,129.9
2b284ca976943311c427da3bba8f47ff,esporte_lazer,129.9
2a9e3d335bbb23ffee8c9da6cecb7bb8,moveis_decoracao,129.9
2a4d7470cdcf5e02f7ad83e56971bb80,pet_shop,129.9
29d405763934f77ce87d3cdad21b7805,beleza_saude,129.9
298532d06986d6132e5222b9362ad942,moveis_decoracao,129.9
2708ea4fc1340081efeffbf11f14d765,perfumaria,129.9
24c5d76ef43ee1782af51114a121ca3d,moveis_decoracao,129.9
1fde7ac241af066577f1b1602435beaf,moveis_decoracao,129.9
1fceb6597ec80646345b1d8517b48cb2,malas_acessorios,129.9
1fa784d8744e3ed625d8651ddb15e33b,perfumaria,129.9
1f05dcc70c1a19407641eccea8ef3bdc,fashion_roupa_feminina,129.9
1b55611367793363c3aa1c9d888be7ed,automotivo,129.9
1884138513d4bfa7f7d0ab91664d2b3d,moveis_decoracao,129.9
184e91de5d4a87f023bba45c3e258349,moveis_decoracao,129.9
17efcba3c09566b89c945ef563f381d2,esporte_lazer,129.9
170e27ee183ac140aa68a86bacd2a6dc,relogios_presentes,129.9
156dc15f380f2c6fa999b386a90a8524,moveis_decoracao,129.9
13b25797ad1e6d6c7cd3cbeb35f8ee7a,moveis_colchao_e_estofado,129.9
127c0cde3ea832c4c4901159cf902d0e,informatica_acessorios,129.9
112dad9870ca76046f327b9c08f00b29,brinquedos,129.9
0f398da178a64533d9576940656d23cb,cama_mesa_banho,129.9
0f2d139d3c1f8d504bea138f27a2fad0,brinquedos,129.9
0ef97c3cdccb448931cb0f778af3584c,esporte_lazer,129.9
0d8aaee3e75a9529a387b2e0e52615f5,moveis_decoracao,129.9
0cd64dc65679876c896236bea326589b,cama_mesa_banho,129.9
0c8ff033bfaf9bd1d24ab20a8ea2914e,cama_mesa_banho,129.9
096793eddadb8067748a5a0ff98ac8fb,eletroportateis,129.9
07f40f14df320969f0bb8cfc5cff5d3b,fashion_bolsas_e_acessorios,129.9
073ec95c6cd3b2db5d9dc430dcb524a6,informatica_acessorios,129.9
06f756df8d80309915285f3ee6ea1059,malas_acessorios,129.9
06b68710c4befc588c863ea38c7e4145,moveis_decoracao,129.9
067e6da1c75010f933e68b76efb2273f,utilidades_domesticas,129.9
057229db0353dff9e12e298e8f6429b9,cama_mesa_banho,129.9
04ea859686940874c6f624314a14070a,automotivo,129.9
03ccf3bdaa33497fa04d1e2f746a4555,eletroportateis,129.9
03624ffc0958f7ea385b6d4e088532b0,beleza_saude,129.9
01a52711e989a817ab8100ddcf8d2940,beleza_saude,129.9
002959d7a0b0990fe2d69988affcbc80,moveis_decoracao,129.9
00088930e925c41fd95ebfe695fd2655,automotivo,129.9
f070820a71924fefc3de24e91434e8bb,construcao_ferramentas_jardim,129.89
e09134e776e503444db67bd5b239b56a,cama_mesa_banho,129.89
ca4e831ef4aa332fb22de74fd2580285,telefonia,129.89
935f558c04547a5f298f32c65d665c23,cama_mesa_banho,129.89
8e45f326187b3e85211143797e4bd30d,perfumaria,129.89
370c500401de58da2a25c8cab27527cc,brinquedos,129.89
35675af4fd3065f5e56b6d609ae385f5,cama_mesa_banho,129.89
056193fc88b3f131fae751356896b168,utilidades_domesticas,129.87
cd89ce90d4c33b04851f90bcf1ec521a,automotivo,129.85
9d6cac0b462fda440c3c262abd8228a6,automotivo,129.85
65680a7e713d50001948661c2b252f37,relogios_presentes,129.8
326a0f5cd9ba675a997b260b0a0c5b6a,moveis_decoracao,129.8
154384dc7ddd772829294c13674dc719,esporte_lazer,129.8
965ab297b516455ba5bae37d17bc51f8,beleza_saude,129.78
7fb06133a9a56c3d8a2819e9f4d45422,construcao_ferramentas_construcao,129.73
d20466987c855004cda6b91a3a09da79,moveis_decoracao,129.7
141f72cac97df846fc51097f795bd94e,automotivo,129.7
f55685df4cdbceeecfefb0c45aded1bc,brinquedos,129.6
bdb0adfd465b18548a50bafc2a8e8ea6,brinquedos,129.6
4f0a445aa70e0bcec25ba0ef7c7e863e,brinquedos,129.6
2669a9fe1aaf6cb29071f8f866014afc,audio,129.59
e558ed9db130cd52586bb4fcb1090132,malas_acessorios,129.5
bacc5be083c3a7503fe1ba1392931b54,moveis_decoracao,129.5
8ce6b041b5fa5dfaa937f53e145ce299,informatica_acessorios,129.5
4dac30b28142fc71237ff0892e7f29c1,informatica_acessorios,129.5
4407440c06d8c11ce1b2e61c4382a8f3,perfumaria,129.5
3bc1b27ebc43f46dcb6aace1b65325a7,malas_acessorios,129.5
07f2e8872fd2d0e17780989da6c06362,malas_acessorios,129.5
55908895fd7f77982b2d5a8aa1ad4fae,construcao_ferramentas_ferramentas,129.49
765b63a4eca4a8eb59229f3e2be4b21c,automotivo,129.35
b4ce8d32dea944f1720681420c4cd5ef,cama_mesa_banho,129.34
a6413454f8b18d633f57f5ade4de8fdd,cama_mesa_banho,129.34
39d4a8413d363755330d17445a28a76f,construcao_ferramentas_jardim,129.3
bfb0b1ac4d2c3e1ebae4a01c3fcbfb1e,perfumaria,129.29
922efd345b4d692aadf0e6b65f5d51e7,automotivo,129.2
8481795a5de647a07c409db1c62ba551,bebes,129.15
d77d9f61eda0118690a342a000144563,beleza_saude,129.07
70aa499facb0946dc40ff974166fd522,automotivo,129.06
cd66fdcc09793a54b109fee14eee72cd,moveis_decoracao,129.05
57c56b4871f4f353ac52c8015e9c5318,moveis_decoracao,129.05
00b264091d1c8df03976c3f3b176b35c,automotivo,129.01
fc56c478c11ca5989e21da62cb19de16,casa_conforto,129.0
fb7707ed64cb62f7c280d9e384f03c07,brinquedos,129.0
ee622ee691342b99c64f8dee1a9c09b9,moveis_decoracao,129.0
eb41f1f2a3acc800eacb69d0b5c63881,esporte_lazer,129.0
ea413ac4e120d19ac3473fb659db1c9a,moveis_decoracao,129.0
ea102536094cd45ff11f73dc8be9142e,esporte_lazer,129.0
e799a2b8707a6a256fa3c040b75d2713,moveis_decoracao,129.0
e61be15b90a7985c32b0a239e18e07ff,esporte_lazer,129.0
dcecdbaf763f2a027e5b4587ba9ee82b,papelaria,129.0
dca7c7ab531682b89beb8ea79571cf0d,relogios_presentes,129.0
da3e3306dfee58ec66950224efa97b47,esporte_lazer,129.0
d95f03455f14fd566743964beef46ff0,utilidades_domesticas,129.0
d8aed41af112033ae4733abcf1f206fc,moveis_decoracao,129.0
d8aa9936fd75e2d1cac692da307ff48a,perfumaria,129.0
d5157c07fad9d63463fda055f91da324,esporte_lazer,129.0
ce4958776b3721723edac6bd9a05e833,utilidades_domesticas,129.0
cdad30e46a6fc84785a525ad6b5cf748,moveis_cozinha_area_de_servico_jantar_e_jardim,129.0
cd96152f38323aa8177e3a72d6558518,cool_stuff,129.0
cd2c32309d7b8b42e045c6701ffcffb9,esporte_lazer,129.0
cc9e875c2df286dbed83efe01191162c,la_cuisine,129.0
cc28101310964f961bf1086fa0ffc922,brinquedos,129.0
c9b6f0f5e861adc800edb233fc1da1c4,moveis_decoracao,129.0
c8f17c4ceaa05acfb30a852b8ee2c0a9,informatica_acessorios,129.0
c396b0ef5d5f699bd4a5a13e2878b7f8,eletroportateis,129.0
c0deba3200aa657c933dae7109403ad1,brinquedos,129.0
c041f64d4b8255fa6c227d4b64a3838d,cama_mesa_banho,129.0
bf7e9480325415ebfee169ceee8b53e0,esporte_lazer,129.0
bf7a3359eeb43b9944c70293e4be896a,moveis_quarto,129.0
bd59d7bffae06b0b2ee40cf5b7939626,moveis_escritorio,129.0
bc80cffca0c4d1c7769e7b253c5cc547,relogios_presentes,129.0
bb3a346d0fc86850244000d0fe5bf5dd,papelaria,129.0
bb099f12bf2833153c9def3538cb52dc,malas_acessorios,129.0
b97f763397091be9d344874e6cd31028,perfumaria,129.0
b7f1a22cf39550d036ddf4f9ee1295b5,cama_mesa_banho,129.0
b3f29e4bbae3c829f7c4231074c307ee,utilidades_domesticas,129.0
b35c8479840135aa13a0f2d6aa8b7f38,bebes,129.0
b00e24be53a1785f1f613e747809a5ff,esporte_lazer,129.0
aae1c80508d794a69456c92a49968a2b,moveis_decoracao,129.0
aacedc250d7cd501e3edd7550aec2ed2,moveis_decoracao,129.0
97170c28efde1b426f1c52348fe1c086,relogios_presentes,129.0
8dad29b3b6c42d0b966e5ea7b5498132,consoles_games,129.0
8cef0a48dd6a31a4da7683d1f35d8925,utilidades_domesticas,129.0
8a980dfdaa65705c68887400af28534e,ferramentas_jardim,129.0
87e24fe285640cc6f3d7580f673ee507,eletronicos,129.0
85f32a430567418e5a6a480a12067e9b,moveis_decoracao,129.0
81cb8d21c3255d5c2143be50785cc2ad,moveis_decoracao,129.0
80c57749d2f15bd7e9a1339d0ce883c4,cool_stuff,129.0
77f70ac9f5426624db4fb65c4f1195b8,relogios_presentes,129.0
73a6530caef9511c04711d12dcef551c,moveis_escritorio,129.0
708b3e08e966021acf10680d35ef9001,utilidades_domesticas,129.0
69c2cca014581e7e3756142963a69313,eletrodomesticos,129.0
683c8786ca01784e4bb63ef33b3608f9,esporte_lazer,129.0
64cb768ce668c3df58334a28d528b754,brinquedos,129.0
5cac6a83708526b99c11e11027ae1ca6,moveis_decoracao,129.0
580ac70ff46f836dcc769fa584f85273,telefonia,129.0
54a5943820887ae6827319853d00887d,telefonia,129.0
5287ecebd08b76050b10cc7cc75ae0ea,automotivo,129.0
526f833e1eb0a32ad9351145a761b9ab,relogios_presentes,129.0
50eece63391870c7fb7c07c92a76d447,casa_conforto,129.0
4bdcd91fcab0b7401865fa7d7f916253,ferramentas_jardim,129.0
4749c60e1d85abdf15d45092c5a2cde2,utilidades_domesticas,129.0
457c5f8a59156ce6315753d8d788a16a,relogios_presentes,129.0
41e69d7f18786d26805f7067f605e675,cama_mesa_banho,129.0
4107643eab592b95cf9d0e376d522aeb,cama_mesa_banho,129.0
3db10af4436918fa150bb41ae578d812,cama_mesa_banho,129.0
3d17d0ed8da715ae25763ce8225b50a3,papelaria,129.0
3c504ffcb9f8ff101de420123932279f,relogios_presentes,129.0
3a8320b027e8c8359d0a326844bc03e1,fashion_bolsas_e_acessorios,129.0
3931aaf38ba4cc928100541ff51b82ff,informatica_acessorios,129.0
38b007c8f51a77bde546746ad8af4f64,moveis_escritorio,129.0
36826c711e5778c8d88a7311cc29c446,cama_mesa_banho,129.0
34d9466efb839455c18a915fb8b92b1b,papelaria,129.0
34774dbfa36fdfe7225c6c68293b694c,moveis_decoracao,129.0
3096d513ef378c2f6b32b7f4f42a471a,relogios_presentes,129.0
2f0f230a6d1c2189c346d0992df870fa,cama_mesa_banho,129.0
2b4662eb979b4254e70b334e76ba0470,cama_mesa_banho,129.0
25e9a0d431fe3359ee6a55b9c113a39b,beleza_saude,129.0
2501eb540473502ef149a3a848b2f8f0,informatica_acessorios,129.0
20e5127b0dda6370dd7795b2952da13a,moveis_decoracao,129.0
1f15aad258a1559be6c62fe1a774daa7,pet_shop,129.0
1eca63a94a93dad2e0d65d2a29635d3e,esporte_lazer,129.0
16765bcb7b5644f6fd28a40c0cfa2a97,beleza_saude,129.0
1594082822fb91eb12404f8e79b59e47,eletroportateis,129.0
0ec884e982b64baccc2612396932cfdd,esporte_lazer,129.0
0e71c6a889baea05c4c9ce1b0d58114d,moveis_decoracao,129.0
0e1fa2aadc04afbf8fb30200aeba06a2,utilidades_domesticas,129.0
08a58baf17f52ea9cfb3dffdfda0595b,beleza_saude,129.0
07451cd3b4079198af66b134853aee75,cama_mesa_banho,129.0
05555b7712bfdb1c0809b44166e33a25,brinquedos,129.0
04af9f3af5c6afc4eece909c25330934,relogios_presentes,129.0
cff80bb3d5c12a024ae5860a6475c472,relogios_presentes,128.99
13227605925c23d73decd0ef10aa71f0,cama_mesa_banho,128.99
072346978ec57ef87579ba2cea7c7030,relogios_presentes,128.99
2d2600c283c0c1af0528fd84c14a2c28,bebes,128.98
e71bbaefe62c59ffa58c1c4864b7e283,ferramentas_jardim,128.97
1ca737c9f8f06b3672be9f9f3f603d36,informatica_acessorios,128.96
308f901f3cbc9dd383146e97562ef8ed,relogios_presentes,128.95
a5c3ddb1a400f50d1cf7138727aec136,brinquedos,128.9
7532d12ded8aa3d108d6326a05466bc6,livros_interesse_geral,128.9
4e0946aebc8e1d7521219ec1e7380aed,brinquedos,128.9
4a1975e051dd609815e4ddbab2fd8c57,pet_shop,128.9
3aa87a3dccf8203120b151e48699ba03,construcao_ferramentas_construcao,128.9
341624e20527d473745831850a7263ea,cama_mesa_banho,128.9
1155065aa63d0a6d301e174ebb2972ea,esporte_lazer,128.9
0c7f7adec80b0c8ee4b9703490bbb13b,cool_stuff,128.9
9e440ee1821439fdc539a6b1372f315c,moveis_decoracao,128.89
f3ff1b0df51e4b86a6dc168c8bfe7dc9,moveis_decoracao,128.8
f0a06cc25ae22358b10378bf4dafdf0a,bebes,128.8
b7f11e51f023c6d2ba6a82e21ad20be1,bebes,128.8
b4617aa8f46404c5a9321dcdbacc4ee0,moveis_decoracao,128.8
ad837169a27edc799909c3b1f6081399,bebes,128.8
612be997cd3154e32e1e585d478571b1,bebes,128.8
2eba7c676996a5bcb75367c497b42a17,bebes,128.8
2d58f9383bf9170598663ad36c0859a2,moveis_decoracao,128.8
1cf22c0593f2ba8ecf404d0945a2036a,construcao_ferramentas_construcao,128.8
32aeecc02aa5adcb7f75155a80a47836,esporte_lazer,128.76
8ad1611d2c47dc2dbf44a8b99f80cda6,automotivo,128.75
4a92216ec92c54fca6f132ae1988390d,brinquedos,128.7
2d4d78eecba060a7127c5f6a21cdb0c7,brinquedos,128.7
1033f9821d88262baf13892e285de798,moveis_sala,128.7
38560b1377928e08fecfe544848a0fb2,eletrodomesticos_2,128.65
4b72033d6547d584a65c309c78552e24,moveis_sala,128.57
5a47c5b5c3866f29177d497727f22f38,esporte_lazer,128.56
4509f2dcb7651bc7c7fab76f3a87e700,relogios_presentes,128.5
19884358087155dcb193ae99f344fa30,cama_mesa_banho,128.49
a5b27ab457629a351464825096c64688,eletronicos,128.47
08a58dc963320d6073623382b9ceb920,informatica_acessorios,128.46
5208751f83b00433444ae85791a01bdd,moveis_decoracao,128.35
f8912361eece17527c97b26793def92a,utilidades_domesticas,128.3
04939dcb29e2a26106610d8e1ef03b98,beleza_saude,128.3
b9976e9c22fb1540bd71d1bcd2989475,artes_e_artesanato,128.29
aeae6a46f42d7755930f30825f5a4c5b,consoles_games,128.26
fd15dec337d57a332d25ec667eb5e859,relogios_presentes,128.2
388990ffe5ff78f59518dff76702a24e,perfumaria,128.2
11059273f4bc1a293777e98c89807c62,beleza_saude,128.12
20ece3dbcbffb5f6589a6f0cebb485fc,cool_stuff,128.01
e8c221d6e4cc4e52388be533deda1740,automotivo,128.0
dd4bb630f241ce3910d9595b395efeb5,pet_shop,128.0
dade783416e4099641bdd36ee0f0c3a3,brinquedos,128.0
b06d5dec7517b66a8142338d38bf9c69,utilidades_domesticas,128.0
899b5d294953a6361e3f9081f052af7d,esporte_lazer,128.0
5fd295ecaf1c3821da3a53a52dac90e2,construcao_ferramentas_jardim,128.0
518cd5de3631fa4c9a2917c244f5ad09,esporte_lazer,128.0
4c2e7dbae8cc699dba97825c02d87b27,cine_foto,128.0
41817d1d44000e3105f24470a5224bcb,esporte_lazer,128.0
3feb2f6b9b4daff28db958eca479c56e,casa_construcao,128.0
2d7cd0c78354e447e9c2a37e1e287417,utilidades_domesticas,128.0
0a8bc1a07183eceacf95ae5cb4cbd076,pet_shop,128.0
e09b95d6c02bf2a7831c8edc25c57843,cool_stuff,127.99
84c14b1bdd1a86dad802e0863ef5385e,cama_mesa_banho,127.99
5ea13888505d00f6a33b996f70a06e13,perfumaria,127.99
f541764c0e99f1a821dc9d5bb1143a88,beleza_saude,127.9
a5805a2671f8bb392f3282c35e0e81d9,relogios_presentes,127.9
902746d948b5ade6ebe39e5930992bde,cama_mesa_banho,127.9
46f7a6907223a9ba5e9ecc22ff29301d,bebes,127.9
3eda91c4ed75e3ce93482a5eed64868d,fashion_roupa_masculina,127.9
24bee9ba7cb361684671c74aedc9ae2d,eletronicos,127.9
aa5d6a9bd4be367ae1a3a29c323c7c11,esporte_lazer,127.63
2fa5da96109ea94cc9fb50cc589ed65e,relogios_presentes,127.51
ec037c3c954465515942793fc7ce665a,casa_construcao,127.5
d4e19eb1e5c5d6194af618d3a67de4e6,beleza_saude,127.5
a669398f595527fc03acc1ebda6b3cce,beleza_saude,127.5
9041a4cde4a900bc259d3b1b6847f6b1,moveis_decoracao,127.5
2afebecdbf5ff9f1058bc9164e65c200,bebes,127.5
aa8fce5e65ab73ab73101ea58d710905,esporte_lazer,127.48
a6cef514bc1c722ff447863e87e4d77d,automotivo,127.48
297e9e138160099ba59f8f933de5558b,beleza_saude,127.46
e1fad996d18315862e15d09446c5c65d,cama_mesa_banho,127.45
dc6185221ef0ba24510b48e0612fd51f,cama_mesa_banho,127.45
391a014a66920fa0ce468319264e0232,consoles_games,127.43
e3b5a4c3f8512fe1315f05564e461ff4,informatica_acessorios,127.42
601a360bd2a916ecef0e88de72a6531a,cool_stuff,127.39
9a7c6041fa9592d9d9ef6cfe62a71f8c,cama_mesa_banho,127.3
23bcd6822a33df5534f9b290216eec1f,brinquedos,127.27
ca6d10d1487b13988e0241beaa7fa089,livros_interesse_geral,127.25
2029248294c186017ecfc48cecd47bbd,ferramentas_jardim,127.25
62ca5c25d64eb6e83232fdb4203df305,moveis_sala,127.23
e5403f78625641d4ae41af599772fbfd,perfumaria,127.18
ecf23a6c1689e2bed38171ececac6138,utilidades_domesticas,127.04
a3c485c1ba93a314a9606492aeb0072c,climatizacao,127.0
064a939bcd597315cfda6c98ede1b4c3,informatica_acessorios,127.0
fad4e554c85c77f187ef2c6744495d31,ferramentas_jardim,126.99
c3cdb28ed53f4ec5d9afe32753961641,cama_mesa_banho,126.99
91b07eeacd06edb343a31d2d9a5c2954,moveis_quarto,126.99
6906f6d2bb318a3cbb5351653e93ceb4,beleza_saude,126.99
2c3210fa1dfe1fdf8b8e3254287c9e4c,cama_mesa_banho,126.99
04329467c8ed269551b5d85dd137eeef,bebes,126.99
3e12358032a6a599d25d9fd630cec2e1,utilidades_domesticas,126.98
062619359d5f9a664606cb2a6ccb477a,beleza_saude,126.96
afb52012e0c69e1b6af6c48d2a62f760,beleza_saude,126.94
5a3a4cd70e21a907b71825c5ff83ddba,moveis_decoracao,126.93
d85c634ccca1e39041f2e692079dedf6,relogios_presentes,126.9
a42ee02a34cea6addebcada939929763,beleza_saude,126.9
646ce272adff96b1ace27e81c9bdf29d,malas_acessorios,126.9
3d3cecc4a794792dd7331c57580747a1,automotivo,126.9
1dfa1d1603b10b073093775015d0fc74,fashion_roupa_masculina,126.9
1fb344134cd7164d32dea4d87ba3ec5a,ferramentas_jardim,126.84
4e80e5fbd1f7a5e67501d0e1573abf98,relogios_presentes,126.83
918bc9631b98fd39f5c52c9d11cc0597,utilidades_domesticas,126.8
435a1672279b4287778328c7dc80c040,utilidades_domesticas,126.8
be764855458cd43b36c334faa773f7d5,brinquedos,126.79
ef6aa884e3493fd38cc8ee47d8d79d10,cool_stuff,126.75
e84997d75938765ef99930f908ceedf4,papelaria,126.74
09661a3f29765eeafd2f05d7ad22310f,instrumentos_musicais,126.73
2d7ec74c6f93ad8234f2e29817b2827b,bebes,126.68
6e7df7f4622d4360261995dbd5e787d0,ferramentas_jardim,126.67
2b1736cd698222fad698e3c1be9dd4a3,automotivo,126.67
f0f464c1300173b9ed4aeacf16840936,malas_acessorios,126.65
b8ce63487e1d8881dac505b123c8e9b6,bebes,126.65
05fa60020215fd65f8f8b9dd441f864b,beleza_saude,126.64
b906473f6ad88809cd95a1e7e77cd91f,instrumentos_musicais,126.57
27f53b8bf57426361b3e0174c16232e3,esporte_lazer,126.57
24cdea192c5e345910d4fda8580576bd,informatica_acessorios,126.55
7aa09531577c4f30eaf1f6cbe61f6536,esporte_lazer,126.53
4cce2fad3d2dec6f82510d2521aebdd3,utilidades_domesticas,126.53
da16d51397a128691eb2fec79f2daaf0,beleza_saude,126.52
ea57ad56367f3fecf63fcfb46d33f3a7,brinquedos,126.5
45f0310974e6082deeda855f91984347,moveis_decoracao,126.5
42fd6f72ca3e6f53b25d7a19b0536630,construcao_ferramentas_seguranca,126.47
4f969a12cc8cb60a5cce67cc3fc305cd,automotivo,126.45
ef153414d98782a711939e8fa3dc89ea,utilidades_domesticas,126.4
bcd58b852a3b0152b6b384c4e4474ba2,cool_stuff,126.4
9545d45c37449ccbc376de3a04c66e71,beleza_saude,126.39
61eee7a9f1884caed59c316047c5832f,papelaria,126.23
de11bf385785a97ca03b274d98373c76,ferramentas_jardim,126.2
2d4086091519b04cd687a38e33dc276c,informatica_acessorios,126.2
11491792277842adf3f5bac76ae3dbf5,instrumentos_musicais,126.12
fb05d01823da2c4e90924c5486134808,cama_mesa_banho,126.0
f78279f3d11f68fffc3121f3295a5871,esporte_lazer,126.0
f1959b60fe1d6a15ca43bb20078bbae1,cama_mesa_banho,126.0
bec2975b905c2d5a70fd97abf8c894e3,utilidades_domesticas,126.0
bebbcfea18211f83db416d354127179c,utilidades_domesticas,126.0
abf7c583f35ff13ce82c05debdef8ef0,cama_mesa_banho,126.0
9ae571ce02784cd1dd2e3923fa636058,esporte_lazer,126.0
8df56ba30e76d09f57ca93ee364616a0,cama_mesa_banho,126.0
8a12254c44b230303e05d8e1cb4be350,moveis_decoracao,126.0
3f83491f5ef0e8c381d483fe37352856,esporte_lazer,126.0
3a6a0247ced9dcb444b46caafdcdd368,beleza_saude,126.0
39f9ab5ea27485a4c3d32ee4c45630d8,cama_mesa_banho,126.0
33bd1a075f35400643129b5f3d936845,relogios_presentes,126.0
2056c9497992c9032fdd92346baab6c3,ferramentas_jardim,126.0
1a640115fd96b578625ee5e51e55877e,esporte_lazer,126.0
d44757bff9d0a479db38e2117eba931d,brinquedos,125.99
d443be168a577afdf50d59932d3b78c7,informatica_acessorios,125.99
c5e93f42eccbe45b7eda897d5a26fb78,malas_acessorios,125.99
c4069663919da113276ff2bbca201b8b,moveis_decoracao,125.99
b95d6edcfc7b19639b18dc095f757d09,cama_mesa_banho,125.99
b08d1b6f80d5093e9879a0348bdc1761,moveis_decoracao,125.99
b05ec8d9cabec69e637318ebba813a09,utilidades_domesticas,125.99
535a23504a92e3e42a5cd54256c75b17,pet_shop,125.99
3dabf5f3f464f28595767a4569d18810,moveis_decoracao,125.99
741e14d6cfe9c7dfcace49c4a0989bf3,bebes,125.98
2dc2efef0bbccb4ea53e2a21cdd52dc7,bebes,125.98
dc3665bc3584a881a2462a1efbc71107,cama_mesa_banho,125.93
ce98361ef1341e15087ae4b1b2c53fdd,moveis_decoracao,125.93
b4ae18d0fc2d655133d1e1da2ec5c62d,moveis_decoracao,125.93
887ce53cffeba9788502f60e33f1fcf3,cama_mesa_banho,125.93
e41a6ac2f57a273eb0d214c7cbab5db9,moveis_escritorio,125.9
afd34b33969fc993e14ae949c140d527,pet_shop,125.9
af8acb9fc1592c0d00bf5b8a3d43e8e9,utilidades_domesticas,125.9
af50df7cc2a72931baf406b123a313ee,informatica_acessorios,125.9
a3f986f6c4400aa6545d224be435f812,climatizacao,125.9
6b0c1aaa92ff6dc45373717f313e7ebc,bebidas,125.9
64805d6d421c30f6bcba4b28c41a1635,papelaria,125.9
5ec2e292f7f45809fd14d9f45583e2c1,cama_mesa_banho,125.9
4bf444c66409a51339c68e12d0672f6e,ferramentas_jardim,125.9
42c3b322d319a613dae422ea4087995e,esporte_lazer,125.9
3d5aae192e9628dfabdd07de7fb14aa4,esporte_lazer,125.9
3abf2d4698bf245577543ea01d9c7f16,,125.9
210927ec4e766c525d07a1c17d4bb578,papelaria,125.9
197b4312d52feeab01ec95013df1a9d0,esporte_lazer,125.9
04f9ba792a88dcfa0a4ecadb4d0ad913,esporte_lazer,125.9
041b5d4393ea83147e2a07e55cd5359c,cama_mesa_banho,125.9
09337f4d317bae01dfa96e6d368eafc4,,125.85
6525c63f855b031e963d95bb3a07e541,consoles_games,125.84
58528e42f4843601d879c7d3687800bc,pet_shop,125.8
acc444eb5ad26f79d5a11baa6a03c439,moveis_decoracao,125.71
c714f103a677fbcc818799ae0fcda11a,eletronicos,125.7
d692d19cee022f7acab76373f297ad6a,cama_mesa_banho,125.67
03826ede2cac52b3011b58cfd58c84f9,utilidades_domesticas,125.67
17ad6786808ab3fedfb261a70a5932d6,audio,125.64
ceda8168fb181a91487d6e924f42334f,,125.62
b69bcfc7cfd1e1a53b1d754ddad08417,informatica_acessorios,125.6
fcb61bdd656827a13a98f369eeb9fa3b,cama_mesa_banho,125.57
f30a908aadfed5d9edd5619eef796819,cama_mesa_banho,125.57
2e281b1a8143fa9ed84694fe44d66b3d,cama_mesa_banho,125.57
341d85d688ecc3353cf2a968e7ad0dbf,beleza_saude,125.46
c68f9e141cfb0fab09c77f4d566a6fcf,utilidades_domesticas,125.4
80cbd9107719ba49c3a02fbd942b4717,consoles_games,125.32
b29c9ac1d3d4e8866f6c4ad814ae9591,beleza_saude,125.3
42d383bd16effbbd48744a1181adb5ed,eletrodomesticos,125.25
1878fcfa202ce65b4bfaa9d16250ee86,moveis_escritorio,125.24
60ee9861f35c13d4a3a2bc10e86bb05b,beleza_saude,125.21
d383c8cc29297315bf72d05f57604055,automotivo,125.2
1f0d72fdb89c51b0b2fb2dd7baa63a8a,eletrodomesticos,125.19
dc2cab354de46ca82b8cf4cb24e16614,moveis_escritorio,125.12
621dce691c2ff3f99e21c21057ddc0ba,cama_mesa_banho,125.05
f7684280fac20a1c9cb683d7ea7d9514,informatica_acessorios,125.0
f400f539d0b021c06eb35f6838690e09,telefonia_fixa,125.0
d8d6eb6c89543ae74874e910422e1089,cama_mesa_banho,125.0
d190211dfdf3ec5ef8f1e5f59418dab0,informatica_acessorios,125.0
cd90f11ad61a8c297079c171ec8904f8,automotivo,125.0
c8e9b4087e9c9ed5acb271f61a2e239f,papelaria,125.0
c8a148c82c4a80df54e7ceea266f9fb5,construcao_ferramentas_construcao,125.0
bff9d75e90c1ecdb72ab40c3aafe7e49,moveis_decoracao,125.0
b776dbd8d7dfb18b7422dd99b1f1ba03,utilidades_domesticas,125.0
aac3cc525702d53c8a2f4733ed214098,perfumaria,125.0
9c7863b2663286413b046eada6f29ee3,esporte_lazer,125.0
999ad46c08ea9b778cefc75048156f30,informatica_acessorios,125.0
993245facdeea0014e73a3e18750c123,moveis_decoracao,125.0
7a40001d3da620600ab80109510f3496,beleza_saude,125.0
77f217636750a5d2e21017effe0a634d,brinquedos,125.0
754ea8d75da6030e9a9bfabce28b0d9f,bebes,125.0
72456858d4955f13f90c494ceba52999,pet_shop,125.0
64df6c5d4c7440a043e13fa796eb4ac4,papelaria,125.0
63649d34b09e8bbcc41a6e770d9be55d,bebes,125.0
590386f8c7dfc7ab1adac3857a4c074c,malas_acessorios,125.0
58af7b4490d18df213fb7c5e7a42ce97,livros_tecnicos,125.0
577f102553175d51e571885be1347546,casa_construcao,125.0
541a45a6bdb24eadd2342f4c9687d5ef,telefonia_fixa,125.0
525d714f91bdf4dc6849c3ed6323e6a8,eletrodomesticos,125.0
5232994b2d1d55105b92d445d97d0f62,esporte_lazer,125.0
50a88b3bd7a9d8db2f1addc427b4446b,cama_mesa_banho,125.0
4c68fa8fa43e3ffddf31ef176866f762,papelaria,125.0
473e6d1c85bacb1bc3280dcda0f5321c,livros_importados,125.0
417cb83dd485ee72fb499bc6c5cd69c1,moveis_decoracao,125.0
3d6c02b4d1a6c303569fe075e0c01831,moveis_decoracao,125.0
348209d205939d7ee8112be3ef9a2002,bebes,125.0
2d7b32f14206000e07fcb6e05bcb8bfc,construcao_ferramentas_construcao,125.0
249da1970e34871eedb6b6a70e89aec2,market_place,125.0
236bdebe067710d4d30698ac69555423,cama_mesa_banho,125.0
18becf80f3bb277fc07eee177b32cad2,utilidades_domesticas,125.0
18bbb32704d17a575910a8cf8089bce4,telefonia_fixa,125.0
165b395c969ae612f3d4009d829ffd94,moveis_decoracao,125.0
1454b29e83ab2f8bf6b4102736498ff5,telefonia_fixa,125.0
0bde5c9ff4a756aed7fe09a8a3bb0dfd,pet_shop,125.0
0583170ba3f70162729f40600f8a4abf,beleza_saude,125.0
f4f63288f5e6ff5cb8262bdfb626c85a,automotivo,124.99
e0352fc1b2c93712f1772fc4b0204db7,moveis_escritorio,124.99
dda373e611cb942842a1c248b163c3aa,relogios_presentes,124.99
570901670f29d0410c85bbc0b588d23a,cama_mesa_banho,124.99
53fda2e4872a41ed984770d4c60a5211,consoles_games,124.99
44b63b148b673cb9a06672f06683b9b4,cama_mesa_banho,124.99
2a4cc5a2211eb5758a2dfbe772c91999,automotivo,124.99
18047039004204f52054f74b9503b9fe,cama_mesa_banho,124.99
081ecfd29d91be2327fbd9c03d2f33de,automotivo,124.99
7be2cf904217376863ada2c9df82c8f2,utilidades_domesticas,124.98
d0f60a1e9932071f2a2baa5fc50f0a19,construcao_ferramentas_construcao,124.97
65d081bf2ebe1e9b8dd59a72a55a2a6d,cama_mesa_banho,124.95
f72b7888719ff77bf96e14bc97b64430,cama_mesa_banho,124.9
f6ff247282ebbf95cd41fa3610565efe,pet_shop,124.9
f6f66f6bb78ecbb86093da5be2f40304,moveis_decoracao,124.9
ed647aab9859ee8a1e0dc6bdb6f4ba0b,brinquedos,124.9
e4bc26706c5391433592fc23fecce0c7,moveis_decoracao,124.9
e2e921d1e2a5acc453c66618a9261b47,papelaria,124.9
e20e8fa3a50b1774e52b89664b3b6ddd,esporte_lazer,124.9
df19ace5e7649826fec2d69991a7996b,moveis_decoracao,124.9
db26a82710b642e5d25b7ae009cdcff3,cama_mesa_banho,124.9
d4054e35590015074c0169822b82424e,brinquedos,124.9
ccb5b6def674efaec461d386ac2ec146,beleza_saude,124.9
ca06834d20745807bfae7f2184f67df8,automotivo,124.9
c412b0618351955b3643d844e914ab1b,beleza_saude,124.9
bfdf2b8f64e8464211813710134b205a,beleza_saude,124.9
b463e740932577be6bedc720f216e79c,cama_mesa_banho,124.9
b0a954d13efe24ba6513fad99bea2967,esporte_lazer,124.9
ab592db756fdbec7cc98b2cd91ed51d0,moveis_decoracao,124.9
ab179cc7995218e02464b11790b4b267,automotivo,124.9
a55b9bc476c34d53d8f3f27c922f6374,esporte_lazer,124.9
9f6e8441548dd40516cdb98f1b29c3d5,,124.9
9e572ff4654f7064419d97a891a8b0fc,cama_mesa_banho,124.9
9a1a6710ea1fc304f6ab28a27e1ac182,papelaria,124.9
99df954d850e77181a52864913d48147,moveis_decoracao,124.9
97e03a28b0808a684c834e7e004ba11f,esporte_lazer,124.9
9746ab6f7694c5e2fc9fe14befbb5c18,beleza_saude,124.9
9386012b71cfdcc82a3fe58df7e8c0c5,cool_stuff,124.9
93492b51618a093d88d0616985f0c6cc,moveis_escritorio,124.9
92144cc00a16129494387f172aa54198,esporte_lazer,124.9
871760e304a33f81d67fc135d2c437ac,cama_mesa_banho,124.9
8381ea12b1b0b93589326894a9b3a00d,relogios_presentes,124.9
819984117b8e0888730aa66265e56fc9,relogios_presentes,124.9
77aadda8f3636c56d2e32ebf735426ba,malas_acessorios,124.9
72bd0a03987cd55970cb61c661cd90c8,moveis_decoracao,124.9
724692d1ae89a580525678a07f6af0f3,cama_mesa_banho,124.9
6516d379bfcdbdc245518a279cee2a7c,artigos_de_natal,124.9
6281a79f478d260d81da138f7e03c0bb,moveis_decoracao,124.9
5f61715df376d28bae7088fde14894e9,cama_mesa_banho,124.9
4d8e210a4855c77238ef8d6c145ff24e,moveis_decoracao,124.9
48fb8c1ee3265ce23502eaba1bd413df,moveis_decoracao,124.9
45ace3827ebfe577f1a9b99f35e23e60,malas_acessorios,124.9
413f42e07324c88bf0dc54e21a69a3c0,cama_mesa_banho,124.9
3c07c4a8d970b0ffad8a97bd6b5e478c,moveis_decoracao,124.9
3a594e201c33eeb699e72b5fb9f48dd6,moveis_decoracao,124.9
3626035966a7aaee90d68108caebd386,cama_mesa_banho,124.9
34c00d434e284d60c72377a53b0cce67,beleza_saude,124.9
32b5089b4627d3303dbe8c1b6314b63c,beleza_saude,124.9
2fb02cd08d14624e7ed0d6c6e3c093c8,pet_shop,124.9
2ee7612eb9c995c7f39c6f8ae967e1a9,moveis_decoracao,124.9
271f1932e906a6f5e59ffbf12cf04e93,cama_mesa_banho,124.9
229e0aa8bfc8fc368eab501695dbcef3,beleza_saude,124.9
2150745318bfb3f51bb7b99fb9b38ca7,cama_mesa_banho,124.9
1df0508de978ce519aa5533ae04154c7,agro_industria_e_comercio,124.9
11970aff9a8cf29a520127d0d8100901,moveis_decoracao,124.9
1ed390fc2e1df06251341c288d315eea,esporte_lazer,124.85
f0ea71b6e2ab4cb3bd8f5ba522a25a56,,124.8
a3ebd09e2be48bebfd0d16ef3c83a176,automotivo,124.8
2c1559e64bc92171b52fdaea272cbf39,casa_construcao,124.8
03d4805d42e229c0fb34e5eb7fee281f,automotivo,124.8
0b52764083ede22c5acb8a573d859ddd,beleza_saude,124.78
c971d649c40781eec263978c8b5b192d,automotivo,124.7
840621ddfa6fe5736e2d5b9e621caa68,automotivo,124.7
7b123554850fa548f45e478a4726ac55,automotivo,124.7
517d4955ffcf9fbd2bb0beb193c81a42,cool_stuff,124.67
491cc3d85596f60cdc9fac9d202c9fb8,cama_mesa_banho,124.67
8fc803c7d0a99a53798c7896a7c1e93c,utilidades_domesticas,124.56
ac0bb4405e9661957160dd5ee9d5585c,brinquedos,124.45
7b64009f7a8f64bb448a5e1ec3a4fd04,utilidades_domesticas,124.44
1279fba7025d91dadde108559a8d0485,construcao_ferramentas_construcao,124.43
73353895a654703808e8ac484d6abe20,pet_shop,124.4
66a0a6e02b7f543e5b021ce361f267d4,cool_stuff,124.36
a94036c0bb4dfce8d5762777c07b7be2,cama_mesa_banho,124.34
4b96786612ebe7463132fce2c4dca136,utilidades_domesticas,124.34
cc02ea01817f1cb21e6708bc19f1ee20,industria_comercio_e_negocios,124.33
d0b7819045279ab3714828e45975b0f2,eletrodomesticos,124.3
43838436d448f6775af2718e0de8dc50,cama_mesa_banho,124.24
82a61259a621866c4ba63743da29a342,esporte_lazer,124.22
0cb3a271c0da633b811ac57f0c63d48d,utilidades_domesticas,124.2
f7c98cd8b2d4d3b9a2d1322721e60a5a,construcao_ferramentas_iluminacao,124.17
cfd652b39b87b4e06cf4ea106a32db47,cool_stuff,124.16
ea546947e2412f88a20ac74103592b42,beleza_saude,124.11
80c8ded77011b1d2c8e3bdbff65eab23,beleza_saude,124.11
f2343d71cb5ff4e6ff456dd9b544b84a,telefonia,124.0
e89982d4c99a33861236cb1b4f996dec,fashion_bolsas_e_acessorios,124.0
a81fc5e66120ebdb295873f74a45c5b7,cama_mesa_banho,124.0
8bba4a8de8b5de57c7ff105d043254dc,beleza_saude,124.0
2c190df9aeb8a3b7cfb2e07277fcdbd6,beleza_saude,124.0
1f4a5027e72750aea66afd594f9dc10b,eletroportateis,124.0
17222c974b8e98e7df1f7da91491178a,ferramentas_jardim,124.0
13c091cf8ce1e5e8d6dac6ad263888cd,ferramentas_jardim,124.0
2b9496ed8ff2f7b2003258b94a58772b,cool_stuff,123.99
4fb651ace30be388c0e95f48f3308e5a,cool_stuff,123.98
3a9621dab36a841a88d2bf767f12fee4,esporte_lazer,123.97
eb2d12bc991561d4ca5deff0e60854e4,beleza_saude,123.93
a910254bb741f98d6d98a8286d66d14f,informatica_acessorios,123.92
fdbcb10ffeacc2c174245c6d2c4c05ce,moveis_sala,123.9
d938bcfd149a626da38febbe8a669a9e,beleza_saude,123.9
7eddc981ef745d0883e134473160234d,moveis_decoracao,123.9
5cd950f6f9b4f8c82e805a136e3df79f,brinquedos,123.9
25640ad1216178967884d69ebe5140cc,bebes,123.9
1a64be9825a124a4b43d1e19bac03a44,cool_stuff,123.9
70ad1cce006c26381f72387a1cdb2bf6,informatica_acessorios,123.89
602be4713d609927aca6161cf5b45220,beleza_saude,123.88
56c0a9eb43edf8247a0a2ef0f08af0f5,cama_mesa_banho,123.86
10a96b8c9e62f372aaf40bf8ec897a75,automotivo,123.8
6e5505d60c1782977e099a8c0339a7b5,pet_shop,123.78
3a806ac1ab98107febb4ffcf38bc1fac,bebes,123.78
08056d78bb75ed3ace107c72c16ec511,cool_stuff,123.63
ebc9e1315a80a2aba62fa97df7a0c9f3,perfumaria,123.62
95f3db773f64f68c9b7e7c3ee4ecd15e,beleza_saude,123.6
4a8c87facc0a20b726d5e1112ff3069f,bebes,123.59
38c7e0727a11964ebc52a23bead7d4f5,automotivo,123.51
cf8316c961640d38321241895b7811c2,cama_mesa_banho,123.47
bf0fb54ca0888fce3109ad83c00617c4,beleza_saude,123.47
9b2db9ec16a8a51549f32462bf973523,brinquedos,123.45
de000da759e4738d00a6fae5ecddee66,perfumaria,123.43
be4c9d0368829d208573322be600c95c,relogios_presentes,123.43
b37bba85dd6a58ebb520e4b8c00dcf6e,relogios_presentes,123.43
8281b348c92d101d10c17e412b99d748,beleza_saude,123.4
f3ce47ccf98da2906f6b8b1387618e07,utilidades_domesticas,123.37
5e485a77230bcac5c7506a77a9f71267,cool_stuff,123.32
42ca857208d059f51c317b503000c385,pet_shop,123.32
bf4ff42133c7bced3bda24a521a5e12f,utilidades_domesticas,123.3
6984b61fd1255c2a7fc3c11ce6d84509,bebes,123.28
27080bc09a8965fb3ba30063cefb12de,bebes,123.26
eb6663ccd7aa2159c1f15e557cff4a3a,pet_shop,123.23
89ea72335f0b688b56ba7daa5a2e98c2,relogios_presentes,123.23
4955b9229e73cd2a3344be9cd8ad0d5f,esporte_lazer,123.23
3e8dfc6cfd5a615318051a93140c0286,beleza_saude,123.13
fbf19c12a50f1467bcae50364475ca26,moveis_decoracao,123.01
fa812218786a729a847c4e1869c4ca48,fashion_bolsas_e_acessorios,123.0
674be5e777bdff41cf05194fa4e8b64d,utilidades_domesticas,123.0
0c6f417a4037ab082ea5fe9a4e7da299,utilidades_domesticas,123.0
81227b918dc751995a7301b5f38437b8,telefonia_fixa,122.99
63c4a70e0a12b4bd9475fca9e9937e76,automotivo,122.99
5a848e4ab52fd5445cdc07aab1c40e48,,122.99
037a23831f142c505b119215d92eaf7e,moveis_escritorio,122.99
9f7878d3613e4e7f43b8a4860267a8d3,utilidades_domesticas,122.97
68a058d125ba1544e726898f0b8c0523,moveis_escritorio,122.91
73bcea4312cb31d72bffc6562f7f7c71,cine_foto,122.9
692ac900c71e8e83e8ff029083018179,cama_mesa_banho,122.9
65ab2b4e40425acec6125e3d48919b2e,,122.9
39af1cd37608a2db10b81fd2350ce047,pet_shop,122.9
0b230f10ac2cfc4c831b825bf31a5de2,pet_shop,122.9
4c1e109ecdf58453de365d217cefa64c,pet_shop,122.85
1c05e0964302b6cf68ca0d15f326c6ba,moveis_escritorio,122.82
f699b297070aa38aaf3de9639302506a,esporte_lazer,122.78
0e2d365a247d105fefc31b17ab8706d9,perfumaria,122.77
30469bb5ea377eae7121981e2f0778e4,esporte_lazer,122.68
c78c6340ae7cb2e130f1d7dd49bd0f96,beleza_saude,122.67
aa36c2127048efdcd47f4ad5b6b68810,cama_mesa_banho,122.63
e947043dd2e144a9039d6b8841200c9b,utilidades_domesticas,122.62
20dba3cc0c6689b10b0a422ae43f45b7,cama_mesa_banho,122.62
605d9e1329e4d2e960090c8da53d9c86,perfumaria,122.61
41c1f03b4d5bac6d41d5f9d2a85389c6,brinquedos,122.61
fc2053a22dde0b067898ea436a86ec6e,cama_mesa_banho,122.55
90f97298579cd20412fdcc9b7a2d4b6b,alimentos_bebidas,122.55
077599a82ee54960bc4f4c941b0d1359,beleza_saude,122.55
ed6d2fe9a24cfdfd0f4c40094db5145b,livros_interesse_geral,122.5
3bf486d35e1a39e53cffdbb457ba4c50,bebes,122.5
1ab751509d2021cb7a5137f1fc99b488,automotivo,122.5
c063e7cfa2a5277de17cde1837399dc5,moveis_decoracao,122.4
821a07e1e2a0382df1f3761ae3cd435c,cama_mesa_banho,122.4
811ea06b526cf16fd375cbabb9b8a99f,automotivo,122.4
0ca16017057f20d572b8c01fcd7c5c28,moveis_decoracao,122.4
33e77eecc23c25a65d10f627e5053617,moveis_escritorio,122.38
35582ccc8dcd2cc9841d257c0506b641,esporte_lazer,122.33
8d070077591cb06503a4933e5050bc69,moveis_escritorio,122.32
3e5201fe0d1ba474d9b90152c83c706c,cama_mesa_banho,122.31
eb2d962076aa9c2485ef20775d7ca6b0,brinquedos,122.3
af407c297ba8ec15891e2d95193203c2,construcao_ferramentas_construcao,122.3
47680bbc62e3aed9ad9333456c7caa32,eletroportateis,122.3
2402257ef60c01379113638864b21035,utilidades_domesticas,122.3
ab255f5e05402d14ba0dc69d530a5785,papelaria,122.19
9bda16ddb772f99c95a69cfd874de990,automotivo,122.11
849bbcb8cdb844f1cb82330de929a1e5,malas_acessorios,122.1
6a23c2eb9acc78f8ec403be9c6210dd4,moveis_escritorio,122.05
dc387d493524242e32ec63d1073e98f7,telefonia,122.0
d442e913f0c7f40f97261d76f4e943ef,moveis_decoracao,122.0
8d4e4bf855847314fb47989bf2f78aa8,esporte_lazer,122.0
8b75356a402f017bf41f1000d514f942,automotivo,122.0
83ddda548094ac28ff6290b22b843f99,utilidades_domesticas,122.0
5edd96075ae7fa289da48ec3b80c0c2f,telefonia,122.0
29d78eec0b549067b52a07635d049c8b,utilidades_domesticas,122.0
ce582863190cb932e8a7f5515791c11e,automotivo,121.99
a8d32fcfb65fc140cd58623a0d1688bf,automotivo,121.99
a1c4fe3ca474066396d42c07b0194fb0,cama_mesa_banho,121.99
23845f8d570efe1e44d1ed2f533ab4ee,telefonia,121.99
0c85b3e0748fdc1a15f227525d317821,livros_tecnicos,121.99
0c174d2242336a2b7d7ccbacfea4ba2a,consoles_games,121.99
c7b3b8509e06ae21abdd78b541215cda,perfumaria,121.98
d5d6b56db7971e5aeb2c676fa9821d65,cama_mesa_banho,121.97
d0b9d3d449a97f582b325f11b512bfd2,livros_interesse_geral,121.92
f7dd5959f7e2832eb2acbfd9c2e2af19,fashion_bolsas_e_acessorios,121.9
b0e3993f15923db74f7aea09b8043717,construcao_ferramentas_construcao,121.9
7c03e2562178adecc404571f7c52db4e,ferramentas_jardim,121.9
607ef4aa416b93fdeb2a811c2c73ad81,cama_mesa_banho,121.9
451a6cded8e41ab174218cf60b53dd2e,pet_shop,121.9
366980848ec5025f19199579ff57bd6d,construcao_ferramentas_construcao,121.9
f8f6fd145cc00519283cf3100477b2b3,esporte_lazer,121.87
96fd15ccf6e358a9fb700ae2fbf66500,automotivo,121.85
30ed2f5bb848bade9d8906ef78dd880a,cama_mesa_banho,121.79
b0528299d65ab35e3ed853f6a853b8b8,construcao_ferramentas_construcao,121.75
5d3a28908289035ee6394b67a15a2687,fashion_bolsas_e_acessorios,121.75
13bb5184d064f9b96e56d241eb8b7814,brinquedos,121.75
256c61261c818dab727fa2a60d8964ca,moveis_escritorio,121.74
566d15b940c0d5e7a0a37c82b8ce353f,papelaria,121.72
7bc34251fed67b7d8a0251d7ad8eff3c,esporte_lazer,121.67
68a00c2c89cc59b345242ac379ee4b26,esporte_lazer,121.67
96d80c8b6c6545a30eb5bdc4961455f3,eletronicos,121.64
d4a56b9816c864d22d8b40c16999208b,telefonia,121.63
6d1d611877ca6fe8901e27ea00df988b,brinquedos,121.63
01d15932271068f9fd1f369b8449cac1,cool_stuff,121.55
9613dd0d7c6c50922dbbda403223381c,utilidades_domesticas,121.5
91421c5de3c0cb822ec9bf05f9220267,telefonia,121.5
b47865eeb745bcbfca95513b46bd977d,moveis_escritorio,121.48
a5e74dc2d01e8b9df1590c7160358273,utilidades_domesticas,121.46
0f91b6a95a57a43203a9b17de98960d9,beleza_saude,121.44
8d219c7aa1a8032569bbd8c4ad515daa,esporte_lazer,121.42
150c699262a053229e89213dc9c358d2,sinalizacao_e_seguranca,121.36
4293865e4ead3d446609086b4cfedb4f,cama_mesa_banho,121.33
3d0552899dbe2f89cff6197aab33fe99,alimentos,121.3
bc0246e1fa0a21cfceaed952d3e9cd38,automotivo,121.28
363a742635cc645c207ce8102de9b837,moveis_decoracao,121.28
72af228db018a06518f1b2a8c070a2ac,livros_interesse_geral,121.25
7e646f7e1e428a1ddde5a18dd9d42e95,moveis_escritorio,121.24
1be9a7b25f7ddfe1dfda88b9b64f595c,relogios_presentes,121.24
ca169d8dceee80e88508bc636a2aac96,cama_mesa_banho,121.15
b840f8eeee0b143a479738d150115753,perfumaria,121.15
944a8fa6055b8213f9e715720d4e2d5c,cama_mesa_banho,121.15
19c91ef95d509ea33eda93495c4d3481,beleza_saude,121.09
dab1da142d5a95b9200cef4675a3f9fa,esporte_lazer,121.03
d9bdf643d95cb89844c0da1a0df1d16e,perfumaria,121.01
e90ed53e840b695011804e816dc3bdd6,utilidades_domesticas,121.0
a610552157e4317323f1c23e9c51fe26,eletrodomesticos,121.0
a10eacab1edd5f1c174e6f278030edbe,utilidades_domesticas,121.0
92a73c1b226e585ad9d74a1b8d4e0faf,eletronicos,121.0
7192c6fea73bae6687d1b584a551376f,relogios_presentes,121.0
58bef3ad35aed45b92cf03510e6cf5ce,esporte_lazer,121.0
3db8ae718c645f8d0de8d1042bd9acd6,esporte_lazer,121.0
3820a5a6c03c2c5c4bb17716840dc328,relogios_presentes,121.0
21191f1db2fabc46b8ae34857a3b130a,esporte_lazer,121.0
d66815037fba03ebe1e3bcb9967723aa,brinquedos,120.99
d31224bf90ec7c6f8967f1f365105a35,bebes,120.99
d05bb6074b45c20f7a516c239c0a1c43,pet_shop,120.99
b343cce43d6f08fe602d2892b106ad59,moveis_escritorio,120.99
62ff773b2194b8f9ee2e11c6da69730b,informatica_acessorios,120.99
e8288cf2d07e2b1b0b889132fc8cd8d5,cama_mesa_banho,120.97
c201a862c6018d402222594d5229c613,automotivo,120.97
8e7a3ee016b12c87b5e3e7e717620758,industria_comercio_e_negocios,120.91
fbec390384fbb8d53d97c29a5bbb26ae,agro_industria_e_comercio,120.9
dfb471e33709aa5bd232c625d505da46,brinquedos,120.9
db91d5a3b20ec0804d7608ab608bea95,utilidades_domesticas,120.9
7931ea69470092f7eb4a395d6360c0fe,brinquedos,120.9
6acecf7108cde510886d761f5d107fe1,papelaria,120.9
2c71e9b9845634cb1ea6285a8f3cbf50,eletronicos,120.9
2c1b63caa55c07dac2ed3b6167bababd,informatica_acessorios,120.9
0176300ac9900e260f35fbddd71c6d92,eletrodomesticos,120.9
de1dab31e5f3737cd024f5fe44743fa9,esporte_lazer,120.87
cdc67f292e1e8ca492ec7b16ab5bf299,cama_mesa_banho,120.7
e24f73b7631ee3fbb2ab700a9acaa258,fashion_bolsas_e_acessorios,120.67
